Gene_name	abundances_CH2879_noINF	abundances_JJ012_noINF
B2M	7740662065.46767	6483376845.16597
KRT10	2526029237.525	3410889048.76259
KRT2	1999108968.28248	1532924043.31598
KRT1	1666580309.47805	1581502266.70807
ACTB	30453797924.7666	10770079975.442
DYNC1H1	1781043534.16144	4291133293.6944
PLEC	1593995316.50002	3587749320.04642
KRT9	560159295.520973	1065912424.91209
VIM	19890095946.4273	14797072832.3303
FLNA	29168697569.4326	16536792973.207
DCD	859114283.428048	1358531995.16199
PRKDC	904703148.1953	1833828486.9014
EEF2	15315830902.4359	30305509725.5101
PRPF8	1423651488.99628	5947315478.02541
UBR4	663052818.026211	1666716692.23187
FASN	4629505129.65024	708468240.2943
POTEF	11309074.0480467	552146982.539054
CLTC	3538990325.76694	15918348006.2299
COL6A3	20134497511.7656	8104054388.22988
ACTC1	80074316.9801946	28829480587.8176
MYH9	14188696394.4381	1320827369.39407
SPTBN1	5263060018.75349	1889685972.08829
HUWE1	439023424.161517	240883261.720359
HLA-A	580415547.080018	1478626283.79611
DST	817610213.916011	1896663471.05802
RNF213	1128660154.94329	473112913.130612
TRRAP	434420194.227194	1319706521.49608
SPTAN1	52945999.2178063	8882949857.19219
SNRNP200	3886855493.38776	7152933531.04684
MACF1	1312874613.6632	1550089669.17761
HSP90AB1	667884194.459779	228082088995.348
HLA-B	13313539107.0708	329094890.245566
CAD	278305243.205479	7952708872.80417
KRT14	36061518.5045479	60692307.5053938
EIF3CL	4428617850.89656	43271806584.1546
HSP90AA1	56952420.9182649	4556597630.41441
NOMO3	993469848.054983	3177386557.10649
TENM2	1557905791.07441	1152807757.65497
IQGAP1	1273145444.62799	1657493022.22973
NOMO1	3381618.16934181	23874822.4800611
SYNE2	119983907.97081	1070991561.08648
HNRNPA2B1	324775572.083383	344017839.922201
FLNB	191210948.805851	283610298.774828
FAT1	196419783.071882	3783739410.80735
MDN1	790825914.560508	830722983.949327
KRT17	442870.212296995	1268269.2239476
AHNAK	702259723.932144	872518546.690175
DDB1	234119010.905234	2430561975.98616
CNOT1	2510159109.5545	447341200.389426
BIRC6	518039232.057088	413000672.028523
HNRNPA1	488641260.956533	161429723.053251
ATR	144895987.979089	1954948405.98509
SF3B3	1159503867.65086	2086939717.09479
PKM	1646072441.69359	1126982676.4551
CCNB1	675985049.336147	19172607967.7017
COPA	845133233.909943	4269428649.78955
TUBB	561476326.751818	181315471.430602
COPB2	191707482.800918	3922137285.22814
ACTBL2	0	0
FLNC	1166774512.1721	17961506.5210593
GAPDH	151881902.305216	555318852.206906
TRIO	155147117.971242	473607759.387623
ACTN4	102852147.549692	2560849295.54337
USP9X	434501080.754916	685009928.313857
HLA-C	87000424350.5948	1176629.65935364
TLN1	1556222336.59066	526858878.567837
EIF4G1	18399837964.1879	3571955060.83611
TOP2A	5949262896.24212	4037951087.24753
IGF2R	660724532.212682	638670396.562639
EPRS1	5611730105.39185	530488601.377665
IPO7	514214241.004647	367995299.848449
SPG11	620922791.815384	1035073296.78107
STAT1	69579770.3709976	942763825.813298
SYNE1	1067405771.73282	229526771.952259
RANBP2	745394586.828023	1642182912.85986
COPG1	1220659704.15423	1210411282.20178
KRT16	0	0
EEF1A1	15572834271.4647	763755819.11513
ALDOA	1185558610.4197	5864853300.60498
TUBB4B	10485885.6536245	5316292.19136033
KRT5	47298898.1463429	105408980.996778
XPO1	1097320052.80276	2851558616.77196
INTS1	4238061690.10391	635956283.369064
CTNNB1	1388453969.4448	1219998561.28761
NRDC	3828022060.83394	444775316.980234
POLE	186042529.785902	181595583.19902
UGGT2	219200364.917201	529357886.171978
NUP155	505900589.560096	1033887174.70709
TUBA1C	535631580.306278	737132017.270022
ASCC3	32153266.4727318	576351998.313854
POLR2A	4988391874.90284	325751762.656812
TUBB2A	0	0
ATAD2	65241842.8703948	450855720.89642
EIF3A	159965066.544924	365769941.462051
0	1162905153.74272	9298542719.74499
NUP188	187910504.609741	1478581048.62292
SF3B1	93757075.3714865	713267166.77274
HSP90B1	103909914.528107	838808233.834267
CLTCL1	3125941.48782173	145057796.832724
HIF1A	2692940927.18332	496062500.60923
PARP14	12717584.7801248	168245445.764798
KRT12	0	0
DOCK7	313214519.76304	113350216.059029
MCM5	273687671.165679	2623237125.20016
ASNS	864929851.965479	2163543138.16987
ECPAS	714519242.724707	802844994.915659
PRRC2C	2645418022.75257	691074745.823666
SON	8070630944.44613	74789331.0889721
PARP1	617836534.757516	11130524672.014
MOV10	596865167.477325	788513815.180345
MCM4	261165688.245564	380663259.999788
NUP205	396931317.592175	2654295868.28431
CENPF	372553598.478746	523787170.696658
EMC1	587615682.396264	1251483536.20609
ACLY	1039563508.10885	975379709.504605
MARS1	1404100305.65126	260445277.214872
MTREX	694079231.523097	2847719422.97623
PI4KA	103576129.498609	659559824.49084
SERPINE2	137118596.579978	110063580.413664
H2BC21	176692639.850217	2636122394.29509
SMG1	130756800.408271	277079672.840721
UTRN	608594042.981316	322589503.153899
KRT6B	0	0
TANC2	164790212.212667	130533582.571402
DHX9	2786329818.58495	545186963.578912
MKI67	238462838.046965	6752386474.64943
MYOF	149679965.043873	2573672018.3476
MYO1B	1478933718.58113	218912902.981545
PDS5A	722414108.980913	1553463180.95781
CFL1	57948594.979806	1128890681.06159
HLA-E	2473179.593182	1478810167.86346
COPB1	1855793594.64418	408852973.396801
ACTN1	330440035.013922	155826668.007465
NUP160	766022107.889849	480732273.663072
ENO1	179162744.750228	2043398177.28141
GTF3C1	4394953276.42983	1266220863.89263
GBP4	44657228.7421266	5244637.48878917
COL6A2	671487844.046892	157427295.699529
URB1	52441222.9025362	330570873.184857
RRM2	15635467805.378	11737176363.0592
CHD4	105336436.494915	1651972855.88541
LARS1	105828107.732163	4836218096.26303
GCN1	106918779.615584	2566044910.17024
PIEZO1	475215386.975211	205447602.982785
PSMD2	17815879342.3559	190424868.97161
TUBA3D	3754104.60953145	31737798.1882959
FN1	12246798298.4831	409033594.580112
AQR	621415224.171557	1116771881.56921
RPN2	3094412348.95478	774458537.030152
ANXA2	597392108.483648	18311818097.0544
HNRNPH1	191452289.098362	876225567.328575
EIF3L	8782887.95369148	441245773.268667
VPS13B	1757841765.55367	805811736.217713
RNF20	83750506.0443057	5782853989.11992
RRM1	4852106388.43965	2901424148.67389
GANAB	995558738.877327	648238016.373589
CCT8	624616108.000279	979368342.362074
IQGAP3	1290755166.3646	361618711.410127
ATXN2L	315459781.892674	702540283.859233
ANKRD17	2011076185.43119	404567410.407613
UBR5	704124865.858113	470245429.212826
ASPM	1212882905.56373	303810593.802496
POLR2B	323571022.918624	1109530208.39025
AP2B1	689994508.858318	2692230501.06059
UTP20	41282340.5967495	413025710.586659
CDK1	118444430.550752	4779769486.37884
TUBB3	31358507.5335559	11896418.9740711
ROS1	8176476.76283784	25537996.9607136
TENM3	2655428533.1339	168754087.157109
RARS1	180032603.97441	12193258720.2979
ANKHD1	825600807.651308	593810532.201161
RHOBTB3	3442160101.2198	111963883.128232
BUB1	8908661.20521763	2104175677.43413
H2BC5	0	14800492.421991
H2BC12	26578037.3252677	3000540.07881899
RPS29	376564424.527625	69436251.8800628
LMNA	676843109.421444	1115487887.47995
RPL13	40627192350.2594	4628145466.82509
MCM6	16349892849.4499	97655975.3661068
UBA1	2013846674.64189	151925434.955351
XPO5	3065981772.40295	176632506.922573
USP34	168054046.357103	494875363.677286
SND1	2565248049.0775	1681950057.70013
UBAP2L	159060800.354321	1650387455.8864
LDHA	6532711.95990965	1860484862.00428
MYH10	369844277.156209	18915969.0436618
CTNNA1	649993665.554683	6549878494.98598
HLA-F	7082303.48946495	29990147.3718207
DDX24	4519575482.08117	111764894.393454
VPS13C	145462625.91748	190465839.788035
RGPD8	21055501.6732743	233803901.34151
ZNFX1	233778577.368969	473581642.040128
VPS13A	702018044.40716	348282772.471485
MCM3	88172746.9568603	483224145.032217
H2BC3	0	9480580.55445536
HSPA8	91294455.0542179	1074681162.986
PRMT1	57310161.0584867	19594480808.8564
JAK1	243360563.41203	683482483.373189
FRMD6	1845183029.39074	623881463.770085
COL12A1	3685351448.13114	105894588.841507
CAPRIN1	294656650.416958	1320774772.85308
UGGT1	449011818.140891	115272385.262714
HEATR1	99065387.8255862	820395295.849535
FNDC3B	4490201943.89924	434553935.311844
IVNS1ABP	144236424.26731	1380726410.13751
CKAP5	323311398.614097	536832035.320985
AHCTF1	1254135355.50576	170549305.678372
EIF4A1	283653052.929907	1141924423.13464
TNPO1	395933547.982304	874624861.756955
DHX15	219398803.701649	456734507.597803
SMC4	827664889.558077	968135030.012038
MATR3	412865140.202609	929861234.25943
EIF4H	8581557003.37338	28372927.9001095
IMMT	186116732.391449	2050143218.5956
TRPC4AP	3926968177.00316	615666031.277095
TOP2B	205914405.708913	249897606.347029
ITPR1	241785736.961191	276317631.174121
CALU	53947845.0137079	25953633.4275494
MSH6	625460963.471775	324937526.947281
USP11	73923201.4081337	1584388607.68475
ATM	142942738.871319	910503000.230108
TPR	1127294495.19653	177603564.18192
FRYL	44114925.6999738	290333088.367725
RIF1	400180100.607022	774592443.440592
CNN3	903699705.393625	274747297.807552
BCLAF1	2023853778.39329	344103008.2547
NCAPD3	328607217.2868	1081979162.81002
TNS3	4126890611.20062	613534283.630434
PFN1	111868965.225202	273289074.529413
MTOR	259786938.481382	206217933.61488
HLA-H	0	0
WDR6	306112210.256752	5851037966.32699
FLII	406756985.688652	4765483780.07193
H2AC7	162570947.657629	290690572.858872
NCKAP1	138248324.029001	406219434.507793
KDM1A	548394559.082882	619256723.17899
H2BC26	359301765.216076	216743054.255785
EIF3D	649535941.270221	2072259614.33735
TMED9	24926694075.5121	7349992864.35256
ATP5PF	1060062572.62147	796196228.641129
NPM1	510062090.269249	58179263.771376
IFT172	634733900.1759	1071769282.66691
TSC2	928603666.534992	2203510506.3866
KDM5C	123162851.736976	110458091.605503
STIP1	118010634.570795	192561370.196419
MED14	124475813.941603	37836863.4872095
DDOST	731303057.795304	6116545396.57313
LRP1	231721899.793243	429332156.456772
HELZ2	665972858.489175	79929065.1434377
CUL4B	540451456.187847	596247001.20485
XRCC5	1272578638.80697	530226373.122843
AP1B1	13242361.1549667	172120486.711235
CCT2	5634717.87122605	9469613064.7576
PLK2	350219777.193693	1438421002.86119
RPN1	211574201.367319	145442031.417271
EXOC4	997329001.938023	432068134.354712
TCAF1	2526057584.98909	5941934988.94724
DOCK1	29317313.6474741	291813522.808891
PGK1	410500815.379231	348618245.405608
CABIN1	105806728.479747	438304237.966611
NONO	673797246.269211	401604073.19778
MAPK6	453697607.909062	737900749.139135
ACSL4	18732090265.649	2727419981.09148
SRRT	2823020595.3103	68713457.794025
LAMC1	1234922089.34086	307189882.875868
ITPR3	9924614.1306378	458101683.255672
NCAPG	272472016.9172	1946071656.03216
UPF1	569276364.563723	1036081015.79886
PPP2R1A	26838413.5572986	1324742601.40992
CIT	349992955.12666	1607919915.94496
DNMT1	2772948613.38512	2830040290.17521
SYMPK	942125670.798997	122548424.161692
GOLGB1	9992706.63197094	202141440.75443
MON2	68260877.3763258	469753217.832406
PRKAR1A	731369816.575705	315705777.88923
SEC31A	11214275.7955886	1075914869.92587
SACS	270575457.793112	49372469.0252265
DOCK10	147398837.398151	244302425.321831
DIAPH1	28897775.7785948	615663694.503766
STAG2	325418413.296676	43108800.9226999
VPS13D	34023360.3247272	362759653.127914
ARG1	13597699.3986443	77706224.6120312
CHD9	465112495.143018	799106550.392279
DYNC2H1	105262455.81667	123712580.555657
NCAPD2	38474085.1665294	876131763.189409
VIRMA	508562053.955965	348947576.062317
STAT3	331615578.873563	462023330.180918
USP19	506795289.411601	518453049.682835
HNRNPK	4769842184.67748	7051105396.9077
NUP85	63723016.0818578	164898800.345586
XRN1	16619212.8729362	200394223.608295
GBP1	26372801.1511942	96626181.3500642
NCBP1	227570884.176494	730894183.890692
AP2A1	599617085.967758	31395722.4089485
GPS1	411000346.165919	205321653.53047
TYMS	7448555671.95155	357851712.671063
PLOD2	410980603.528651	373507669.053177
HLA-G	0	0
MORF4L1	361966174.793072	596065422.879192
TJP1	3738072042.61876	334390431.586411
SEC61A1	51288163.5230822	475943800.717553
HNRNPU	1092438007.348	1794173922.2822
CCN1	34829181.1059942	0
HNRNPH2	107786594.67446	16926649.94577
SMC1A	98535092.980557	551907259.067875
LONP2	145231923.652149	2941339618.74997
NBAS	155648793.812549	183549160.552699
CCPG1	15994184685.3232	47579227.7034047
KDM5B	584205298.132067	109733433.596077
CYB5R3	69157576.8211656	9376305.89418721
GFPT2	908192540.598683	70474754.7787096
RPS19	372735206.318277	1826507772.21293
AKAP9	731213675.029241	103917240.907711
ILF3	1801719244.17978	116302479.138353
FTL	176174468.512484	7364794739.58925
HSPA4	366288953.489256	301349213.354486
PPP4R1	31375011.6938009	1504780833.68186
POLR1A	216245820.338949	509718333.292653
EIF4G2	571945861.913959	539696899.385776
ITPR2	44733255.1180408	86740067.9357657
ADAR	1113688828.40539	670379012.885747
SHMT2	472786445.469422	1040211248.76524
ABCC1	31325129.6816711	261718259.169824
RAD50	18616942.8977043	526440260.354496
SMARCA5	1877118597.16699	105402813.840282
TXNRD1	66755860.6725885	497819111.031097
BAZ1B	1607141348.73508	1421550155.47069
HTT	86129766.9862729	190724994.347263
ARCN1	28966452166.8425	3573675261.1871
NIPBL	1154618025.11529	41641207.1889636
HK2	211347227.25679	522875211.957817
HERC1	357617954.342017	51963345.4671075
KNTC1	147277442.225612	318866415.148866
PCNT	137905972.866504	541574266.33816
SEC23A	25368665.7415697	1711678785.87888
HDAC2	1210292116.7359	677558579.674642
AKAP11	119697824.032471	85407255.6679494
HSPH1	53152891.6696385	355342586.732498
NCOR2	760590763.152153	36866882.042636
KHDRBS1	21586181.3120967	106613819.181714
MAGED2	1345135620.95751	555249081.34507
NUP133	371057127.647171	361718182.652613
COG4	573918275.934412	658435047.155643
EIF4G3	643000667.526066	312419898.606901
SEC23B	2926270053.05156	1725744791.38967
IARS1	168371614.85283	42171983.5618436
CYFIP1	1404281872.06149	546913745.018594
CDK5RAP2	19076569.3555821	178304052.86576
DNAAF5	1341101452.88661	739107713.908191
VPS53	43489588.4868673	462873028.928051
KRT8	100106.585160402	17413546.2377471
HDAC1	8014192.48728694	2762418.44390829
NASP	4833444.51839083	627222961.373708
PKD1	487051237.49536	331173459.007581
NOC2L	783063.134163258	283074366.541766
EP400	43488728.4893374	281076726.956371
TKT	593676560.6604	38358973.442306
CCT4	256932077.39669	838671405.23536
ARHGAP5	51755608.6418146	241868721.498475
MED12	438349303.054856	957451931.944537
LTN1	161709355.306627	790130428.435455
NOL11	67845183.9834546	3876287378.4115
NCAPG2	163058619.076883	1850528423.05561
PSME4	96680123.7583363	1952144822.79421
PTPN14	303750401.625166	203056363.405102
ITGA3	1076266065.1401	8424120543.41358
NLRC5	28835753.0067703	112780232.084491
MAP1B	2753968333.23106	1112369020.49267
UBR2	68930669.2104815	797356508.930985
KDM5A	33122260.8509267	127740884.937335
RPL6	41848213.5945073	58029946.5197213
MARCHF6	47573862.6038794	832860618.580462
CHD8	245371418.324183	86381567.1876321
NF1	13149729.6946666	101835127.783019
EXOC1	55159875.1947817	2131304462.5453
DCTN1	50732025.5960787	367890142.526218
KRT18	9856970.15618794	1923072034.30231
FADS1	108357607.18754	14446479.9701805
EEF1A2	2057316.9513763	0
VCP	1564063381.6625	150958044.114245
PSMD11	7299721.67784443	196126789.565744
PBRM1	50235855.1318549	16873853.0759728
HLTF	2830820452.95516	216949000.118424
BUB3	337584076.586822	1586746049.42762
ABCF3	11325032.0066385	1369736278.29575
PTBP1	1121997160.30841	231281864.708651
PSMD8	1502715884.16267	76880176.6308785
VPS41	236551759.919258	4170704411.74861
KDM2A	369022150.872889	119324675.019139
INTS4	23000280.9648472	510744068.105275
DDX1	49072082.621441	348389665.849474
SEL1L3	320936896.050054	187697555.184991
GCC2	23242264.1356485	442928068.250021
SOAT1	191237480.159374	128031817.951118
HECTD1	361236962.980029	553584257.721644
EXT2	268728169.401892	1909338507.77516
SUPT5H	95081774.5652154	3932144125.14691
KNL1	1377985661.5903	86889154.8864355
FAT4	138538562.309442	298084672.343777
TGFBI	294384448.792395	54573055.4786194
UBR3	230765641.592415	453620618.387218
TCF25	1143954096.7733	1451772034.60041
RNF40	15046005.0370723	234445948.971219
CUL7	1437927967.28713	531924429.775603
SPTB	2184718.5238551	18109495.9226347
NLN	56174374.4282049	856117329.640429
G3BP1	292181376.012398	2734862806.77798
SKIC3	216458111.732861	220638105.244996
WDR1	64256515.0109757	170314597.993845
CPSF1	62472351.1262899	658342028.244023
RPL5	22616015.0034832	1538125623.55126
HSPA5	418728068.886747	338743031.966953
EFTUD2	118527855.532313	455514628.944566
KIF1B	16892262.4909843	547668101.790587
SERPINH1	94982301.6124374	1709352259.80686
0	6341419.2238359	540961482.093024
KIF2C	167547830.101064	138496726.322192
MYCBP2	28424360.3413531	220263632.950624
AHCYL1	1602676739.18747	4742661489.29219
NUP210	2253583252.01627	2721851.10028055
CLPTM1	21803412.8738184	243546211.170443
SMARCA4	74305966.1530177	246423535.119822
RAI14	166867843.151103	70923194.1599535
HEATR5B	408405622.679042	218343924.336732
RPS3A	166660515.413163	1340830136.23616
PKN2	558900592.072237	277218428.841027
PALLD	258646108.80676	2297627007.20889
SAMD9	44137097.7659518	6412836.42176137
BAG6	227640637.178984	174356252.112726
AARS1	1721917306.61877	160979918.252865
MYL6	100748429.880766	6216780080.04087
DMXL1	121948925.919963	100301283.938138
PRPF6	494700128.335807	627435840.566112
KARS1	191592206.163132	1172766023.16631
SMC3	643765345.929125	339037403.491908
SEC16A	616660998.083774	140165022.044647
MET	17751675.6302524	728785828.801934
TBL3	3885476323.26403	198895041.304195
LOXL2	15894466.1694634	836194909.438571
DARS1	16795451.5007061	869357394.044651
ACTR2	30022032.6903629	3082623959.13578
SEC24C	460050044.224874	287665545.847178
PSMA4	14586776.581712	102331326.152849
HCFC1	246235249.831339	118174539.502836
HNRNPUL1	148427416.580359	419248597.017554
CSNK2A2	816028205.061756	576579420.919157
ZNF292	10786704.1441343	597660958.972179
SEC14L1	111227851.55089	5293812115.11713
MACF1	16044136.593872	37010092.0641678
ACACA	73532482.6856999	373318134.95603
PLXNB2	87622539.1901273	308945683.283214
UBA52	984516605.001053	344270928.444615
MCM7	188529460.329395	561199978.271788
SFPQ	213596359.5032	658146618.329415
NAP1L1	18439760.198279	39777822317.4037
MAP1A	357671647.690462	120364904.179081
H1-4	67281583197.8674	25055095.2694538
MRC2	192541608.325939	172127461.532372
PYGL	4455078.61490904	8170839913.46511
UBE4B	42906458.7119471	200513924.365435
HNRNPM	952274102.041641	1564010371.22277
COG1	129596925.931376	355941059.322006
BZW1	3135760040.50458	828013107.68729
PDCD11	252970192.181215	217945436.475875
RPS27A	0	45498603.8327646
PLCG1	25339086.2881387	512371420.31625
TXNIP	17711812.4235488	887666894.430449
MT-CO2	9023522493.83581	1951169422.1851
BCOR	11434470790.8278	221929501.839953
PIGT	7658252053.63633	376350434.344466
SPEN	127538979.585699	71691719.9532591
TARS1	1223036258.40383	679408809.381741
GBP2	42964132.0903756	9283549.7702866
NISCH	165561619.901471	275177922.176372
HNRNPL	474925441.993074	7468751899.45058
DPYD	383920355.50704	140095212.652233
MICAL2	186335278.369376	150207400.882268
NCL	171487124.01914	107002258.75412
TLN2	2046734.66518643	29306048.080813
COL6A1	941286239.094138	179274187.660548
GOLGA4	235323378.598209	308614299.733112
PPP2R1B	0	46693259.5262281
YTHDC2	381877687.831341	289186150.368351
CSNK2A1	907681202.677413	962280942.220382
MED23	240957442.475662	968470310.312236
MAP4	1277924747.72386	211936042.298434
IPO8	85376942.0977275	373169628.619851
HNRNPDL	177943458.38826	16358513.1857198
MTHFD1	24526180.6574452	900297391.614607
CUL4A	733215801.143045	1913542005.66344
BRWD1	491522211.319938	33988059.372978
ERBIN	678865310.489261	421480672.916269
PRC1	27888106.880504	366559988.955611
ATXN10	633587690.935587	1960657193.33462
HK1	17449686.9801876	1268188482.88749
PSMD1	33503075.2015941	2743516676.81517
ECE1	59089445.0983742	81833493.525727
SET	70636972.0911042	65475551.8490919
CEP192	264981307.599932	208587175.891764
ITGB4	330109.799444624	2277074.28289159
VWA8	163370387.481208	30277606.6432051
EIF3B	248465473.118821	219419249.898397
SSRP1	56272873.1688392	965614861.823287
ABCF2	1303521383.05014	2038967989.97001
RPS4X	44045827.5012353	607396966.148596
AXL	780163297.569868	557864585.086012
MYO10	5123228637.1676	106087763.442712
ITGA6	125011862.74221	5853269716.57312
FBXO21	16748028.7168388	131352357.693354
0	116421886.566841	184609222.103757
QRICH1	491571971.951939	71919841.9823834
DCAF1	22905737.5377327	500862100.71105
GNPAT	463579854.240791	293938377.331917
HSPG2	6912815.93916143	195059104.772619
ROCK2	12740243.5061575	1861349779.01702
PTOV1	619129864.339681	653077438.777376
MIA3	16966890.3780214	274273176.990511
TMEM131	496144374.873189	295723636.849107
DICER1	192630217.16642	57232754.3478589
CEP250	40570177.8449467	554119133.932467
HNRNPA0	241614849.627025	1171410227.55718
TES	6903488.66752409	1038824964.92028
GPI	182237635.988428	38358510.0944297
UBE3C	63244801.1694073	100996942.726646
GTPBP4	20469030.7357406	232882993.849926
ITGB1	807109721.991438	1270739987.68969
GTF3C3	75131750.1636084	142368036.287154
SLC4A7	17491056.1732779	238683097.403651
TAP2	331500232.554042	40111758.1345767
USP22	1027469341.92718	2156542266.18531
ARID2	417190353.096616	209074618.357074
U2SURP	129769436.008661	447645027.596875
NUP153	223042496.348339	2517554197.40512
PSMD12	2343052564.82313	220169010.430899
RPS17	6561746.046628	5629411237.61134
RPS12	12413516.3475657	69539891.2067621
ABCF1	216698487.59178	321959189.509736
NFE2L1	287863838.637577	667840428.988171
WARS1	180201319.081092	22452562.3780253
ZFHX4	99070041.5212563	117869075.806704
USP7	1105253354.14321	933674215.130295
MYO1C	905787771.136711	348881516.286542
EIF2S3	1125878947.6155	120625520.497491
TRIP12	2900221668.66415	159822596.525989
ITGAV	2540513831.40257	2843707986.46375
UACA	6878885.44950574	293292383.503563
BPTF	112129467.958505	113253713.149095
OPA1	43081492.7248817	59897813.042984
COX5B	390174253.332396	682352872.334663
PABPC1	646519555.429491	489733401.874367
P4HB	598133300.350302	907181669.404105
AMOTL2	113352238.858673	146212727.014949
AHNAK2	109880711.358507	771654354.520697
SBNO1	287680222.30242	243410657.290808
SMARCA1	1204744096.85898	24174318.1137023
UBA6	90429619.7861378	24893110.5026507
RBM4	3955291071.60825	791706335.244887
DIAPH3	1142049863.52311	200818749.52432
RPL3	957123090.793184	228344970.671954
PCNA	2493876629.5457	1284951261.85838
CSE1L	3902917.51568909	3746093678.95672
WASHC5	7723373.52692349	274665545.855983
ANXA1	930757488.031298	1401303648.96775
0	161227274.912574	309380867.946594
RPL30	47922600.3805248	148496982.28369
SEPTIN2	1770586960.6768	891542428.789803
DDX3X	846767310.171865	489119971.687593
MKLN1	1895113360.0143	189250990.720102
RCN1	5034623.00595904	904374349.733604
CENPE	141145036.453428	101458362.907723
MCM3AP	763024682.337497	78856892.9327222
WDR3	548659706.999157	608719206.899264
COPG2	129759880.704061	974068107.053796
CCT5	4430712.43688744	383853346.605772
ELP1	25580207.2548482	1117912044.86584
SEL1L	3984984197.52592	365520974.665308
RPL10A	416349344.397009	2472958756.79541
NSUN2	118378179.912411	2618791386.51065
RPL19	34282487.3891829	23050484775.2174
HAT1	1090103798.86426	326824477.466423
SETX	70521234.9477864	33167034.6695615
GPAA1	655477211.65839	151266917.334989
DDX21	2163627493.39503	283805100.617481
OGT	130525573.771601	250332579.907955
XPO6	129295755.627126	334896720.036962
DDX60	15359923.6299458	48252978.626061
PSMD13	587844926.83253	3322555683.96491
PCBP1	1822734767.08688	773011349.522661
DPY19L1	2143005163.54026	83689362.8359191
WASHC4	5007797.40946827	43142990.4909683
TTC3	18276577.7249471	341988090.185451
CSPG4	2126067727.83319	56116990705.6427
MTA2	55400811.808492	39996457.5126096
TASOR	1409080296.71055	1632069590.77659
ARHGEF2	463955831.469453	332588812.70994
RBM22	3823482446.5599	1345144193.68443
SF3B5	46405457.985379	222981888.662365
G3BP2	151720188.713866	245027651.104324
DTX3L	27595989.1113487	161428625.545111
GBP3	9884680.66058747	0
VPS45	87609612.5186106	29072677.4168921
TRIM28	272215151.544884	1768164393.7878
SLFN5	178297609.947086	78521920.3764877
HPS3	387743286.884171	160670134.406286
MORF4L2	33239854.1118021	4619252.9824135
THADA	74048588.2345659	455229058.804995
APPBP2	773227115.78697	93889735.2077582
PLOD1	393149697.869072	199408634.796719
SEC24A	401057803.478289	125042499.888842
PTPN23	31028784.6111923	137779769.662091
ABCE1	20185374.1111221	456324678.024288
SH3BP4	166615355.362031	194971055.331243
PAPOLA	324309579.434616	581043736.935364
QARS1	253716845.863368	342196545.45313
RACK1	9813275.65001371	380524571.436762
SERBP1	72013132.257349	1555683605.0101
DDX5	63332275.1264668	10563534599.2224
NUP214	447917916.566685	77107120.837193
ANLN	442882656.588668	3863104498.60801
SNX14	38568944.1566688	1210617695.30899
USP4	361842470.419181	138031905.507227
GTF3C2	216155620.921018	164704636.177275
SIK2	531055516.919015	2251179462.09216
GARS1	850020719.941797	295949132.212311
PSMC4	5601804682.33928	363469557.345398
TNRC18	415613794.388268	207040551.18731
RIOK3	64271971.319377	173265385.619808
KLHL13	771374106.413546	166298513.327319
S100A10	0	33059484.1381348
DDX41	32652550.0836166	421758319.144976
PLXNA3	603892528.0014	32449337.269639
CCT7	18102966.7215731	526207284.839843
KRT15	0	1625473.93936141
KBTBD6	918898674.007919	88608762.086073
DHX36	210941890.726749	99494383.7987126
STT3A	8521937.3050052	2255169329.78726
STT3B	780886809.00897	1466216493.21421
KLHL5	26813440.0172446	2358245309.54605
CDC42BPB	148099898.974017	341382283.068745
EDC4	130058111.249687	452961307.796632
TNPO2	56328194.275317	34040041.8267302
MFN2	421886331.536485	266435988.325487
RIN2	215375889.337554	500246901.219909
ITGA11	6836194169.91061	29224074.5483814
TCP1	592513026.269209	117343203.103933
ACSL3	146520707.467183	2963049719.74837
CCZ1B	180389111.772317	955022616.232864
PUM1	1675007996.08603	63127342.6989827
DHX29	240424704.768083	6061643.42424465
ATP5F1B	153395416.928371	106398594.572168
AP3D1	25397761.8131166	124791453.373166
DHX8	6723787.12489458	130019825.045903
IFIT3	29390733.5033445	107387683.468937
PSMC5	734486010.396668	69362527.4210398
EEF1G	71275919.6067572	872133567.584944
HSPA1B	2472590.54988849	502916843.416433
HNRNPA3	89879990.8339436	10736873.6272821
CUL1	91056563.9001107	7714073054.19727
NMD3	85116855.1972538	1352536265.67811
AMOT	754494912.772416	121511987.448459
POLA1	443694899.738297	830646505.754879
TUBGCP5	126781673.430422	169150642.028731
GSPT2	84284923.3203656	151505082.075479
STAG1	52331173.2388301	5333712.57975677
TTI1	132392904.03899	152570324.212453
ASAP1	16249784.9383845	287921489.236062
PDS5B	18731736.3797619	108427246.788919
CPT1A	726217473.665544	21252756.5975265
FZD2	3538513901.8565	4301555.76136227
PRR14L	968916250.290619	140163440.834192
BZW2	942986238.489121	416706051.221941
ANKRD52	56590283.3255784	1363534955.9058
RBBP7	1019321.63529856	44538734.025183
CLUH	161602061.896061	186248459.508309
CDC27	23957061.2780196	613785976.05487
H1-2	257254085.968069	98664446.1388002
TMEM214	3663739473.53926	652609612.071974
PIP5K1C	185420547.142826	122316947.68021
APOBEC3B	4979316.40565526	6822572351.68037
ARFGEF3	188688363.494932	33524973.5894374
TELO2	1142328572.8109	306206541.374579
TRAM1	694910257.80242	25459082.0288407
NUP98	56006243.5991098	265195636.049023
ABHD2	65287313.0072746	97143485.4084548
KANK2	579457295.928499	135698124.880351
PSMB4	1112779082.10492	31545907916.325
CHD3	14187392.8790297	37706490.4849925
PDIA3	164667777.351435	423385087.467323
CTR9	440064567.209768	282019672.363603
BSG	469923862.305572	5506396019.59342
EIF4A2	0	8523706.27470821
PARP4	813323268.618241	154447330.034098
HMMR	104868456.586667	1139285997.96355
SUPT6H	208880129.712812	553905170.807681
ENC1	1329570510.63189	496047072.961909
DNAJA1	1303619923.29298	26079769.3074022
HNRNPC	54593648.8662007	960377859.568893
DOCK2	22267418.181843	122710662.499021
0	142265986.290814	282191905.415798
PGAP1	36098883.5461785	10506654.0149638
RDX	414978810.290919	133539909.032367
EP300	450600105.983603	375258059.787313
JUP	398941033.709704	9109439.03955489
RAN	253022979.332789	57929364.1713928
RALGAPB	158538522.478764	1806629211.7819
SPTLC1	340682467.286706	405594575.729016
PIK3CD	2450825.95066045	18209124.1928637
SEC24D	84531530.6793484	34742334.7548586
GNB1	8999848.45773589	264341585.822803
TBK1	137133336.997303	30857429.7599182
OSBPL9	37027823.365954	2386359747.96576
FBXL5	265196401.502371	831256672.059255
IPO5	36958237.8266578	539127570.753805
LAMB1	32478772.093257	801946746.254782
POLD1	11942071.8985924	170902143.727297
SEPTIN11	587579882.224497	1286556042.26925
HSD17B4	2876678454.95421	101406167.952929
ILF2	278208873.983904	830754041.575147
MTR	2266192130.8888	259564344.361721
KALRN	1693284.64336717	2203595.90186124
TAP1	447240999.5555	6214344.59770199
ZC3HAV1	157453293.548613	142811236.982682
VPS35	134834881.867845	700475372.46011
LRPPRC	78036013.7318154	47143724.6472752
LRBA	48970711.4644233	385727430.099058
HNRNPR	124393436.591801	230366105.678636
WDFY3	52077733.2681552	196939128.078153
FNIP1	49708600.6207441	648808155.43358
ROCK1	8472981.68468848	87282616.9226544
0	32379527.7316174	143051870.770596
EXOC2	0	776771598.356336
OGA	6225086776.04379	359552205.600528
PSMB8	1051548709.04224	29663753.0588086
EIF3I	492998983.58392	129989154.695139
SMPD4	35767791.6964329	2517865396.68511
GYS1	12181200.8787749	101465494.986264
PPP1CB	401294861.233465	977444687.044352
RPL23A	1168719259.6647	716114614.676305
DENND5A	75710586.4110157	158528151.369282
EPG5	35700507.3182504	204712440.898344
OS9	295010915.52541	168561815.526065
YTHDF2	613755040.254902	24036401.4608567
IDO1	71254329.3310667	11197821.5286695
SMARCA2	0	5013323.1484999
RUVBL2	8247852849.66932	1016159213.63585
INF2	50092647.2997247	442743642.128334
PSMD4	6415435263.38202	611168088.477683
ZNF217	144063828.754914	253379295.838253
CUL3	299099466.277112	111415471.830526
FERMT2	803739.505316114	1126768910.46818
SUPT16H	206341422.476481	1013487848.64549
LRSAM1	168432017.699724	312404715.909253
EXOC6B	997337.347544237	291603250.963882
SPECC1L	1748653216.9202	480924899.323515
CTNND1	157821739.652483	258997048.439182
RPL17	36638935.8414654	152008997.644316
S100A8	30137060.1268393	30304896.4142441
SCAF11	259923135.016731	762990166.459886
RINT1	3038943028.96768	66384836.9144567
ADAM10	2347387920.2541	99367864.5352935
GGCX	171419316.764494	18024911.8462537
G6PD	53152262.7181829	26584287.2517534
TRANK1	2037668.61334017	9147791.50165088
MTMR6	34855618.9702884	25084295.0768226
LBR	590354694.256649	308734369.973812
ZMYM4	21431279.8291523	191564587.974652
DDX17	31163654.6749894	9874497.73577949
XAB2	178431244.12879	699253283.719484
KIF11	52623323.840859	358356768.052742
RPL38	250475659.58894	365244196.366128
USP32	474894964.490199	183127699.354523
TRAPPC4	6596755018.282	4447904061.14489
GMPS	387619198.463082	116610673.463099
DHCR24	215250979.167581	1089869850.47333
RASAL2	169906293.266194	1810978120.62256
DPYSL3	27347275.3650454	145816853.147898
PRRC2B	308547463.76389	183725491.260265
SYNM	299305361.100932	37928641.6747159
CD109	162002342.712493	482678785.924563
EIF2A	1941321474.79095	10427744.5929446
HNRNPF	536380468.537184	103854938.055991
PRKAA1	430257980.337044	30836871.3582759
ANK3	158006720.915188	36315705.3834045
RBMX	1319445587.74639	14636739.5320388
EIF3E	3344897608.46922	350246167.235071
GDF15	6322341346.12653	40484695.9894482
GNAS	4435367.73861939	63442942.3939912
DHX57	4124648.25313623	782360717.441927
RPL4	152294136.981269	188823067.479483
GUSB	53000791.22332	164948545.612889
DNAJC7	115183775.073651	10285233944.8757
SRP68	127870118.748139	130755794.006678
KIF5B	16723751.3617023	519200288.185022
UBA7	11354745.6382352	116294979.075223
H3C1; H3C10; H3C11; H3C12; H3C2; H3C3; H3C4; H3C6; H3C7; H3C8	286772073.818647	89231467.9078885
H3C13; H3C14; H3C15	20913235.3752625	113939613.964252
GGH	238847673.343272	218737228.085339
RRBP1	124938841.031121	271570685.13181
ATP6V1A	28886669.9906241	232708580.034315
ASH1L	362405573.843996	178438089.856091
ESYT2	4353323.37470034	245476583.479017
TTC21B	204952635.794845	182806698.916917
IPP	96432413.4323837	152216448.979381
TEX10	9099086.47200577	141602411.904442
ACTL6A	21498141.5618728	411550325.097773
PRPF31	19573865.8439428	12968662148.1409
AP5Z1	44428251.1201549	279780611.112769
DDX11L8	174875338.753207	520958160.057904
HELZ	149445230.766935	15220891.0267258
STK17A	70922955.8232667	241821299.412474
KDM3B	318776241.128065	99938890.713315
PRPF19	5905772.4416265	689103731.58689
STRAP	31633423.7767522	954931580.970246
CDH13	1339570647.47112	150942643.001112
CSDE1	466099138.543508	39045902.2373292
H4C1; H4C11; H4C12; H4C13; H4C14; H4C15; H4C16; H4C2; H4C3; H4C4; H4C5; H4C6; H4C8; H4C9	24237669.3795474	385083790.678432
HERC2	30617685.8039464	121823454.642242
SYVN1	5897214.14024524	72531765.535776
KLHL7	207981046.890604	167896239.642316
PDE4DIP	2968960.87128396	119905651.318566
ARF1	324319.339926722	0
SLC7A1	75079868.4152213	85758726.8759964
PREX1	99663173.1589703	93996704.2585331
CSTF3	528431072.2455	77292809.3063314
MTX1	567021928.450518	646777860.445735
KLHL9	0	69908971.6555462
RPL10	623283189.841811	236676095.715966
USP48	16773022.5054206	557621904.722137
PLOD3	10443496608.3786	369971809.559485
EFR3A	86665816.4648745	651933427.362586
NBEAL1	7868136.41546864	79499085.5387211
TANC1	1181379.36599119	239291778.921699
USP10	229043899.972309	341748842.952139
AHCY	16234925.5715187	163394660.142907
MTCL1	23737581.5672736	858834480.444443
MEF2D	90685303.5247169	2289817462.42052
NAA20	11244884401.3885	359371620.165377
RB1	51082743.8952398	480399683.708409
AKR1C3	357244045.98046	77770275.7219989
BRIX1	318777681.65754	180487781.176259
HERC4	411349972.583419	587281366.223341
HERPUD1	4167188345.11076	1111493190.14914
RAVER1	2107505275.28301	19605091.0979745
SZT2	202639209.56244	99284026.6021727
ASXL1	112898903.721913	384799567.680023
KIF20B	412823398.922862	594670889.087245
MCM2	38547022.6427477	182906089.362057
WDR26	10314839.2154103	225051322.633123
FKBP4	158481440.955839	28293047.0893981
EHD2	865721482.591684	293258361.046536
HSPD1	86697641.313285	26205778.6140949
TUFM	132361744.954416	212367480.166973
AGPS	258234659.30642	18088800.0119443
RBBP4	4158820.89242815	184552505.44735
CTNNA2	0	22662585.139729
LIMCH1	161878796.785473	986596590.144691
HSPA4L	447917.334287334	16523802.8872534
ACTR10	432062461.237192	39719070.3203036
KIF1A	758083642.729616	18890259.7314489
SARS1	16292135.468716	83034876.9176843
CDC23	1038413357.77551	107124026.603824
ESYT1	322635414.780857	194596344.692379
BRCA2	210815137.724384	274725840.667944
GNAI3	15158932.1794185	79339568.6301889
MYO18A	32201706.5081953	686131625.242408
RBPJ	581517955.080724	29404418.5417007
ARHGAP35	722582954.5641	1142974760.99942
KIF20A	128995317.734861	171358059.052485
MYH14	559750600.855955	0
HSPA1L	0	0
TAF2	338617773.606995	102916407.189546
WLS	283692768.893127	141426340.071362
IFT122	265026842.642758	20996282.4220777
TNKS	1150259041.97164	84813006.2450158
POLR3C	46005397.1622382	153016413.697944
TEP1	184824577.264245	150677078.087756
PPFIBP1	448634494.143944	283184515.543704
KIAA1217	67202830.9816104	47671581.3755196
0	43000522.5044379	507341128.588205
NAV1	276291669.923966	108511675.321674
FLOT1	8193840.16616457	676046388.208817
PSMD3	78919128.2189978	74578161.2791139
TMEM209	637075466.252216	273228346.989163
IFIT5	93481729.9724376	229342832.532783
ATP6AP2	1988967328.829	720928943.906
FDFT1	5795323.97726455	489125757.45052
STAU1	389026182.152233	5588382552.22449
HMCN1	44501489.3961854	31039038.4353653
PABPC4	58255992.7741095	117095309.293364
HEXB	1496151346.23118	1355041584.12944
SETD2	89894370.3545285	494188757.091705
EPAS1	3948526474.78268	200409693.712111
NPC1	9427768.18646907	369612677.418496
CDR2	357443669.561874	428399737.122998
EPHB2	26346867.0019007	347302942.893645
SELENOF	16838434.694199	4412980641.35115
NUDC	1197741.13547357	1994169503.4778
ATF6	399394175.734906	62698970.5050245
PPP2R2A	81862689.1852759	291387282.26746
RPL15	35280040.1593541	100083503.198121
MTCH1	565618133.549198	93889877.772319
RBM14	550416448.941807	40308776.268809
MAGEA1	2622170.87313221	5775666024.10272
IPO9	481889965.491274	179488059.978769
MAT2A	109398981.402257	284037701.753498
TTLL4	20919035.1488284	11083214.2046803
KMT2A	44741882.778113	132841663.737774
CTNNAL1	48302527.8322007	229400729.37609
BCAR3	356841951.33873	456224155.729185
APC	287848192.056811	68654247.4364398
ARHGAP29	234523697.480873	409208682.500414
CDK5RAP3	361281091.516921	218963669.126777
UQCRC2	966275406.324358	7874170.89933975
HMGCR	931450503.65852	874132742.407892
BOP1	530754561.059056	280002891.800077
PMPCA	299757.041964875	296693646.968796
DIP2C	154193327.186065	81204296.8665181
TRIM24	352530091.233672	592834433.909905
UBTF	165662503.51798	27676418.9941429
GFPT1	19436031337.1504	17757608.3381838
PIGK	236714367.726624	73904226.4487931
HECTD4	55527782.7752674	58135491.2080737
HECTD3	20756160.809654	255361780.104996
TOP1	12202064.5812905	333421174.313768
AFF1	120150698.151688	129862296.309657
0	1598936258.01218	44592830.2735016
KPNB1	14236766.2225742	60152940.4108475
TMX2	2680013181.93518	1898636955.05591
TOPBP1	27351034.1962282	75418276.2441637
CEP350	156180191.555695	106756200.65568
SDF4	1349519823.64091	25610700.6172549
ANKLE2	204591539.602884	965016488.693875
FLG2	65351459.4231969	159962258.212482
LLGL1	150013103.077259	83450079.10013
NUP107	139187609.970419	1000598922.40474
0	0	104816926.405294
HERC3	64740042.1809963	66296042.7956602
ARMC9	26426988.8252021	367339056.479408
FADS3	636393.856136788	2463631.65273281
PPME1	122537788.585173	75315996.1383218
SKP1	3172944.59289574	2302140416.20712
MED24	163106666.016153	892702359.132673
CUL9	127766718.843956	123437093.907285
KIFAP3	54764311.3241663	4773564.2950304
FNTA	40210489.3252996	214958015.788297
ARF3	216724105.286872	1691654906.19633
TSEN34	632353669.129396	354581367.572695
SRRM2	744015105.125271	41493199.2617165
CALD1	126191104.6172	75778458.5706471
KIF14	240491428.72218	58712529.5290483
CCDC88A	207579419.42758	65465431.4254384
PAICS	2147133.45849863	703332226.838441
CYFIP2	5002608.88219097	9596777.844395
TRIM25	914030916.728848	32108260.470381
DOCK6	168619289.313237	32155354.7757591
TBCE	975420393.940924	81795719.2720767
CHST14	994680877.648095	789734436.431652
UBE2E3	1435694614.33398	3222166386.59616
SMC5	170515640.568417	36257570.8498307
ZMYM3	175550603.319368	162113646.998001
NUF2	59464329.1042012	311620628.097959
IFT140	120428783.333242	72829369.3973098
FEN1	29384467.5986895	616610006.17808
USP33	21380847.2167234	158700694.672877
CRYBG3	12611154.4634053	35740000.5354265
TYK2	80740339.3337844	88053721.6450835
CNOT8	2268434.60812731	207186662.557224
APP	47890899.4543748	2443485060.39652
PSAT1	915407704.34072	43521061.3333536
IPO11	519410538.976836	276340997.70849
HBA1; HBA2	68789403.5916859	450022552.715631
ATP13A3	438456375.72392	230250064.500024
LAMB2	123321732.475329	119389509.448681
FBN1	1827405644.36676	2067234.08938812
RBM26	21204165.8181588	1144355011.9598
ANKZF1	174923533.208311	46861956.7749462
RPS10	70044597.4257165	596316968.34469
CDKAL1	6773691.91619323	193114694.145937
ANAPC1	1095801736.34079	562720102.766381
ARHGEF1	2111219022.62406	57598834.9042896
USO1	8066116.21333186	103441461.955568
DIP2A	298792757.850182	1246012771.37775
VPS39	34820184.7463327	593519248.548357
CSTA	45830627.7164204	123185129.076827
PFKFB4	71667375.6099231	551888577.543634
INA	0	0
AMOTL1	230321921.311295	96042822.3409036
OSBPL5	25176266.3992894	332438569.982945
CRNKL1	1010604561.85875	797026402.355281
PSME3	92772039.1683782	1174697704.30161
GNAI1	49028692.8099463	127361987.85615
PTBP2	110153448.716785	83491294.1920492
HGS	266002563.047589	7346346.07260302
OFD1	36175694.8445305	40925973.5728384
KMT2C	1312749266.65465	73025142.8419784
CARM1	155880874.688493	131779667.792636
LMNB1	9627944.00929167	295248255.151584
CAV1	22905820.3693917	48237277521.9106
IFI44	159338366.875455	216169478.791031
CHCHD2	24900973142.6394	685279203.275617
KEAP1	40767611.7212832	347328771.787933
SPART	57036993.4625507	362772937.570171
EXOSC10	167848430.73895	282787731.076129
DIP2B	289134715.32746	62021477.3515353
MYLK	74098044.276089	52482948.1785599
ZNF638	141380360.215508	56613368.5695717
MGRN1	730360919.394085	32617145.164578
PUF60	114255328.86878	1202809172.95484
AZIN1	104777746.149011	875950511.919981
KPNA6	193776487.120862	34777066199.6923
GPNMB	630796170.634435	665938811.483365
NR3C1	70070452.6713645	110702406.048923
CUX1	250580987.559258	53990687.2984871
QKI	247042142.918535	333979093.211895
TENM4	13443124.4087416	1015412.89203386
CNTNAP1	1153007897.62217	388558701.329339
ASAP2	8992897.86983019	85355980.086616
SYNCRIP	8468028.94296328	18064025.0365666
FANCA	249326654.869595	43408759.5381269
SMARCAD1	48936270.4681619	20416766.4412775
STXBP3	260362880.877671	938168915.236588
CHD1	742141863.008325	370659066.619707
WDR18	822361741.582861	317092233.178935
MAU2	13969374.4859942	424250204.626971
PPP6C	49906876.5128208	3864431770.21824
TMED4	129239621.41769	199163316.820562
EDRF1	166391647.730214	129259901.193695
ALG13	20252610.2685828	5503113.16267968
IFT81	7238972.3901733	1054816762.70845
EIF3H	25568792.1678936	1286766106.2156
GAPVD1	407989965.383471	77836346.5215199
PHIP	100696245.31424	3767483.62339235
FKBP15	1078538.37667393	59886325.8422903
FOXK1	393145461.536625	264339013.471274
INTS8	190758100.083021	180994441.161586
DMXL2	428408425.153518	14523778.2708192
EPB41L2	212107780.802849	965945910.338969
LARP1	14446667.6663989	503662238.153659
SMC2	119430278.150263	660297022.047472
EDEM1	6384558.01801484	6970467.14772455
KTN1	227770695.715503	84397659.8810825
CYP51A1	2386009238.05877	257912136.733292
PDXDC1	292252565.867928	108339508.768711
SEC24B	263595805.082297	17677523.781002
PSMC2	80377352.3451974	16892286.5789275
PCBP2	844750980.718787	1950543502.18226
ABL2	66519767.7771742	138108329.656703
CALR	9815339.89944824	126432977.073073
OAS3	42171599.5231486	454609544.086939
RAD21	7881664.15672922	687899302.898247
CUL2	2373134.77179652	430409336.389974
NOC4L	115453740.24146	1033424821.86481
PTK2	4107884.98803995	89457504.9079531
IQGAP2	20768212.9686644	8467711.02379608
CHD2	0	614915961.448633
MYO9B	9178800.93439379	34344156.1222193
PPP4R3B	267121464.019027	193041540.115625
RCN3	35200545.815008	15549470.8125935
EIF4A3	108298065.547388	595586480.240438
SECISBP2L	718071323.743386	129728074.486394
DDX19A	82365929.0314296	381461979.607396
CLSPN	47323418.5427686	571229461.575617
COPS6	1044828309.37635	281739012.919609
SYNJ2	67743948.9701906	20815635.7256636
HINT1	516967893.18894	62825303.4476178
PHF3	72268720.926513	92169582.021531
CSTF1	4476956863.37601	97130460.6860579
EMD	269984787.43212	0
SREBF2	2188967929.62461	82033936.2778239
ESPL1	644872704.177048	36773884.5671039
AHSA1	24706045.1459923	841913110.507648
ATP6V0D1	9403281.40126413	99828327.1012123
ZMYND11	358231643.440264	43623743.9142309
RBMXL1	2946526.06611768	0
ERN1	129796655.484175	150880351.165226
SRCAP	311781627.398454	890034972.105258
ODF2	1220245.38984409	141928743.194141
DOCK5	16722779.7262799	463774961.540287
MYO5A	12688812.5563143	44404976.5851809
SHMT1	477069005.309264	954799401.338953
CHD7	435361220.86324	38418038.6604769
EEA1	15437563.7478916	68858340.6609325
TM9SF4	12797861.0121141	47749783.805434
POLRMT	79137000.5873583	73171947.4291337
EIF2AK1	62747704.6268753	109755193.271321
PRMT5	30961295.1104541	57586290.2520567
GBP5	12107516.6511829	26018063.8734571
FHL2	1180579451.20106	26220760105.862
CHD6	2629750.59308509	56246571.0706215
THOC2	27091153.1929662	195788086.378322
AGL	32611821.7783653	235965592.52952
MID1	79041991.2549566	1645890.79751933
CTSD	196906566.394107	692121241.241432
FAM120A	170791132.916868	175659321.740759
SIPA1L1	2996889223.52994	64513908.2459484
PPP4C	115052606.330892	12033044041.7987
PYGB	375528368.371636	92141292.9711085
GNAI2	62479115.9512252	166313302.873784
TNPO3	134048002.186473	56577530.9339418
TRAM2	6347795.63720481	114675349.710496
ABCD3	43614595.1298475	390503645.837386
CCAR1	17696451.548438	159207679.863596
DES	2403231.59459536	136333969.239653
MICAL3	11225349.6348407	24506530.7063895
DENND5B	729032.668994883	60999790.3874784
NFE2L2	2551648795.03143	250561677.89375
ELAVL1	893532697.636086	251937147.175769
ZNF644	39374670.433166	84504269.2853826
LPCAT1	1181634.30382948	111188390.418062
TMBIM6	13678327.9135746	44666296.0539298
SCRIB	129553421.871443	36402462.1572096
STAT2	25850829.9555882	206363149.848551
DENND4C	59508212.2932696	361719805.297798
CHD1L	302896938.698839	173060368.889201
CREB3L2	55078181.1674363	301405638.910577
SHPRH	8070595.51889202	77698058.4821451
CAND1	109620075.91636	21138135.5131283
FMNL3	556392137.479424	80471391.0810757
GSPT1	0	0
NFKBIA	3064468097.49738	18129168.899595
NOL6	97025355.1241812	175897138.276621
SF3A3	51987127.1546659	355140241.796703
SAMD9L	1686455.65408682	16452963.0833629
ATP1A1	31741534.2909244	193997411.299162
TRIM16	277198779.16998	262844713.949894
VPS18	705380877.660688	37717274.3968125
RLF	153694304.043548	137471721.158989
RPTOR	333474085.244247	139354819.466757
RIPOR1	172862117.501318	332127117.3888
SEPTIN7	247557202.673084	30203927520.1913
CLASP1	13754513.6574695	603468817.167117
CEP170	906426036.100394	181732412.239644
IPO4	14234830.9731044	393147897.451657
SLC38A10	742408614.434758	195722984.183449
HSPB1	4019318326.72771	600553458.795664
IBTK	47677871.9949972	142879444.42648
ANO6	182392568.229262	2044809164.29623
SLC1A5	24981881.5753052	187219060.889216
RPL13A	409240888.754418	271972918.096739
NOP58	26503688.9020601	1901826681.88523
H2AC20	46046074.2725053	3157285.16504328
GON4L	189565235.575526	194225187.211992
MAGED1	67037822.8428803	486955934.032439
PPP2R3C	967714855.994465	791440279.122727
USP24	85988889.6083204	136393640.073475
MGA	1663261.31490435	126671462.089272
GOPC	151285296.774727	45569194.8374711
LRRC8E	123838906.448155	79982521.6834609
PHGDH	866204158.993194	136808020.030129
NCOR1	192711997.594944	66080620.7576909
TMSB10	13092570.8227747	136911553.193996
SSR4	476954478.453622	188340558.57703
RPL8	1675740297.56743	2857213211.58794
SYNJ1	460994830.346202	17373750.3428288
LRRC8C	1248045290.8888	115795463.367526
NAV2	115096278.956543	68487624.1960673
SBF1	667114804.372887	127506402.314977
SPAG5	3426307.86472317	389120755.289538
NIN	15981462.6377449	235343943.650561
MLH1	2389292.09051369	85619442.3554926
BUD23	45320112.2560849	1756344545.24733
MED15	41744272.0139381	63587492.7658792
FANCI	1047067938.2486	388081814.573375
ERI3	2722541.27969681	460901371.267158
MADD	110262324.225156	338402341.395005
TUSC3	3840592448.89044	907762159.668852
ATP10D	36928241.1680619	70627382.7711391
GNB2	25922302.4131149	4550543152.05565
TXNDC16	19552554.7573571	244193761.420768
RPL7	2403379616.59305	63916124.231653
WDR11	224516691.848777	57014457.5137325
ILK	8480381.78800781	1427895128.07504
TBCD	30963842.0360854	34581068.2409879
LIG1	50615029.639196	902106245.910141
DEGS1	3785421949.97043	162676698.77966
MTA3	158518776.121624	8042772.94342115
HNRNPCL2	0	107211603.208092
NDUFS2	31767308.4382108	43016508.5261846
TBC1D4	14490736.5983389	62398596.2694493
PRR12	271724266.048054	453748574.195421
PLAA	716852538.192334	165098097.85973
MTMR2	3236244.26445047	260986903.725696
GEMIN4	24458222.8107089	120325039.820279
MED13	9284185.42780116	98802058.1900986
GBE1	116869794.158867	75879547.4369321
FAM114A1	18538632.8909387	266557560.581599
DHX38	1047415084.11568	358496064.133955
GLB1	20233371.1741108	13604239.9774856
DLC1	1815000684.48798	1353953845.47215
ANAPC7	74555218.3223773	1237824159.22428
ABL1	763960398.262185	69981167.1305017
IK	57254854.4492374	650050612.480348
ZIC2	45929476.7854882	13524292.2478782
KAT8	1551212999.3443	204708827.730229
DOCK4	62153463.8111437	134604033.595723
CLIC4	4781018.99255764	9655618977.51512
MSH2	16050597.326332	404591054.159926
SNX18	18860717.1849061	743371012.006511
TACC3	63997227.6819829	428034141.92844
GTF2F1	1485324777.79988	190958535.728763
DHX16	1139085412.3266	63848894.0645327
PRPF40A	5833344042.45234	156596091.243142
FMNL2	7363540.30126488	31046831.594151
EIF5A	7097020038.10941	2834201.115547
P4HA2	6749656.69466266	88032807.1540858
UAP1	2021823.59551245	1690774816.10027
HIPK1	1864335217.21731	47368639.2491232
TRAPPC11	734384190.17889	342770809.187292
TBX3	43436876.1661749	347407381.936161
CCT6A	1620509977.01902	1355088904.79511
RALGAPA2	225007462.795784	8472991.62225151
PDCD6IP	38630179.5889062	7189288169.37573
ARHGEF18	5834870.09527236	573029349.4995
PABPC3	1611630.31353342	10958747.8922678
FTSJ1	296264547.362639	7389248.60071015
MYO1E	28457701.6709938	362903311.162276
CPNE3	578349692.149091	334793784.332519
XRN2	583218446.644914	47765539.2478297
ENO3	0	165234678.289961
DUT	19217650687.8702	287616604.049075
CEBPZ	53756569.2437261	1182634808.94442
MOGS	322651491.059023	47367760.5005725
ARID1A	338039066.661833	76023381.0442147
YTHDF1	68590414.2525937	20596156.7463781
NUFIP2	5772914.99077195	56248122.4494897
PHLDB2	420822511.434501	30253821.0442803
CREBBP	2959493.13391038	20652503.153467
CCNB2	290326222.927103	77937060.3196687
IRF2BP2	1968792940.23939	69365865.5368671
STARD13	38572104.3735633	60238182.882559
NOP10	74985827.26526	240079328.024457
HSPE1	38265176.902723	817546290.64998
IFIT2	0	13227365.6147753
ARHGEF28	205912054.441812	125109119.961437
CEP41	1190630003.11537	700454278.502471
BICD2	36147512.4768612	29873462.5134725
FBXO7	483480353.144006	214855310.948695
CEP97	117095333.24372	43198582.6294054
SLC25A3	1690975348.29039	69679539.5137069
CEP85	77173838.7562763	55597843.2776135
LAS1L	77805996.8829214	316542193.047441
BAZ2A	80928113.6077823	1474255362.40264
ADNP	244328685.787761	13674853.6288398
PIK3C2A	15079045.0662979	67691235.2744802
SPATS2L	17632162.0144743	12214815148.3778
ARPC2	2683035351.00224	60551854.199177
SUN2	3300857746.96967	229030495.290825
RPS11	3737993557.33426	110339411.01622
TFRC	7744189.73502816	66209533.1948281
HSDL1	20613748.4802648	21078350.3430764
SCAF8	145206809.988512	616830442.220279
XPOT	117802277.997544	109727850.129062
FLG	2392766.4294894	16034008.6355379
CCAR2	238235332.389262	52898337.4095479
ERBB2	2667211.19488996	81513735.7036206
UNC45A	11718294.3398713	69050537.6056824
GNB4	1315356.93200542	55174334.3616557
FAM120B	27997096.6629448	117039979.670771
KBTBD7	0	35691972.6573823
UBR1	2700897.8434166	138815484.657986
HNRNPD	25650992.1315429	185670784.795997
NCSTN	64968314.3778593	652234843.478454
PCNX1	673262039.442442	51661631.1696945
KRT81	58577440.5906526	1338430042.53914
BOLA2; BOLA2B	4742642.36868803	11048003180.2341
THRAP3	1848408.42125927	90117438.0871932
PICALM	10073190.8128814	1938209973.21935
AKR1B1	9778914.59598852	21993755.2919283
ZZEF1	52345353.4548346	58794380.1543889
CDK11B	12277380.5381137	3309602975.28531
USP28	21806863.1621624	31391852.8430349
GLE1	1013402425.8305	71911403.5988188
SHKBP1	266840307.305475	130627745.924548
PRPH	0	5350748.6251557
GSN	1560569748.06733	23269684.1106803
PARN	292224347.556606	441826808.895087
ZBTB38	20595388.8838869	410000985.64265
EXOC6	153348140.996708	197939212.379397
PJA2	11014641268.0414	67134591.4064881
KAT6A	769617727.798227	137683397.017528
CMTR1	15722945.3323743	219103263.73579
ATG9A	29038261.2513828	122663169.920129
FANCD2	378142699.224272	43755046.4519633
COL7A1	320836389.649007	45869979.5939807
PTK7	5908633.72491629	367275169.35026
PC	10445797.9875526	32127339.5366144
ARID1B	637966337.75287	8572058.89798789
UBA2	40926748.0119131	376570369.815854
NUMA1	663731773.126205	147122244.337479
PREP	47756167.0112445	127553169.375099
SOS1	47198292.6697692	307058813.520216
ACTR3	5793500823.81322	182355071.385214
MAGEC2	5746212.23583553	480279031.761741
SIN3A	39140243.0092279	140542174.374554
PYCR1	61374077.543662	4061371.10932053
GTPBP2	458109861.427525	42260198.801191
RPL27	32360264.0750358	56653079.1670378
RPS6KA3	11740517.8857595	50100279.3345813
CLSTN1	4552980.76591018	22727364.7680394
OSBPL8	48060250.2929908	5357386.61801654
UGDH	74242227.0618144	69840889.7086669
LRRC42	740588359.136122	64375754.9912453
SERPINE1	13502667.9152427	2345019.05509959
TIMELESS	7639916.453028	127037220.565821
SLC25A4	84018366.6757077	30084417.6147074
YWHAG	241446268.245429	20222367.8481377
EPPK1	194133222.705184	9780034.63434845
NPHP4	61550972.5411084	13266607.4696593
MRFAP1	0	781106232.044929
EGFR	26276600.2715525	333212910.040077
PIKFYVE	122887960.014305	32893300.7056333
VPS16	4893533745.50248	148424406.216276
MIGA1	44232721.5056347	80885947.3644028
CCT3	4245499.71466249	504319492.198765
TP53	2719677325.03199	213713849.53109
MAP4K4	87197265.8443821	122885522.450702
PTPRN	756282440.086485	858792.618107518
ZNF761	27419354.3105898	272116906.107735
H2AC14	0	0
ZMYM2	29349725.929454	29057637.4246826
CDT1	932151819.450429	2635453.73407059
PIK3R4	261110092.262934	39944940.7547228
PLCE1	72437485.4728656	242738721.75179
PKN1	107746597.223623	5523505029.83607
TNFAIP2	35932584.5322666	122264214.802844
KLHL42	102467491.72891	2811022.47269155
FARSA	153941776.633564	81339120.4023263
DNMBP	62804647.8463342	159102596.290504
PUM2	246011629.996896	31633685.946777
DPYSL2	971143791.266194	128587928.678068
WDR47	66566677.3834596	115737943.747715
ALB	5106608453.61113	8964070398.14799
TUBGCP2	11148199.5974037	40831382.6509605
POGZ	146736183.586665	8373792.22433865
DNAJC3	121177962.586404	461469758.797956
DYNC1LI1	44345520.5274405	75099068.7538923
POLR3A	40567192.7674494	250135738.823268
GPN3	1373571.03697463	596829166.006502
TTC27	11916725.1048235	105357424.490571
MSH3	376697557.25701	104996999.70421
PTPN13	472601227.48353	12412681.0964513
SART1	0	871654840.722626
CCNE2	117087533.03926	70455616.1227226
KPNA2	313136051.815159	883154721.521868
WDR82	8860245.36673304	4251641625.70535
LRCH2	17662306.7297859	3622288.71224178
LSG1	10937167.5463072	435594570.938464
SF3B2	459623210.856436	202337571.956303
STAT6	21492910.2399613	422821549.354822
LONP1	177175589.99448	273944691.998118
CPSF3	457769116.089941	367736018.595986
PKMYT1	542368340.619003	370461485.812048
PDIA4	87033244994.9643	186743825.33223
GTF2I	119295717.875578	478038029.89177
RB1CC1	113406888.455931	250369231.936837
TPX2	87927994.4235158	4131086780.20772
HBB	11812294.6460222	18632840.600782
MARCHF7	2441711456.72142	162502494.528948
DNAH11	38153.6611652223	214250788.86664
SEPTIN10	0	741390421.708194
SEC63	15455591.4714848	11483201.718298
NUP88	79724116.7069203	1067486954.90996
DNAJC10	66311737.3315734	538037793.29773
RNF145	134248141.484339	323648533.823083
KIF4A	15751572.7715192	426367004.462741
MPHOSPH10	18692412.2155489	230674191.568773
SCAP	580294699.435349	61874060.4833984
TRIM26	3063936.85494539	316189832.22119
BCAR1	472319449.953998	126432286.746809
UBE4A	5746940.88292732	108461927.554441
NT5C2	532441313.559241	21968142.4303062
BRAT1	109562298.19353	1447339970.52167
MAGED4; MAGED4B	206731506.764217	5545725.72831588
INTS6	55469451.8925145	88337358.4341651
MMS19	5330915.09258459	68410302.8897728
IFI16	269973763.749521	158828675.434376
AKR1C1	0	47651082.2150351
ZER1	39208183.0621777	464044110.875146
CAVIN1	26681197.3507548	36749106619.6174
APEH	74129459.7193227	138835808.217678
RPL28	1305492450.79436	76196321.5257017
HEXA	198791438.003066	22523821.2477476
ATP6AP1	65230494.22444	234561420.461891
MCMBP	439359625.303428	67877833.6408673
DPP8	0	365920615.602138
L1CAM	30699405.6843029	237060940.111813
FDPS	74328105.0445476	235242408.551973
GMPPA	6915102793.3337	79947733.2469699
PTPRU	174269728.68557	95913489.5842094
AAAS	1195302926.26609	780355655.587199
TFIP11	18206895.7488758	501205403.062949
RSBN1	1441087.3497351	0
PIK3CA	495125267.397665	53654548.3500548
BLTP2	15301498.8133791	435437976.352403
RASA1	160991668.519318	747358590.432469
NOL10	9073294.78434151	757686880.517979
GREB1	58255561.1385963	123929660.938732
TLE4	14359599.3968662	88865483.4941543
CARS1	34667617.5398868	71644121.7052571
GART	11122978.69608	453921565.50572
RPS21	18462661.1971685	68884319.3853272
NUP93	1256731974.56051	831000447.848836
WDR35	5420680.85424183	87325096.0359007
PSMD7	0	253240087.648698
UBQLN1	230029470.990753	35371838.8438789
GRK2	208261083.978105	119419113.153825
SMS	1057027590.49304	174938734.316134
VARS1	131193063.303767	213187015.752736
EIF3M	496657536.089875	680072471.25013
NDUFA8	5246740.84983656	49999628.094753
PTPRM	5027995.31172193	127624187.679265
TTC28	807468457.454564	12537549.183867
DOP1A	13814372.7099244	16222076.86024
ODF2L	46388091.5544987	43807693.8544751
SEC22B	0	1905509626.9101
MSN	0	0
UBE2E2	9356922.97547116	65314605.139744
BTN3A3	122075776.084789	31689999.6364457
STXBP1	200678579.008103	116620059.693352
FBXO42	131508547.044363	41944151.5011604
KIF15	17748010.6766411	81066391.3064686
DDX39B	14890969.5882699	2080102607.78075
VMP1	132575081.671077	853695152.863833
QSOX1	31525565.8360211	4585736245.0289
CDC37	39574698.2880496	597819288.180847
SIL1	36197931.8048924	33902860.9670705
METAP2	7868105.93347334	1322336392.87665
ATP2A2	90182827.6696093	11570867.2044783
CLINT1	580139599.931743	200649009.351815
CAT	11192706.7089509	44339780.4336285
ZMIZ1	137832202.492408	416324471.820596
HYCC1	94274211.2060449	159303629.868266
KCTD3	15597330.7149684	131495847.876175
AHI1	99380701.0387873	181185976.354078
COX4I1	258335921.696601	132473152.242743
FBL	5262263673.56476	4746062.30369718
BFAR	17336868.2625035	11887927.7953265
PIP5K1A	20339234.0643113	32715357.8911762
MEGF8	50355895.9866226	74791305.2762884
DOCK9	118273080.680819	0
C2CD3	29442368.9955373	217503618.088658
NLRP1	107394769.789197	43885877.3318268
FUCA2	124929323.377842	132953244428.358
ETF1	20951564.0004052	1084617968.2428
RPL32	94296186.408971	276028610.565799
ALG10B	767569.137567314	31044669.8865273
CALM3	7436960.11106282	1491716132.21478
TBC1D15	771248624.958012	42862408.5173358
AP1G1	19914946.2313572	190059378.409433
PCYT1A	3022248.93944857	1950337040.50685
CLASP2	108099030.212974	13568382.1255196
TRIP11	43104912.2275614	110938160.481031
LANCL1	736859906.591796	34233074.3474958
CHUK	837100224.108696	177711630.760474
LRRC8A	14177748.1447302	30631894.6159058
HMCES	183732601.983165	94931797.4836111
FRY	13551870.7811221	0
RRAGB	472671782.649592	58872264.4809083
RTTN	126615988.206174	17276830.1341225
PLRG1	78500203.0604934	1581624836.32728
RPL29	17051368.9431952	514110270.046625
ATP5F1A	202890101.052654	14347165.8084061
PWP2	1376880999.69927	39541902.1993055
PPP1CC	0	68599291.3638288
ABCA1	203054257.780679	195613236.909789
LYST	209497159.723079	70637532.4484804
MAP3K6	63995295.0968761	315804541.336004
TASOR2	863083849.144916	19276156.18039
OSBPL2	196807674.720618	132226347.20515
SDCBP	2201717284.79893	3826453150.01769
TSNAX	5340911.18869911	281514053.609108
CDK13	1640322345.94367	245206235.045221
MORC3	14036456.7451464	224525899.415137
ERGIC3	1211675557.86329	120306941.85235
RPSA	51294622965.1511	815151235.557811
PREPL	6975432.34602124	158474838.787527
RPL36	1310759406.35418	3509084.6954352
PXK	73745224.6427006	70136686.1526546
BUB1B	517892726.691905	325314872.417636
MICU1	57762628.6278728	278478023.437583
ARIH1	117851216.41306	14144051.4995012
NRBP1	82938296.4575481	1156825109.97253
PPP1CA	0	2990714350.925
ORC1	65335540.9826247	79582342.6901162
SRP54	7437240.47783395	777137052.767269
GTF2H2	2794282778.45286	208052912.027017
PARP2	9859346.15905341	16593900.620634
UCKL1	55797820.6851825	45873636.6944824
IMPDH2	33418958.8479682	75965169.8631263
DNAJC13	58322877.473997	71024442.4310893
GLG1	10795244.2893456	2094922.48710209
TUT7	3540660.99309017	51670033.3459219
LMO7	1857154.90685	86391247.7664618
NDUFB10	41260141.0160484	8384546667.24809
LOXL3	236103790.406224	76765651.7390248
TRIM33	10959842.6972856	64611998.5109863
ABLIM3	283296840.688733	59602433.4323222
ARFGEF1	76108138.0570163	21297567.8038
ENO2	0	169772095.986445
RRM2B	212384.349192854	1752500.25036877
SNTB1	538402941.662798	17060651.5276865
MAP3K1	520598000.482524	12715439.6670962
NCLN	50745070.4557416	155364482.642374
RFC1	1423915436.40788	91594040.3235668
TRAF7	8623830.8998925	65577975.9824769
BRF1	147695389.343232	357760943.560536
KDM4C	3801825.17067789	59421230.9044175
THOC5	21526863.6629043	160865819.679025
UBXN4	2988833.25535914	501017726.108816
ITIH3	14624758.2138204	4099023.08555142
SNRNP70	143802491.655381	54509256.1112334
GTF2IRD2B	49011446.9760882	8542400.39827631
PPM1G	61562115.0056654	693685970.19566
SHC1	61991384.8261572	487106144.042043
FKBP10	2632407208.89571	11706728.1184522
USP5	0	84107402.2330549
RNGTT	0	250678889.380674
SLC16A3	7758777.92222273	38993636.4854656
CA9	13224637.5572689	16998543.7849244
ELP2	195076294.336686	404660497.675831
0	1359798679.74737	488601275.444196
CPLANE1	235991193.877726	0
NFAT5	169164514.76373	474960739.763413
TERF2IP	6378333273.82615	65895837.03624
GOLGA2	19777399.294141	110760889.279127
RERE	757231507.48021	371033309.649107
RPS16	1648113514.55209	1685878148.60996
TIAM2	0	90180560.4144114
NFKB2	827963893.454797	22322140.8638946
HDAC3	220284764.242558	309767710.570124
DAP3	24605843.3232445	8504670.43324238
DYSF	38750763.6325347	9975367.79472852
MAGEA9; MAGEA9B	7138677.77938427	14706225.8926383
HSPA9	79141094.1325275	31255466.7817107
PRICKLE2	2145687063.13884	42566926.8072179
CLUAP1	383830758.221688	119548189.733992
ATF7IP	477864235.094752	346249225.376337
SAMD1	109862613.208511	55147046.021753
FLOT2	168091035.009261	279989770.342508
CLIC1	93686168.1072959	1215636457.82583
SREBF1	264000913.231767	471441658.963408
ALS2	58425137.8485286	281164828.457051
YEATS2	13082184.6449964	92620229.4449497
SNRPD2	25966611.0653475	101767931.048779
KPNA1	2228710.08932267	73048202.3836762
KIFC3	19489029.4011818	11502367.0253398
SEC23IP	326372733.625484	243117152.541363
MTA1	143767345.556371	7860194.83318564
NAA15	126283606.064375	26141463.0372694
PPP3CA	153927632.858995	496405681.362355
CDC25B	467169650.609278	125687624.798411
ITGA5	456514458.285147	18368512.7544146
ALDOC	10178493.1416842	197289553.571547
KRT86	0	8224796.28458542
MRFAP1L1	0	3212775.30575446
DNM2	52800818.7169631	1864529572.01079
CHPF	878440708.582177	22082487.2369813
RRP12	343851740.677838	177705387.989404
INTS11	1350351044.59614	325568820.966965
NDRG1	103218191.38701	383720423.936489
0	244019870.255	108543276.875909
CDC73	930948.778476169	162967583.562005
TMPO	44135407.5200651	301622513.132161
TRIM38	3885023.68929363	157129915.689344
FBXW11	94070969.0873337	163386354.449498
TMEM245	27606685.5291708	88208184.6547205
USP47	152351051.96631	77464844.1820388
GDI2	52580935.5334093	37861048.5739719
CIRBP	344993017.111258	26168556.9957855
AK4	13032108.7027023	3283216.83706542
METAP1	483325905.203623	74780120.9102172
NDC80	79464365.0872007	3490473166.04886
PLS1	72214253.6094183	157609182.553537
OSMR	591421092.387953	14005600.4797706
RANBP9	1991313731.57523	427538445.968496
NUP37	98027859.2075042	43173188.7796703
LRCH3	176041666.765985	189912270.417502
TDRD7	43872341.0765026	44651611.4328595
DDX56	395271650.065754	490679670.106018
KIF22	2276234607.4023	65170942.1015913
DPP9	10143179.8940664	607749464.404575
PGM3	1901320.93571101	51867488.2994836
FAF1	254977182.138302	5310656.88876861
CPD	48348591.2338259	1102153845.4004
RAPH1	208094984.463571	13281096.6206841
PLS3	273106360.603528	140823882.699222
NPRL2	36927831.2640871	2003834571.19051
MAN2C1	1213724028.83689	103337658.743129
SPTBN2	48188158.7142106	0
HMGCS1	663969425.992994	30848114.3197259
PTGFRN	755867983.656124	0
GGNBP2	26469985.097822	209958546.436474
TGFB2	4429406324.55238	16484951.8961388
MAPK1	1043536224.08638	32174228.4218145
PFKP	6754355.21118496	25705372.1173771
CSRP1	12671574.5703768	518669413.824847
COX6B1	0	562685635.134036
ICE2	21763047.6942061	24588768.4719495
AIFM2	180852110.522058	3960315.88272752
SBNO2	56781603.386737	961605924.409416
RASA3	320913010.415895	61658535.1246918
CAPN2	1948279.81448702	101047742.538551
RPL34	65570456.612764	206068470.967844
ZYG11B	38683171.6732032	1255256728.4418
FBXO11	329681166.570379	13582280.4697139
CMIP	89298033.7420181	37396695.188117
WDR81	63382295.2658444	126728005.535262
KIF7	66048158.3767675	84706808.8757857
RPL35	25272008.6151011	941321409.208604
ATL2	536236378.325993	341634354.604094
MFN1	114599949.474237	72756391.6206705
UTP4	673556313.883749	1011006700.21482
HYOU1	122315164.769991	32709202.9168433
ACSL1	272796996.5419	5203957.80488384
WASF2	6327024.96225582	194784328.078664
PPP2CB	510771759.43491	79221372.6382662
RPL9; RPL9P7; RPL9P8; RPL9P9	24935831.884985	106685727.885699
FKBP9	84785033.4016399	1416941493.46605
AFDN	184494669.699759	10959559.9752508
SNX2	348533950.828858	214211739.378487
KLHL20	17749745.5401692	11958885.1029931
SPAG9	455492298.209263	35724611.7677458
FRAS1	4148596.03301613	29199026.7668701
KIF13B	20055057.7953826	154131256.228792
CANX	323700769.878118	20075581.5465086
PCDHGC3	1513604915.50101	169881198.68584
ZFP36L1	741825929.493542	34490400.3098715
SBF2	49044255.0049483	65990846.9768498
POLR2G	154607388.073662	229789503.043876
SIN3B	8037632.51258676	13141909.8656612
MINK1	11632382.7583761	1659711092.26903
NCK1	45350598.7761781	12183524.0571065
FUS	404063631.700144	53465104.258047
TUBGCP4	57182102.9487123	906122986.857011
PSMC1	4993370.98739139	268492507.694246
AP3B1	19560297.1193828	158706974.132808
AMFR	331404757.968929	334183437.583547
CAPZB	6595112.62245697	63310004.0169924
GNB5	1430910297.35291	4554929378.15069
PHKB	594549.792902034	64249071.3090293
CKS2	553249901.112664	9620653.28560678
MB21D2	75675436.6029549	117946406.558112
HBP1	1380331463.03966	12238070.883373
NAP1L4	3144100.91655642	946988.807343251
VPS35L	67206436.0094641	493422244.651723
EPB41L3	272858250.039617	0
TNC	191308389.764874	172623433.623808
ZW10	87972492.5467607	178090463.112994
PTPRK	46394056.3725559	53429144.601222
0	0	19999892.3474847
TCP11L2	37129555.0639822	614833516.075895
PAFAH1B1	0	118812799.013094
DDX39A	0	24280286.1006225
NAPA	22385702.4201784	16338279.7099394
SNX7	38204630.8374014	267330675.236877
ZMYND8	100526555.988218	631504385.732974
FZD7	20929962.9001001	30056611.9656637
ECD	84409305.9087805	1113134751.26733
AP2A2	0	15348385.2963302
EPHX1	5309669.99680965	480581331.363363
ALB	39802847.5713344	19192539.9913759
ALMS1	31990198.1302086	8096409.58285194
PPP6R3	431487446.420536	129078123.543131
NAT10	77188959.9979437	2502708.22999841
GEMIN5	111194875.063321	29362939.6945684
DYNC2I2	666241063.950432	26497090.5560958
HPS5	113715592.292633	344590929.280236
EHD4	969189.763409924	454087230.659616
DNAJA2	0	517259306.155083
ZFYVE16	6305437.03392426	245332579.542
ATN1	573731923.05059	7090813.65267312
KLHL22	78051165.8011291	6939312.03720081
SMTN	431500183.972331	227971558.970639
ASL	3008001.97600434	200070026.691686
KRT80	1869755.05991555	568755116.502123
CEP104	43556177.7539531	96936918.431922
SLTM	402452702.624486	37286922.2972241
AGO1	0	5269925.03570851
RPS15A	620560215.790533	93620312.7417687
MAP3K4	2096161.97833237	15564229.182777
ELAC2	261622869.177054	55499811.0305038
TNRC6A	174089883.212134	176852085.916067
TPP1	1277745022.19707	8376139.67950006
EPS8	36685267.3158407	105153508.125271
BBS2	34420717.528766	1044428827.62565
STXBP5	32333746.6739907	134830908.392025
KLHL25	4422412.8048803	163199389.056182
AP2S1	66526270.3988125	681339563.595982
NCDN	5825367.89434127	412437492.636228
ADD1	257797889.077856	186726971.817835
AHCYL2	93727601.2303556	0
RSBN1L	216576218.509091	13300189.6532494
STAMBP	2686804.19562944	986160860.469108
FBXO32	762389899.014249	1775235373.9335
ACACB	147844.098210786	14791007.0262032
PA2G4	12429584.4691897	213885178.81045
YWHAH	0	567558142.139424
DNTTIP1	7708841.72892672	44218960.1545806
GUCY1B1	14346053.0266694	29131413.6688788
STARD7	0	25318313.1910079
EIF5B	34206088.2890531	145091949.720247
COG3	8811395.39628263	128707491.481602
TLE5	1926153.35419345	209356126.655428
ZNF462	213713473.265773	19339354.059853
RPS6KA1	5220628.92139994	21055602.1335921
LACTB	29017453.6808163	5426811.64877213
TRAPPC10	117661013.254176	6397184.95236171
CNDP2	57349587.9743917	268858857.365022
AGO3	94155544.6634623	0
MRPL37	171573648.70686	552436938.773653
SGSM2	12453317.4177771	7105939.15896715
TRIM27	13443115.0087864	51292821.0963792
N4BP1	20824444.6739354	63638163.6645607
SEPTIN6	37251841.9967019	4854137.87300519
CUX1	58569033.8108685	3049737.29982085
TENT5A	41554268.1742755	274807075.174521
SRP72	757757554.399175	160209218.588468
PIK3R1	22964897.964996	316423819.302486
TUBGCP3	767722.068974814	102849202.688982
EMG1	477639572.56347	163573558.930067
FBXO38	169992788.708661	5441062.58142471
FIBP	6007587.68469614	85472271.9877185
TTK	5732438.27479669	7435395.931279
SATB2	12786267.8334114	139220990.940667
KDM3A	87198862.5781641	113073509.173791
FIG4	13653442.3757924	998418166.487562
PSENEN	417361001.872711	1287801748.23637
POLA2	3285629.35919734	579466223.510614
RCN2	6429463788.01737	219198363.246535
LAMB3	162674446.965618	125901011.744534
MCM8	43429030.7641495	36734740.8835959
ZEB2	13424471.9249678	27134461.504403
DPYSL4	21868421.7570043	4638206.4184993
CBL	3348940.4604258	32755452.7353868
YY1AP1	184713914.546813	7974342.02333111
CLCN3	74882859.7343737	72752996.0646103
PRKAR1B	81965509.9883134	0
CLEC16A	48380004.528367	52617678.4146791
NSUN5	1856098545.80909	6781087.80535699
ZC3H7A	155021505.118019	35187196.1277268
CEP55	2090786837.77183	120871358.389833
RBM7	2066595415.58667	21072873.3053203
RO60	9480257.05394715	18851583.8545157
GPD2	193519999.186917	225139964.374597
XPO4	45160771.1289041	120320886.920566
POLR1B	33066007.9637206	1087546062.03347
DCTN4	3226075980.27411	221255156.246002
UNC93B1	41642383.1583995	443336050.624493
TCERG1	394947856.946492	12721741.1013485
PFKM	105268193.419322	4111124.92534606
RHEB	24027944.5783122	359985890.936611
PPIA	179014030.57998	23157094.8464951
BAG3	6871393970.78441	10175917.8411781
CDK12	30314177.3441916	69159785.2814988
UHMK1	491858729.527707	599052297.909111
PI4KB	46124891.443635	83509415.8276956
TMEM147	2248306.51007208	552331186.160847
IGF2BP2	15406369.626403	1440954740.07026
ZBED5	136332561.228301	1040535858.82833
YWHAZ	0	6950294.12971427
PSMB2	0	37236795.8764457
PIM1	695463528.026343	595415679.072298
NEDD9	193122751.012059	57970963.7143577
NDUFC2	67142866.8383788	1483731.622418
THOC6	0	33858210.4231209
ACAP2	1681655141.74888	237968681.642701
MRTFB	46640401.197453	1219150119.84987
YLPM1	591309254.516166	22150462.7398434
UBE2D3	2677462559.38579	3592005.05308333
NBEA	33934871.8676877	16362467.8551968
SIK3	115311391.455828	47898463.3435038
POLR3E	639715675.781088	94195931.3908525
MIB2	10802899.3590954	36432506.1365552
PDE4D	70586039.8436793	75533369.6628066
LRCH1	35210641.7944303	4698446.524577
COX7C	43100458.3892837	60153099.2080331
PPP2R5C	361797.794592653	43351035.413481
PMS1	159077646.734648	209701663.71474
DAPK1	2941445.33304713	20942360.5769768
RNF139	817669284.949099	62868564.2196118
TTC17	130167039.069129	20035817.8391947
PHF8	6827997.8338606	59301016.5317843
TRO	13084082.9465671	46164849.3027894
NOL9	334262955.853895	81297437.8636451
EXOC7	52595804.1641183	4648919.3377438
GDI1	0	29382638.5116896
EIF3G	381280058.32636	23670591.6052471
VPS52	242235674.466475	248252940.420498
LAMA5	140978764.140216	13218532.7267211
NPEPPS	21087064.191093	229908336.73261
NARS1	169867001.847563	23668026.607084
SMARCC1	8345172.31006948	82517921.1465569
RBM12B	119296183.591355	114192981.045866
SAMD4B	50305178.8381478	184483037.794112
UHRF1	33932078.925822	430365908.190619
GSDME	189388505.873011	229630144.647149
RAC1	11220119.9500153	508471107.722216
TCEA1	4381989891.81863	1543421003.96341
MCF2L	69494696.2827219	395771331.282111
PON2	194810864.291175	93023833.8854527
TIPARP	23504022.7518434	63358446.7303837
NUP62	3098378.53524121	34364928.5468269
TCHP	10690141.7380575	116210336.964893
PSMA2	15950799.2267313	42879182.130927
ADAM15	404895003.673773	1991827.41667172
NNMT	0	13574397.7195322
ARAP1	102390273.200354	23833757.8857759
ATP5PB	20987870.1621153	132583580.992902
TFCP2	45941133.5153794	387951424.857281
COP1	279240165.654655	20034073.8572142
ELMO2	158414656.358272	93762396.5682642
DLG5	69883684.0308499	119371403.684358
FARSB	81886522.7243088	7888834.34960631
SETDB1	50547924.9182026	103269857.634567
PANK4	2572178.08279038	25099930.0023499
MAP4K3	0	62921564.4932554
SLIRP	90637697.1559736	27835553.7682174
USP37	24180716.1828545	109428965.750294
PHKA1	74804724.3192287	61092510.5215678
DOCK11	724483992.528911	47976620.5004346
DDX42	226080182.95067	58770891.61007
ZMYM1	21536785.0856496	211046259.208315
RUVBL1	4728003389.91	16219320.2966329
STRIP1	503267795.66901	22503529.1091273
UBXN7	151580930.36984	66265252.7438852
RPL18	15869912913.5479	4556207.0537728
PSMA1	6672537.998577	18640095.0625285
WDR33	33444757.353997	10668550.0803299
SERINC3	85719382.0573144	95586672.8047232
NEK7	497957336.332703	83574371.2424504
BLTP1	64658346.8891634	28308129.7505461
PML	170234555.897472	73344629.3259127
0	95201208.4194404	9239975.57628734
MAGEA11	22486606.7354482	2831941559.98595
MED13L	2291122.46285071	26120448.8596971
ERCC2	160453595.636644	150605534.523646
GATAD2A	35439084.5125217	60552834.3401203
TBC1D9B	21944969.6269864	1323579076.87646
ATP2B4	87778982.1479458	155307826.621084
SDAD1	3039339.00852178	18281292.5079562
RFC5	24983083.9162766	743792614.73056
YME1L1	276192702.863061	646406609.11585
TARS3	423326779.030345	2018353.45016116
ETNK1	77714279.7755552	10288890.5848837
DEPDC1B	0	508236130.153718
TPM2	4520166.35719173	1138230665.20263
SEMA4F	440195481.438706	11452038.7310801
SERINC1	588290.541991525	97757567.3950175
CORO1C	39032237.6614065	292948739.674544
LIMS1	336912548.034003	164811734.28998
NR2C2	15642354.8515498	15013176.5106929
NIBAN1	22902462.5145056	688416591.860106
RASSF1	505575284.181852	84678777.6936012
TXLNA	112812986.969338	1023084853.94928
TONSL	202137106.565098	54793346.1811597
EIF3F	154869450.33236	1292381391.67927
YTHDC1	259783436.275347	18895102.0874648
WDR19	11510313.3056549	1206877672.86557
SNTB2	1897465645.73763	142755936.918874
TMEM132A	104997739.715568	124892510.3895
NFIL3	414425763.265032	124589649.681229
CCDC93	102722062.71506	821049580.234078
PRPF3	2733741.56590656	314026931.728533
UFD1	46783413.383992	1026089715.85092
AP3M1	34663339.7931943	173107652.524348
NUCB1	121419729.689242	34362592.7457871
KIFBP	256039397.650241	85075163.2516209
PLXND1	42590984.3267165	50335157.4344877
RAB3GAP1	579261361.246145	98728733.2253288
STAM2	30003929.9647299	154515077.1809
YTHDF3	107931043.851993	57907757.914703
GNS	208729365.752497	175249844.586331
DROSHA	52057002.9405836	122218694.306467
CDK6	5076957.50383045	1033325041.45991
AKAP13	1844627218.893	792730536.774341
PPP2CA	123585487.177702	2355643.90964307
TRIM23	168552332.400646	86423338.2266744
CIP2A	5257349.62311891	103514039.781095
SHCBP1	4292023.39147866	1867471010.93452
DCTN2	1121031149.68886	24607275.4728802
PTBP3	284137137.785615	11440320.9765573
CASK	2943003492.72949	11085209.5663918
PCBP3	42603308.5557674	0
RNH1	1043572557.93426	7516260.13754605
CPED1	100778847.047853	44785508.3119713
ACO1	532151.12290686	22018364.4530494
CNPPD1	95458287.9011658	202506844.969681
ANKFY1	3443269.15998453	179542821.057918
ABCC4	8126645.83553781	46494452.0251696
RPA3	8794792.43876122	2070959812.42487
PUM3	5215562.22702928	71207769.2128513
TMTC3	952675518.410115	66812983.7063005
ALG3	460668728.214865	171340345.672756
KIFC1	1093566052.07042	343768503.477288
TBC1D2	10186434.5649753	1436418616.73761
GSE1	147420579.302914	157302235.28445
KATNIP	105826578.557348	150265590.505179
LRRC58	502305831.075214	0
CDC40	86611217.9808006	98809614.1112086
MYO1D	46420631.7173053	13239756.7844089
NQO1	455549672.589074	228591505.473953
ATAD5	385111300.155445	105698518.32592
RPA1	87061472.1298993	323385935.956485
DCBLD2	174337164.875253	432464050.020582
PFKL	60009141.6375456	4098194.2160674
NEK6	3960218.57645869	137992413.248138
SLC12A4	181510882.024759	100570970.268864
VPS50	67837221.7951062	59133821.5553689
MAGEA3	4951148.82888342	122897969.499969
EIF6	155757823.969176	6283129.175205
ARMH3	1769309910.79535	60564211.6881666
PSMD14	494120223.377795	2416094731.3428
PSMD6	95749717.3596115	174359864.449092
SMC6	598749266.705852	153810992.663856
EXOSC5	1223943275.01483	41504927.3770585
ELOVL5	18289443.826916	18484301.7735609
SS18	1382283664.77895	84524890.8845101
BRCA1	32785565.0949056	265148885.448746
DOK4	647532378.199469	50289717.6177675
DYNC1LI2	449179480.439502	186841234.757771
PCNX3	3513356.36792343	250175825.22956
MYO1F	0	6696809.168308
PSMA3	114754796.612674	230755063.897602
TTLL5	32503201.5402417	15986866.0983324
TNS2	39338244.4433378	177160338.877127
MPDZ	159264593.907892	36988137.4487322
PSMG1	739828201.737708	0
PSMD5	20746103.3745093	2174917.07615241
SPCS2	13074001.0533368	1455102019.57547
DPY19L4	188859079.823773	74492985.1323477
RBM4B	359363223.611714	9795978.66706318
WDR12	12901614.3971442	378629853.800453
RIPOR2	9431860.10035489	492999.774692629
ECT2	64138806.0536453	112873087.085384
VPS51	534919112.757519	602576678.522925
DAPK3	19328739.092663	354475441.289231
PATL1	16461587.7975122	221245747.224054
TECR	112194111.272051	9840243.38315526
NSFL1C	397390837.600111	11341444.9862367
DDX50	1443302.52541151	40751219.6362114
GTF2H3	77262880.5343007	127747712.653564
MPP1	25627429.3213368	1155922332.5247
SAR1A	28376619.0979956	42795513.0434433
ARFGEF2	31226667.8128086	16958059.3229971
APH1A	127271217.458053	85118230.6746173
RANBP6	118128104.98758	495766526.194311
RPS27	216887198.604919	1491694.2963884
SHQ1	35921636.6554114	239411856.271058
ABHD4	52308726.9954828	21855009.9369036
SAP130	752703764.845357	57031963.0695051
BRIP1	509772716.270364	25044379.4003395
DIS3	16055596.2314742	100451874.485919
TMEM70	61104312.4782613	33350796.1758518
RTN3	0	273290186.315879
TMEM33	16336364.6092303	226157614.675152
DDX18	307482572.169561	20146134.1622133
PAPSS2	752832.904150912	1120087823.26982
AVL9	12846511.2136186	176195845.020579
MIS18BP1	16295720.4807361	454861463.252445
ZNF609	18571928.8793436	250821952.705804
HKDC1	8092386.11364038	102901953.82861
IREB2	711000977.00639	105205897.705884
BMS1	15745084.2540728	27352765.5593434
ACOX1	13979280.8859681	220684496.820454
ACTR1A	2426716.64344371	207866090.604789
BNIP3	0	1509128.98253032
GTF3C4	10289267.5709422	388874147.66698
EIF2B4	3399338809.70264	276063772.704646
PANK3	34581441.6649017	147036336.157802
AJUBA	17205280.1343505	271653562.283181
XRCC6	69261481.9156694	51729430.6064758
CDC5L	32299693.4099319	12810386.4935875
NELFCD	33527240.3828869	303639259.745616
INTS2	115023974.620942	27171922.9547489
NOP56	88927841.2614635	46743781.2782745
MYBBP1A	104346568.478181	45673218.5315454
PRDX4	1560803.41891257	45511505.5546913
MICOS10	6875386.25656842	839878691.968572
LNPEP	33231290.4064437	219232955.970951
PES1	7734317.04350362	6823188.3705284
POLR2H	5156402.72483294	681433186.032203
RBPMS2	428642830.133237	0
RBM28	22052951.9987943	396217260.552594
WTAP	548825.440931394	261128296.773704
PPP3CB	0	5021883.21084219
CLIP1	1890562.98420201	161373192.685101
SLC25A13	31059608.3514104	29062271.7776448
PPFIA1	26103688.88694	352828916.378901
MAP3K20	379910559.78134	9025782.17198331
ENAH	113706800.529162	19444087.6811905
SPDL1	99558802.3483806	345152658.161532
KLHL4	3597976.86931532	11341305.2777904
ETV5	1806775516.85472	1409477.9504055
NIBAN2	193954728.769217	438399552.410818
PFKFB3	0	4308014.92125386
GBA1	1454044634.7569	33535752.0671631
MAGEA12	31518713.8482759	105923683.008466
PSMC6	37249867.7377723	729268699.656191
TLR3	22471168.630602	14285568.3786961
BTBD3	151702863.332493	159257318.166189
KLC1	5083550.96058488	81442058.8891348
RACGAP1	199786586.607993	31720465.6879411
NCOA7	10506903.221823	13428160.5630712
P3H1	375570355.947954	85277116.9639198
EWSR1	249307042.749403	247601664.659422
TRAPPC9	155395759.237303	98464784.8561003
HNRNPLL	43131182.3912743	307245215.090368
P4HA1	1641861.35405645	186570974.022754
HADHA	2131154129.34779	271063792.029629
NME2	34390606.5855499	281266380.390668
AFF4	722293328.934198	80288661.9459621
NRF1	184405611.890392	199063692.537602
SCAPER	23819124.0109014	110161577.905956
TMEM106C	22333126.5950487	47014136.8742159
RAPGEF6	86861205.500216	39762694.9222816
CCNE1	2857916.88526441	36797638.7893659
NCOA1	904907734.719611	33894879.9750666
KLHL15	167054905.440943	23002573.4312329
PGGT1B	13985564.9156371	535222887.656629
SNX1	639890355.256456	177936873.71619
PTPRG	54806656.0029179	1166960054.11375
CCNA2	102447875.620834	373119922.693926
EIF5	91729300.6875898	78443789.7270383
USP16	112387370.928993	255225750.874711
GIGYF2	27964551.2669815	73155584.4855857
ATP6V1F	22885437.7971499	10903172798.4904
NBR1	220147729.502151	311931983.42982
MROH1	12924643.8306174	43768339.9318189
HERC5	235924925.703628	3831134.06012446
SIPA1L2	518002412.430386	0
FAM83D	2544098438.11391	638524360.460825
TBC1D9	46522794.1884547	112456129.913903
DENND2B	275340864.480288	249822466.795026
FOXRED2	9852632.57604768	287389056.410733
PPP2R5D	97865958.2131183	9763124.62797538
KAT5	350725677.994736	8076360.44978489
DDIT4	2635801409.21721	256470677.773389
KLF10	201463237.198149	91727349.5602304
DHX37	147260284.012671	61823126.6873263
TRIM11	23882389.8249502	180441393.460592
MAGT1	8720196.76418213	32631499.3240827
RPL14	28794416.8340197	1172822806.96429
NELFE	7249826.47500956	803802597.72612
ENPP2	1933290342.99537	1462237.13568561
RUNDC1	39646622.3083696	8063809.07227778
PATJ	120382707.421233	1076804.41731644
TAGLN2	1832363347.81886	277267114.716941
KDM1B	16037109.6208431	21918647.6358471
RABGGTB	0	358394157.660295
PPP6R1	99011558.1887553	6518513.39558793
0	169228508.812438	212450124.800058
MORC2	182534230.981204	25823295.7557032
INCENP	29784542.9020219	39692914.3893727
ARMC8	9909595.21685916	220485348.224742
KBTBD2	403197333.344423	29707665.1504815
ALPK1	26034253.3860038	19083320.527975
FAM91A1	43000341.7850982	25509534.8754297
DCAF13	6774411688.69863	17231871.1335741
MYL12B	824666519.24952	212062310.718014
HEATR6	4428419.02723641	62322157.7551796
KIF2A	493557685.955079	32847180.4836022
XPR1	33638874.4765854	39574563.4199607
USP8	33533558.2181717	38807738.7744163
BICD1	107549518.014097	20996281.5663333
IGF1R	36372644.2546479	46014916.4517475
OAS1	124152643.262733	0
PFDN1	3747344.60587444	917049318.394712
CKB	48400478.1755499	51160603.0565241
ARHGAP26	507944827.525238	179823000.417494
ADD3	60514168.9049179	101051836.689425
MAD2L1	311463371.560555	37747787.9289026
ADSS2	39465515.5392596	0
UHRF2	125972201.941151	37682796.4877769
RPL36A	20582283.4472642	155520615.710997
PRKCD	0	139556698.656253
PRIM2	23692730.5268639	127698192.571079
HIVEP1	336725527.910635	0
CHMP7	409233111.87014	37615432.6021757
FBXO22	7778400.91585374	140755163.482681
ETS1	1312081588.54766	35213212.4645504
SMNDC1	6392955.47833843	610404028.739943
GSTM4	301877262.835673	6582798.68707593
MTCH2	0	268616713.535605
ASTN1	384518893.050665	60551342.3764005
SYTL2	824600396.083898	0
GALNT7	0	116971043.599773
KMT2E	236225805.236232	48092214.766346
PCDHB5	76581706.1767997	166099716.771313
PIP4K2A	140740659.523861	151101887.71406
RDH11	26250879.6093526	169620640.715346
TMED3	88100650.6116318	2038429867.33023
PSMA5	1637859.53475847	329246741.960354
STK11IP	35783988.2327215	124858987.269834
GATAD2B	889009471.821408	1380352.51293926
YWHAQ	2745717.00270542	1354457.36359238
SKAP2	3415256141.96277	80584317.5472229
ARMT1	285940765.264305	32851124.1885321
BAZ2B	218584831.474114	2021393.13626955
RIPK1	20819975.3610361	195715353.63282
DHX30	431324.369692686	267229851.582317
CCDC25	4986394.90479639	250791565.30877
TIA1	106007929.202062	5840777.79351417
ORC2	2920820.26061697	186285110.676496
RPL7L1	0	241469901.012533
GPKOW	325265352.833433	260145832.567711
SLC1A4	32236312.499034	126824629.498062
STK17B	25019055.7515833	1462313.01077631
FTO	0	178983561.845307
KRT74	0	0
FZD1	5745837.15897629	84660506.7181029
SF3A1	11194666.9644205	34828501.49425
DNAJC21	31849859.3908455	1668095164.08233
S100A11	3376649.28821428	49695367.3373243
ERCC4	3138564.5440327	38432834.6652509
THBS1	396029264.975945	178953694.638623
PEA15	27938406.0834178	153023003.047235
LAP3	34609386.0432813	41840323.7562991
EDEM3	1432142877.28589	38078557.2534999
TRAPPC13	51947608.9813688	16331072.5269638
FNBP1L	29201542.3319575	82696295.0281847
CARMIL1	260417.082870596	24103571.9405325
PPP2R5E	0	49063426.0507476
HMGXB3	25348027.6095167	84106802.013834
KLHL12	81449428.906075	588541817.0689
SSBP4	60446168.7278175	14792486.9180681
BHLHE41	74215692.9132135	1573812443.35706
DAB2	770769805.613571	59602495.4194231
IQSEC1	22979533.1009503	10688398.7649452
EGLN3	128825816.97029	22518435.0491836
TOMM70	11451793.6561145	87351191.1299099
CERCAM	120800110.68746	226681995.605299
URGCP	83648770.4381211	53257526.3694476
LRRC41	223730156.396461	96089538.6850338
AASDHPPT	115522199.166018	65281452.027596
TPM1	2821559.3950738	64367060.101463
SOX9	3818182924.88942	15130029.6496906
SRGAP2C	0	0
MAP2K1	95286438.9548976	314155183.194782
YPEL5	36721402.653807	271259746.783657
TMCO6	8783975.7501395	137621882.155766
NAMPT	503744262.102195	4445568.07063758
ITCH	412562616.062764	25497224.742801
TNKS2	70043661.6550621	8264914.94478865
TSR1	33723957.4695938	244902514.5389
PEPD	22280639.3729741	119864543.489263
STIM2	119940931.794158	23266367.428285
HAUS4	0	601991805.633746
SUCO	63310543.3082719	298839914.98207
ARPC3	111459895.879483	119823223.428203
SF3B4	198499220.305907	579386414.063697
ZC3H7B	293221861.146263	13158002.4136234
EIF2B2	33755409.2886414	246358379.489018
ATP2C1	0	255076603.003209
ZHX3	6579078.06657635	202779253.335307
PAPSS1	7778912.99870521	298600345.606774
SQLE	0	213607604.468942
NDUFA12	3942990.28987999	274614837.983628
MICB	542407518.732161	18515143.1053126
GLYR1	102652212.669295	330630120.061098
ABR	27149509.1511087	30208700.4337368
SESN2	0	9818426.85005945
CAPZA1	91718691.6454736	177697692.136594
SEC13	697961542.899472	321344175.966412
NPRL3	71621089.3688041	86565827.2806499
PLXNA1	196120303.791188	1803090.58361546
ERCC3	142224327.639596	194641375.278472
ATP9A	16895405.7014929	50219589.534393
ATRX	189877260.207307	78917624.4028549
BTAF1	40517215.6619228	581432633.104129
MMS22L	0	37652221.2724154
ZFHX3	111744799.879111	2117336.49916591
SHROOM3	166860477.960104	4464997.09700225
TLE1	3692959.04077563	0
PELO	1816911.95308217	248874790.531345
TRIM56	302841074.613242	120472203.986957
SNX8	24736149.4819033	107925200.428956
USP39	16147919.0122665	421923822.365451
ATG3	3490165.04804711	52871467.3151551
CEP295	274557986.135661	58239191.2490492
AGTPBP1	445396645.926928	88316363.7671828
ANAPC4	483280416.805191	42913024.2695411
MAGEA8	6618839.94170848	10267937.7904259
CYLD	0	3145550.76742577
TRAP1	26676569.6189189	63030916.8102763
ATP6V1H	11953319.6366231	99522115.5446615
POLK	451999786.265131	203577397.703999
STRN4	888830857.936612	96122098.6700086
NEK9	7768967.49817838	97190602.3285547
GLI3	901902900.414712	31732583.4131718
SRSF3	312331119.738923	244937722.807255
BRAP	52004059.5777053	10475536.7822126
UBLCP1	98044628.8419379	293119483.641319
CDK4	15541371.077595	167970436.221152
PAM	915062551.16402	20737452.5619624
C15orf39	1631042600.64386	24789178.7409007
KLHL28	40992891.5111815	41691126.8178455
CDK17	126011246.296604	27569504.6387067
CCDC47	0	149525066.213837
ZBTB40	64632682.8576178	234389321.702699
BAZ1A	23954478.4884384	18956157.8224158
CCNB3	0	143515119.390941
APOL1	262901079.757057	2734812455.61384
SRSF1	0	7798498.60536206
PSMB7	48753432.4704278	100845235.98855
CPNE1	399893841.941688	6321786.23073216
NUB1	46532294.2877283	200800099.056588
DHX32	24991866.1129032	25308314.0574834
RANGAP1	36267014.5593002	1187373252.00082
0	72689238.9834219	63185151.8363534
SOS2	6690822.15178922	20891797.0678512
ISG15	104967896.063041	24278977.8328041
POR	15114489.2552951	96059709.0754722
EIF2AK3	853251549.564769	305591378.912702
DOP1B	172836164.535743	56146582.3910043
PRKAA2	3460377.79244032	22284915.5636276
TUBG1	23978777.0604723	460097673.885944
MTMR4	19257215.1221771	62678827.0930255
TNK2	12582391.8927849	64221338.6489862
TMSB4X	28866766.8645823	87249822.8021802
NAA35	2416248341.07491	107024779.084315
PLEKHG4	46965815.0616104	2634092.01692015
NCOA3	50588895.4440259	16240478.5779493
WDR62	16500591.5057544	155596979.376772
CCND3	606556817.66804	14722414.6368972
0	4584344.78124444	5872452.92446092
ATP2B1	13770854.5230512	338443703.553116
CEBPB	1399145905.99435	66114790.2812255
ZFC3H1	35944656.4353976	66375991.4480102
POLR1C	235174731.625523	271312573.518295
BTBD1	3138842.96805978	1321400864.267
DUS3L	54181628.8943903	116552174.583329
STYXL1	53717710.6466248	321923574.238022
ZMIZ2	136673213.685968	105415121.207627
ATP6V1B2	362865930.14796	33628195.774488
PRKD3	79103797.6060248	18200646.6004436
PARP10	67982170.9064056	83261123.3634712
EPHA2	110509615.755239	13128862.8351976
MX1	3096614.16466262	5587268.99235541
HJURP	483954261.662537	6611851.20474732
LLGL2	162151283.448844	405015.857967045
IDE	3748596.16538938	159220698.420109
SYNRG	62557303.2385241	37097180.0814492
NDUFA13	32333266.0307328	1970021920.66178
LEMD3	199323357.910069	21517055.8847962
FNBP1	2650769.96430347	4462464.11212381
PIK3C3	8490654.46054914	34546911.9231851
DNAJC1	69825744.3033841	21644764.6448517
FEM1C	12423963.5294058	94112061.7529429
PKN3	131663310.938008	217280380.876189
APOL2	6681920.09871138	296608539.080029
TOR1AIP2	4511422.94642345	317536735.267561
ULK1	3633068.74551656	68439224.5349179
LIN9	25011469.9635221	40861842.4244864
RABGAP1L	389378532.888156	19779317.7549952
PSME2	31101504.9388726	132682609.175306
MAGEA6	0	52269108.331104
RABAC1	1306065509.82227	64022618.8215497
ANTXR1	10953756.3849192	91996573.5630291
THOP1	33383215.1739406	5740471.00872185
SEH1L	46278648.5475533	611260933.594169
SMCR8	143401043.670499	141904571.434165
GPRASP2	117655226.043182	2645214.50650741
DLGAP5	14609264.5009277	149101347.171257
FBH1	0	306499091.209421
ANAPC5	4416487.15811335	41404567.3362233
PSMC3	59335559.0038199	78193040.5859667
GPC1	24173946.3543493	1402371565.24497
PBK	21597924.4460231	206418597.145169
PRKAG2	6715325.57993045	178039355.922512
PDLIM7	1536369136.2177	16468248.0133767
ANGPT1	707891.194910295	6876960.36635516
SSBP3	4412950.17238769	416128715.626718
MAN2B2	37247788.2380089	40406203.0239986
TNIK	11086091.613012	0
YWHAE	10053436.2134587	6572666.82862252
DNAJC16	4667259.58686399	222529237.019474
IRF2BPL	8518945.77189662	102812204.18778
RBM19	6709670.31064794	275966292.163521
H2BC20P	1428842.69232533	38198039.1472266
CC2D2A	11452864.2074061	118599053.848615
SLC7A5	1199989346.50786	10580638.3631535
TMEM43	55193445.8329145	89493587.1684875
FSCN1	802133923.672452	4218372.2223532
UTP25	37068688.3250717	9292532.43816051
CEP89	75345696.200831	38460973.8216544
PPP2R2D	666104.606082832	20581381.0178318
RASA4B	6315825.52391325	136035951.007037
MIDN	9266073607.06889	0
DEPP1	3675832343.81999	8912121.44874962
DIDO1	270462898.525183	62776513.7318238
TUBGCP6	40859366.3853604	83646397.0101617
RFC4	64266540.7403268	276653544.813849
RECQL	47985685.5972694	47199943.8778149
NDUFA6	192333935.720297	215534906.333947
GRK3	16415364.8544451	15993087.5796816
RPRD2	47793152.4476293	61713708.7185979
MTSS2	60188124.0456203	81440755.6252859
IFIH1	261866740.470509	0
DYM	145708423.260975	34317096.4687558
MTM1	80472607.8627826	0
NFYC	62379958.748084	135250543.90868
NCOA6	161631365.533155	1725879.64666364
PAN2	237840264.433155	39111668.5763346
MCC	966456657.62946	0
RICTOR	191530057.126047	25579416.0393365
EPS15L1	70045373.6331915	161803963.65811
SETD3	40685809.7816084	71544509.1571212
TEAD1	2174894.0671182	85371554.2837029
KLHL24	6647015.69702126	2563242088.057
FLYWCH1	1055121663.17373	46086277.5447457
FKBP3	288362289.106243	28410598.8640609
BRD2	281241622.683215	8745714.66452551
ABCA2	5731954.99235458	70584784.5507656
0	0	40388703.2895554
URB2	34183377.2999781	282795683.607632
ZNF622	315129461.81505	153896088.874828
LRWD1	179090547.28162	248104095.257814
ZCCHC4	130686250.847666	0
CBLB	22259955.4977039	508616366.534387
ZPR1	107810483.383626	1031556868.98918
SQSTM1	39077912.8697508	625717485.711308
INTS3	2743154.00839682	24364599.9711388
C14orf119	16413468.8210897	15299915643.646
TP53BP2	593225698.623345	27537983.7908586
CEP120	28228665.9537178	76525513.8860394
BICC1	90163938.325353	17815035.36696
CIB1	56084303.266613	1297378998.70642
AMZ2	78170015.7788005	193674846.387467
HDAC5	1390786900.24995	16584832.1813411
NIPSNAP1	59483746.2747466	52117744.3488027
SELENON	88516617.1318727	186589359.519031
DHX35	481355536.525098	4935782.37358696
GTF2F2	580637014.361508	417513353.534994
IL32	1887469.53805248	308693.256236378
MAP3K7	25160637.8776324	6382807.48210727
HARS1	4703738.13254114	59585203.2674773
PHC3	29856403.5452193	3985673.42049004
INTS10	3898085.01992249	35671584.8211228
CAMTA2	14629712.1659438	44820568.2042602
SMCHD1	30087550.8817222	102488136.355574
NFKBIZ	90965408.5784795	7051142.23042284
RPL31	165696626.128868	2611760271.64869
SESN3	0	10812203.5310412
SRF	82127643.355003	100104383.224857
GADD45B	3066136.9072037	389306295.804107
XYLT1	110840842.824695	1272407.54668615
CEP57L1	25420871.521747	211928226.766027
ADIPOR1	1416919057.38951	157933940.93168
AHR	280507777.645954	2014806.83159688
C5orf34	1568965.82105623	864288850.688144
SLC25A6	5497499.92514231	9813852.53000834
P3H4	1497120.12432043	10139866.522801
RASA4	0	0
PGD	20308115.0193082	29744925.9698738
GALK2	5866859.06669402	115687131.603576
PIP4K2B	0	0
DALRD3	68547723.251985	13515696.8069635
0	7344681.69266027	62301072.6188331
PINK1	68050279.0459844	87126482.3055006
CNN2	96435823.7123647	27312916.7127637
HNRNPUL2	674028849.768213	232216957.131741
ERRFI1	4681160014.86975	340583453.284964
P3H2	492026946.111965	433420474.961523
ZNF281	289526792.475079	56762050.0434779
IFITM3	135166132.116912	13222710.304481
NCKAP1L	7364532.44815653	193330143.072019
COMMD10	290983370.111202	3330793989.13309
DDX6	4878148.85907851	129917970.796759
NCKIPSD	17887595.3361094	114436302.58795
SP100	40256759.8806788	162964099.450816
AP2M1	0	1321443557.69672
MARF1	15444327.3331865	62984969.0561697
RBBP6	336519515.927156	21857376.0133677
KDM4B	1043897786.52267	65294579.5043082
VCAN	673227075.287308	7784030.08733034
NELFB	21128185.9731888	41201297.3131573
RRAGC	47886358.9240202	191464420.496958
TRMT6	467033008.827448	45399582.4906148
TPP2	102607875.722277	796496999.325792
CNOT10	14779952.9245554	897731.357733955
R3HDM1	67429003.1532977	10387766.5035976
UBE2O	50812766.3384366	867731297.370519
AFG3L2	0	100237644.608228
KIF23	75137795.0463494	127571033.921565
CEP44	493382.264830432	21221463.6758861
RBM5	189182643.515024	92843703.2648317
SCLT1	3173427.80547943	39029604.8372342
APPL2	3765889.42515656	119223832.924312
PANK2	7708344.13131084	219553358.210204
METTL5	19084225.4508343	409938684.585462
DNAH6	0	45709824.3041048
RAP1GDS1	3995137.6465024	89979517.629622
MAP2K7	88330246.2093589	399868894.668044
PHYH	25494079.1861565	173843673.927465
SRGAP2	74603601.2937205	337627856.402092
NOC3L	7795796.16725724	65405992.933934
CUL5	26127234.4827654	24367660.3333797
0	154691620.972758	3436742008.85124
GNL3	152988312.80563	67578810.5127489
SAT2	147455907.173284	147624246.739058
DUSP6	223266367.454505	7741865.43584506
ALAS1	29650649.7233195	0
AFF3	135043837.474057	4024491.2086465
RBMS1	14753903.7034981	65813347.8661629
PLIN3	3341728.03457809	129507761.789691
BAIAP2	5195885.84822422	197023880.379927
ACSL5	1050265.02106707	73774801.4504425
PANX1	18914777.6230397	58250851.9666588
MANBA	6769621.13686863	1127653.96877049
UGCG	15840731.8773438	62082738.2715055
PER1	108511149.350653	64589376.6581772
DNM1	649829.559264747	65672853.5826765
FBLIM1	34102782.0109621	2197717.77093872
YIF1B	23529335.2376747	114012640.276554
ADAM17	14400341.6380356	915270289.293877
SFSWAP	0	69370570.8915452
FCSK	39712709.2323522	134736487.174752
RNF214	46896148.418399	129701056.456717
GET4	7369647.3835188	106326146.406733
FBXO3	96139279.286222	7777112.02070552
MEF2C	0	645764861.985544
CAPN1	0	9850242.00112663
ZNF318	58150307.7394461	47886152.6362806
RAPGEF2	136264054.867986	19936871.7424857
ERLEC1	351400381.830927	162701880.225301
MAD1L1	147868496.777636	7743285.22136503
NDUFB5	285321386.372916	137629170.465097
SLC67A1	236532507.62443	49049729.5003623
0	51276139.2110039	239719247.456623
0	2945085.12872595	3439652.09451337
TOX4	186804141.735881	144219278.920569
NR1D1	82272155.3958925	53606472.2313325
0	9787994.81567257	540340.291048813
CDC16	4494676.19285895	65630320.774433
IFT74	118586866.264389	98313683.2118527
TTLL7	0	17059789.1385503
MYO9A	57740578.3251388	16803933.2409397
ADAM9	415702407.152945	1101393.68835006
TTC14	538705641.233019	14201434.9683446
TAOK1	19841830.5746066	79943565.0949042
NCAPH2	140911156.868568	129366042.971358
CALML5	3232235.66354766	23178840.454115
SNRNP40	450183.12890575	36536711.5693104
DBF4	17656861.4631876	160594188.798619
POP1	109825153.495876	268198780.74495
GPR89B	0	718284.507957562
P4HTM	42406107.6874931	14015225.7230583
OSBPL1A	17680547.6326838	37873180.0520177
FUT11	15359175.0344446	15590671.9465895
TTC13	397033041.774409	201026517.14737
RBM47	130162191.671107	1617304222.20229
TBC1D1	317586588.581967	12373401.9097036
RPS28	4695605.77138294	29212306.8994713
MAML1	434957210.834731	35157138.0934866
FANCL	0	14450974.5094698
KIF3B	4020885.57401923	30602175.5339601
NT5DC3	1276026.28116157	1080817044.57855
POFUT1	94832343.6777403	0
UQCRFS1	120011661.147408	42887547.630048
TMED7	167656492.119857	1755663180.96487
LENG8	360168831.78554	41682761.844842
UQCRH	34064586.670828	12437149.71615
PDXK	276373895.203617	116638485.74952
XRCC1	641444854.586381	2947983.0483985
ERGIC1	238526502.303523	436918792.8175
COX6C	67156353.8894907	514758474.586848
REV3L	167881683.72844	0
EPM2AIP1	66746924.0313055	125544211.170495
MMP14	4241071.91867805	118128255.928746
ID3	272251932.021507	51845177.8850885
MCCC2	16130616.4731257	58312800.4085477
SLC4A2	322187765.095087	0
SNX5	23462519.7882524	5079851923.20015
CRAT	18703976.5038301	7128261.79030772
WEE1	110767836.559767	73394297.8142683
PSMG4	122987085.130873	764360872.106
RPL11	25492024.1953875	2026276983.25194
MITD1	8914861.88577728	45367918.0144491
ATIC	37626341.5415372	1600065742.58066
RBM25	70390946.0714327	62798425.3196677
CASP8	10873229.3337509	124655436.558546
S100A9	14461199.7999828	80671592.8264318
PEG10	140312678.645508	343452051.981089
TLE2	52158690.8010863	11156803.2008109
CDC42BPA	265001830.48406	77814728.3296151
POLR3B	13807271.0672781	106754723.96526
GPAT3	457009932.21842	938219029.839669
ZBTB17	146974247.714343	613869224.62042
SCPEP1	18591434.6121267	18728055.504697
UBE2Z	279824770.928487	19471995.8012228
USP13	23139436.9521566	70978420.2601987
PIGU	255721761.440808	7185595.28210582
RBM12	35983591.809185	42047849.2911978
CASP2	2041930776.61367	7228865.40255513
RECQL5	16854223.4193883	1044253065.0368
PRUNE2	94472131.2102809	288415761.265204
AGO2	48368868.5269463	17830057.3940304
RRP1B	226042088.623739	0
PRKCI	32466611.1132203	69477616.5101097
FADS2	0	0
PARP9	9375646.90835974	0
KRT24	0	0
ATPAF1	202314118.186877	62948118.6250219
NAA25	7473800.80600934	3667605.93399508
NET1	86394038.9798942	43012679.7541388
NRP1	5071212.49803045	39264478.3446065
MYEF2	16316464.8306366	98826980.673542
GSTM3	277437216.469445	208134972.76969
CDYL	754260.821495833	12125710.9001246
HDAC4	2494761117.78327	38466346.1945414
GSDMD	41970028.2455334	255596750.484469
WDR43	26225230.7498754	60711856.5417372
PFAS	453199293.075483	98557480.9489011
DSEL	24808393.2120643	20088628.0933553
PHLDB1	5054260.91284862	65354171.8378031
DHX33	436476553.804893	81795089.4384478
TRIM37	198711693.483668	276957905.888075
HCFC2	103158817.775539	0
SNX17	130716845.845158	23631887.5380455
LARP4	65871107.8911392	76467278.3241901
EZR	0	0
PPIL2	1155752285.31274	20175522.5379485
LMAN1	1864032337.74911	13551261.4278192
BRD3	31775354.4759699	29097039.8161715
ASXL2	187140703.531398	65218241.1677629
MTCL3	29604728.0773291	0
MAST2	104214475.90979	35443293.4193923
HCFC1R1	216213886.345061	231043878.13712
KIF13A	8732712.33049569	240447051.356667
UTP14A	248805631.693286	35609403.6623077
RHBDF2	41873699.6522079	32129972.8988261
SERAC1	9707397.29029996	15177571.425755
UQCRB	1219914.26643744	85133534.8461078
PLD1	5947835.07834428	70479997.4971429
KLF4	308040393.300932	13953151.7296671
POLR2E	4133131742.91964	140853272.435408
GHITM	138501909.217082	16119238.1580679
MGAT5	14270449.1142182	163184397.944087
PSAP	3306820.80688682	34797664.5708245
EMC2	9943517.27469052	46875307.0871727
KHSRP	104215745.670687	5831696.79153179
SMURF1	13620961.9398473	66971758.6866987
WWTR1	111008357.768718	1154444.27897879
HP1BP3	27795274.4408943	49627224.2781515
EIF3K	623828829.853464	73843567.9614262
ACBD5	4016270.26436162	654172.334661897
IFI6	0	16415628.8564948
CPSF2	5865070.79413102	25474487.9721205
RHOT1	78618414.7901247	134296671.597588
MSTO1	29897620.6732966	176957639.765214
ALG8	970779166.263844	1368059358.68783
BAIAP3	759130268.16582	392589471.448051
NUDT5	14666284.875934	142039628.157667
MX2	147730304.850131	14708829.0489672
IQCB1	37302418.9052984	53060145.7400312
LMNB2	0	85899272.33251
CAP1	33844032.3091325	53799672.902955
TXNDC12	2165806713.4663	172921565.895697
IFT46	94729882.6653764	237368027.723762
CTDP1	91612777.4257515	49510866.2430266
LSS	4058113.40327626	59976057.8490274
BTRC	0	1787657.42709843
CIZ1	18083147.3175649	5925618671.1584
SLF2	25641155.9016563	27590331.6120477
NT5DC1	30192742.5582243	394077877.45213
SIPA1	119119414.297505	160030738.823217
LGALS3BP	3892451.34474487	259048130.779106
KLC4	1644306.16489657	38917094.8074888
R3HDM4	31209601.5888692	89202665.3171759
FBXL6	2373408494.83007	20260200.4102213
PTGS2	4353799.79714121	2545205.77082967
COG8	928407922.248594	591558704.428304
CHPF2	302459267.358024	100202522.248822
PPRC1	180019000.552944	20531972.398408
RAD54B	21961197.53301	257499539.620319
LIMS2	27348052.6625982	0
ERAP1	47944634.977351	381175887.516973
NES	4231862.95518115	47067651.5552505
STK3	23327803.212161	16852643.7116433
C1D	1110636.01377504	137548381.402692
CRK	9061007.98131482	200968916.295503
CAMSAP1	9362975.61694852	65046127.2965369
TARS2	40357392.5982174	1380781.19530865
ITFG1	57562536.7267601	67467228.9424617
BABAM2	5016253.83581512	294253353.162751
NR1D2	264753039.811185	101261185.744861
GMEB1	146912.131325353	312464252.379821
SNRPG	1798832.9028603	5688078290.56594
EPB41	41613381.8320514	47577771.7764506
WAC	2491323.52450903	45070906.180454
SSBP2	0	0
ZSWIM8	38399008.5562929	71638777.0395569
EXOSC4	153666420.041194	155540689.888217
ELMOD2	0	25063950.321275
LAMP2	216367807.852176	4485057.31965414
NR2C1	0	6468714.85398449
FAM135A	15773560.5866262	72095349.7305157
DUSP14	25957678.0612109	1604591904.17468
ZBTB33	188010341.812688	93273467.8134359
GOT2	1295937.69770796	7757475.64947435
JMJD1C	10586696.7226386	781257799.441507
CKAP4	31245927.7250092	19041135.5775413
ACAD10	0	75661057.4918024
CDC123	619932788.164392	133654295.224706
PITPNB	7604657.62883704	15363960.1978937
DCAF10	71785058.105534	47851557.6194488
PLCD3	79797063.9001461	43312697.4933912
DNAAF9	23813990.7095699	24459644.8295185
ZYX	28823594.9278894	7519791.71748093
LTV1	1914914.51157513	39719726.9634377
RTN4	192648338.230035	6170721.21657913
INTS7	1606291019.67636	70808020.6000207
SMYD2	3830327.8265476	22251595.8137661
TAOK2	51983916.4904952	104169111.419387
SLMAP	2878561.37744222	58234770.9556869
IRF9	61398587.1691164	16099075.8482529
CNTNAP3	111444955.034894	58818626.7318737
NPHP3	2219388.29657851	5216210.9992407
HLCS	3815026.10771733	38468507.4568981
TJP2	1195427.07498018	518381317.378832
TLK2	42450301.309474	0
ANKS1A	1823663.72538122	146761481.462826
CBX6	533534596.655201	209596445.399746
SPTLC2	61170996.8871845	1258024293.34837
CCNDBP1	6052313.81734613	137265266.571761
FHOD1	131035573.897664	6721266.51279446
UBE3A	39302296.7014254	37081777.4249534
MED25	120698735.79835	166767151.446692
HLA-DRA	4581563.98336881	1249812.44691184
KIF21A	25650638.1922434	244542437.455959
TTC1	26933722.3290097	24618638.4139358
ARHGAP31	19772700.3597921	55884925.5639014
IST1	1790175435.01802	406763209.57879
VPS33A	5557673.70877069	286554340.531864
TRAPPC1	18370664.4717509	1279031722.10749
CDK2	0	12074491.3975961
BECN1	9797585.01535357	91802558.694606
FZR1	591537077.515231	1483433123.24578
SLC38A2	65746671.5771472	334681281.961023
FOCAD	1759969.18240436	31272050.6464218
RCAN1	31659402.2918105	7407663.90721039
FOXJ3	6320578.83183658	8116601.44512697
CNNM3	83462861.8800614	3270346.60916557
ORMDL2	8349986.29723076	1155665484.35086
HIP1	68817566.0694016	57605714.0804783
IRF1	8078135.17292001	47617070.1599096
MEF2A	0	0
HDAC11	72308535.592732	203731934.375254
APMAP	400950627.35388	48282567.1134361
VPS26A	1612470.03734628	632841230.701293
CHAF1A	1142663276.24128	274770156.579283
TLE3	11289386.0564643	0
HACD3	832959.607131619	23079196.5262876
ARHGAP10	26324405.9043818	170493302.551894
CFAP298	359608978.605273	28977258.777662
NUP54	9046579.2016231	22723585.503561
ASB3	14624503.9300377	53056034.6444127
ORC3	563743219.963998	910303828.338612
CAPZA2	22844595.3954259	2873207.36919515
ACBD3	23161985.8646095	516419525.937096
PDIA6	1916125.13241952	49641389.6491673
ERMP1	56252872.5483739	119107339.829313
STARD9	23541674.7594979	220535248.542958
NRP2	34417168.5826271	0
BLMH	17645687.0432681	13395733.0243779
C4A	68446115.7049369	0
TIMP1	597640667.467286	35154088.5180467
KLHL11	12166273.2921934	71828474.9312849
ADNP2	88260893.3831603	117884732.231566
IFT80	21486812.422449	106681889.198345
GALNT18	4880259.94878687	17826114.5068115
MYDGF	787043737.379168	17843073.5689249
LPIN1	35882937.0589474	486356734.060103
SH3GLB1	4661515.89433091	102846866.532849
EML1	6998829.14496653	23085805.9330633
PHAX	72208922.86076	116205249.148785
PDE5A	6636629.63369363	87203901.7674521
LUC7L2	59918752.4269197	5543204.27127687
RPGRIP1L	63998464.5459681	298580092.681305
COX6A1	10354108.3203572	5691993446.43397
PXDN	579262534.97023	0
LRIF1	0	429091083.336471
RMND5B	5336436.5801498	181665552.347318
SNU13	1982451.94690194	666848474.23036
PIGG	67405388.7425356	62955446.4230367
HELLS	101222570.620677	6527646.84028007
RPS6KC1	620300169.877148	2795116.81408695
ACOX3	837527982.971166	395180475.749308
WDR90	435175514.040846	274007169.567265
HAUS6	265068252.581373	12383780.996137
PJA1	0	0
NEURL1B	819680831.261966	0
OBSL1	151134027.288749	28078779.0347287
REXO2	91795754.0196447	8270515.30760745
UCK2	16748488.4020323	238111056.796128
0	30510365.9028106	104215781.061316
COPS8	1333320716.14151	195408886.184208
ORC4	0	100121304.81546
RBM39	25919453.0336383	37622152.956967
PTPN1	136175530.558534	7171336.84520224
AKAP8L	47162487.6908901	88010675.8936495
PLCB3	151263669.160454	89983526.2532924
SLC2A6	3677220.49482894	3557532.95670427
DFFA	16546047.9201013	141189416.330064
UBP1	0	5605681.2952243
RBM34	15020740.8515303	564529034.215794
VAT1	96103423.3920671	490803580.463243
SESN1	16296304.9026849	122076719.851494
FUBP1	7267859.47352208	20585814.1683394
H6PD	22232694.3425828	17021029.0240944
PPHLN1	42114743.4247817	72723970.5471415
PSMB6	772699.847609463	76377424.1157904
BCCIP	0	23998864.5035042
PTPRF	3806794.30990006	38947168.6522472
LEPR	5047858.29756909	160709460.4878
KLHDC3	2073447.41994445	126693880.491792
ADD2	520913289.171004	45879983.7215543
ITGB5	311167121.523714	222556925.210195
TCF12	608865555.57665	47758888.9272813
TCOF1	1285509119.11411	187711.794179578
ELOVL1	1555058.43791455	432571731.423675
SH2D4A	1193045.77677609	892108404.197946
ANKRD11	285561879.515813	3558955.11788131
SKIC2	0	49335832.0621989
UBXN6	198707010.092229	184747928.968853
SLC25A46	30271359.0268852	22378730.8591187
PNPLA2	21418824.5513403	374729980.766235
LDHB	64405618.701991	13241449.86916
ST13	4858951.20982593	81309244.2619852
NUP58	143337305.402931	15133016.1413577
MAPRE1	1197614.91208269	439262350.637088
WDR46	730196275.619577	50402497.7871758
TTC8	0	51899448.175561
PRRC2A	47157814.9051052	69266895.7697896
CSTF2	1651524168.79529	5389752.65978684
ZNF518A	59467346.7383007	77615375.1206869
ZSWIM3	8344915.95751672	18348054.4702254
SFMBT1	82386199.5312629	21959796.4383784
HSPBP1	0	29015450.2641886
MDC1	205827746.97629	213015308.464924
ZNF765	0	0
RLIG1	1106794.54636475	228879034.708606
CENPN	2428003.94776075	36273329.1182026
KIF18B	6217505005.62299	69936695.2801682
PRKCSH	12620365.6760526	19572797.3696554
CSNK1A1	59794860.1825776	762462691.164587
EVI5L	706012174.200727	36153576.2873351
KDM4A	89466802.0144693	5804965.35912122
CAPN7	16270650.2819858	57140327.6996711
NDUFS1	6764263.6360987	48623318.207455
UCHL5	46198217.8486591	69043510.9143085
STK10	25304356.0200808	67184384.8347722
ASAP3	37402807.9417285	157863786.883774
FNIP2	9413705.16356077	66864954.6098841
CHMP2A	0	77689013.7773169
RPRD1A	874443721.126168	244913874.154636
PHC1	0	108049718.799239
RSU1	254276021.575408	127157716.239766
PTGES3	18062733.6637437	50317147.3957268
LIFR	125716789.284074	50717075.9854997
PDE1C	50151552.8651987	28477905.0746167
TXNL1	56347954.3126543	1282761860.21359
CTDSPL2	261596030.217119	151909923.975315
ABHD3	0	9435665.84464003
CKS1B	2236669.47308802	23650848.9817357
GAA	22964402.4807683	149704285.361118
STN1	211629498.923789	25003361.6980509
DCK	115345814.449401	6806933.05391646
N4BP2	50990380.3238777	0
SCD	5876883803.23902	246270337.348089
RPS25	2670266.42303772	23068164.1563035
CMAS	163767967.789598	220848503.20499
MBNL2	48822225.7603143	12339918.5636129
IVD	500374.993063437	61030430.2082747
GPC4	201428435.493441	0
LGALS3	911241487.398707	33855255.6979444
USP25	233567976.809302	53270251.7669789
RNF111	314800003.201803	458070530.42725
PWWP3A	86953040.5818642	80747837.6638689
PRMT3	13983887.21261	208416976.048838
MOB1A	61067535.0565154	400031407.589643
TRIM5	27243970.9870385	396073133.925743
YWHAB	0	168109.614840947
SPTBN4	0	1637580.50912907
AFAP1	411130256.341715	2097440.56695312
CCP110	2374009.9386926	475275209.622983
SMYD3	1844811240.16047	3307601.26656495
ADAMTS9	219156500.957976	0
SVIL	42231254.155456	60802839.0272866
CHMP3	317717596.729991	22802073.1402844
IDH3G	5204252.16676969	8461614.0179525
TRMT1	59460191.384767	69647770.6782049
GRAMD4	4537824.00809388	12340453.717545
SMARCD2	324744296.855237	11585570.6462227
TXLNG	0	23267622.5303886
PLD3	332573686.206325	4378138.10363101
MALT1	266060854.126429	19987187.558659
SLC25A24	0	144790924.855689
CEP152	40865965.8663404	45015969.4490289
SLC3A2	40330236.220713	49295832.9071645
NUDT21	60964849.2246655	4724078.0699079
ENPP1	1776025554.47042	19467804.8570646
EIF2AK4	15478574.0070932	67124891.2865753
RNF31	642977148.222098	96546383.3740877
YES1	735624.112049898	13622659.7240715
PER2	426622017.690838	70067111.6787343
BTN3A2	0	0
PDLIM5	470204663.262333	4679085.27504541
AGPAT5	130859798.240477	183832873.584531
POLD2	3754109.92485791	14053173.9225663
PLK1	31579051010.1728	34305158.3295196
TEAD4	0	50901494.4455176
PLBD2	11568133.3269271	219758113.86451
NRG1	0	158444506.709126
GADD45A	0	341131547.589553
CLIP4	6130687.84950064	113892439.204842
RPL7A	1987607.01531017	97908867.9632379
MGAT4B	272774301.18184	57170729.9649969
PIN1	481273234.035406	11957719.1460749
UGP2	10250972.6456472	18728030.2753272
CIAO2B	274558856.871678	1528525136.17937
SPIRE1	179341648.263984	49114300.1728743
JARID2	23756319.7916196	43713099.0320969
KLHL2	44514993.0776098	5279695.46874821
HSF2	32990640.6078641	568372541.520016
PPP1R13L	381744778.925793	165001969.768699
CBFA2T2	2947267.21837763	34919490.7735657
RPA2	129847228.969301	605842007.344976
PTPA	5046136.57004667	408661804.309558
SNRPD3	2524491.21741426	2037999.24600104
JAK2	66339002.2223402	63181927.3011469
SF1	79817364.8232516	3812926.2196278
0	10284437.7244985	82087275.589524
NUP50	0	1129248407.07847
TOM1L2	97580770.4785445	52418409.2371786
YEATS4	9236788.34417344	271072826.282376
AATF	4231399.36031999	479930.474216542
BRD4	25688233.6767197	0
PEX1	8386649.36174045	52512693.2289223
NOP14	63156958.2985584	91578472.6383788
0	0	0
RRAGD	4450010.76675365	0
VCL	28462407.2939227	41519420.5689787
TYW1	9429514.0726029	32151806.7006742
EMILIN1	38646919.7943359	191464174.050806
BTBD2	5453495.17686002	289284030.809358
RBL2	4482356.13077873	6186829.89180872
TGM3	892264.562777557	14069875.6215818
ATXN2	49533034.3156387	74703158.455679
ZFYVE27	95261933.2668163	833886.86369889
ZNF770	106989064.402498	21855997.0439966
APAF1	26561557.8691623	341287414.847364
SPRYD3	441918147.965884	20402862.5455214
PPP1R21	3605082.48441909	13522385.1642181
TCAF2	5418951.36877329	17889285.8094263
TUT4	0	101631957.30786
CNOT9	654115300.848865	36147145.1464973
DDR2	331321493.691976	11998156.9493519
ZFYVE9	6213521.49421881	108088406.08619
CLPTM1L	366841977.487335	28714359.80299
SSBP1	24201361.7076784	129341658.457026
ARFIP2	7682000.72841889	279680254.401283
SF3A2	0	149605075.58721
PMS2	28342675.0024087	68728171.2231662
CAB39	8651182.70469631	10080770.6663765
SCFD1	0	54460097.3896892
CNOT6L	4848870.32837318	227935372.418635
CASP4	22563370.6457751	94728960.1863149
CDAN1	173469907.328705	50957703.6473751
MICAL1	47176245.3906117	0
TRIM4	173208364.77303	37097173.5523319
ILRUN	238116.261921127	40491728.5668045
VPS28	10802687.5272316	27727544.6244509
KLHL21	7239753.05653475	91095437.8421983
UROD	803606347.100323	3658173.123776
RALGPS2	97530377.1643504	332111564.995266
PCDHB10	47625208.4386272	9393130.14757989
DNTTIP2	252545890.536191	1775308496.87459
SRGAP1	34116736.1253914	24982999.6712587
TLK1	9740153.42226968	0
KRTCAP2	0	31394478.0090539
COMMD4	3474158.76386655	117428544.329607
KIAA0586	33133630.8175306	23792911.3730992
ZBTB21	445860743.965617	31290209.1518254
GRWD1	264564171.972615	70444876.3691548
CTSB	58137578.4172048	30626822.8698335
EHD1	30065580.4344923	193853459.394838
WDR76	283483800.198259	3576537.37163518
ZC3H14	9039246.79010676	13519575.4002583
MAN1A2	0	0
KANSL3	16932416.2872794	25926812.6704584
RIOK2	0	123282775.256404
S100A7	12444640.1455351	34029907.0245945
INPPL1	375390401.573804	132318479.396519
MICU2	1994944837.3041	34043404.8226575
ATP1A3	0	1471929.89633876
IRF2BP1	2596889565.83972	50799883.9196094
RBPMS	1276084409.39531	5638026.1484816
CREB3L1	5744829.64405825	387076010.531773
KCTD20	60669992.4860507	115354806.524243
PHTF2	0	122583928.746615
ATRN	619031704.457457	161180099.881395
VCPIP1	51761264.2570227	180488743.843266
NFKB1	7998061.8457621	18347747.1248501
UTP3	5889580.11568536	560935763.732724
SEPTIN9	0	1136815.40114704
CITED2	608693712.068107	581596362.427645
TSC1	6347763.20428862	30124630.9412285
TBC1D31	276093589.634707	44088884.8291594
ARHGAP1	922918.801982921	109091113.790941
RBM23	16523186.7127391	213366247.452578
DDX59	21784631.9205977	52125234.592808
GPN2	100033374.155909	16253983.9692732
API5	85684473.9963676	71086552.801199
RPL26	12519914.6590608	307623059.76885
NDUFV1	0	60060234.7777872
TRMT12	762009.411822728	325344024.517022
MRTFA	25054030.3921485	121488979.14227
ZNF106	409649674.307876	315488811.29683
MTHFR	0	102660471.988357
ALDH16A1	251248246.047951	114233400.62708
NAGLU	18400586.5014377	24155112.8988521
FGFR1	86006424.6392929	147290575.222854
MAGEB2	356988.623740929	12719004669.9861
H2AC21	0	0
ZNF326	66357010.3833058	0
ERLIN2	13423899.5875067	154495247.10608
RNF123	5613328.60592493	150756392.563425
SGCB	1942404.24735036	79161080.0961599
VBP1	0	4971103.07225895
SP1	48147198.9993535	6856789.25218144
MRPS7	26288850.7034264	320923961.221029
TCF3	2848081430.24489	155833362.29392
PPP4R3C	401571.437602749	124022153.971432
CACYBP	8101051.12602802	13451435.856908
SCYL2	20038021.7001926	101621410.344638
PFDN5	818973407.306383	367448970.236266
DERL1	113874087.580686	9817730.06295103
ECI2	10915730.9701873	124069576.770269
PPP3CC	74595616.7175218	0
DCP1A	7688558.35646398	48960400.6388287
MRPS34	541343494.79053	22906027.0256781
PARP8	217922196.522901	7978583.78632778
ATP1B3	46753840.1193129	77440133.6775108
ME1	386121672.976005	7454760.48500002
RADX	167101981.910815	12198362.1360383
GPT2	20924910.119104	20251364.1017601
PLEKHM2	59478358.2519277	13218154.2983294
PPIP5K2	1020890.59858853	92447197.2279828
ETV3	160246770.951855	277188901.214903
ANXA5	0	65307769.6191698
SAMD11	2300784182.33461	32040080.7621307
NHERF1	77493713.1724734	292247078.014469
GIPC1	1197316852.27821	55554990.0800603
SGSM3	92582999.587355	27836967.8612197
EXOC8	216145550.935644	114341103.843523
PHF14	19324463.5071401	615948577.717435
KAT14	26100315.4025833	834089.859806076
CRAMP1	37058072.0401648	54092524.1503245
AKIP1	212934370.378427	625805032.165038
GOLGA5	18950210.7319197	83998871.5222987
CRTAP	2047168.20758353	248220123.324804
POGK	139409860.541641	35936534.6083519
PSEN1	148931723.246393	0
MKRN2	111841287.562175	101461493.075162
PLA2G15	112993100.468918	114779562.172979
NEMF	66202383.2778981	34918084.3255748
NBEAL2	53998161.6669663	273399893.691475
CHAF1B	419854035.565791	177853710.651301
STMN1	38498017.456169	1411059433.5128
RPL23	2641733957.91573	769233.965892152
CAMSAP2	13122723.1490545	175242263.749813
AIG1	3262281.74224298	389462586.029748
NAE1	4826021.54800663	1562637.68226974
DCAF15	5301156.57033589	83988621.0090473
DHX40	19955728.0025916	18644289.7039468
DIMT1	22919624.7596603	40363682.1235756
FCHSD2	23545379.984829	1571006.90149753
SUSD5	722650.021487526	1682536.30302425
TUBD1	11984263.8575168	111133792.208127
MARK2	4964767.72841882	51956219.2896063
TBC1D19	156429377.951599	1624907.81750113
TANGO6	1098576.83038887	453986740.781542
CSF1	50623496.6716015	18545246.3028792
ACAD11	9896531.53783949	1155011192.97236
NME7	52550015.3728229	119531765.680257
LIG3	872084.030256885	395530869.208675
KAT6B	0	8277748.82300048
PIBF1	1467179.96513159	14588163.7590201
KIF18A	120051845.179069	97226375.3807575
IFIT1	49994972.851317	48976400.5732784
RMC1	8971026.16765553	7295855.29710469
GREB1L	14982242.6574245	62000276.4003912
FANCM	0	26263895.2025652
BOD1L1	223939911.252907	25878892.1007898
COPS2	14555712.9847637	0
MAN1A1	501494.29654457	83985941.0462281
NOTCH2	27872949.2726914	18151898.6122418
CTSA	837714652.965609	0
TDG	4082321.74612784	245193751.107244
MMP2	18133917.8476418	14014423.5514086
FOXP1	2389513075.59778	123664344.20506
PLCB1	816746558.981839	19576730.2327354
ZWILCH	15366089.9964392	47316744.5642612
ZNF407	378837684.578467	44206573.384206
TTLL12	30749671.8195036	28642756.7206588
AFF2	22556058.2298579	8585516.60359147
TXNDC9	51601111.7316064	1143302450.84147
0	11020274.4742395	135821547.435645
MLKL	2504684.83941438	36797936.4724621
GSTK1	52322618.0435416	10575278.9046156
TRPV2	21951814.5952559	659996996.040071
CADPS2	346293687.00248	5531950.37820068
GJA1	1259599247.63796	214166292.217212
GPN1	178758084.934421	1080978515.81884
BCL9L	27531053.4181744	11233960.0482257
RPS14	4401454.61066426	50854828.2375711
NBPF1	21532749.0276321	35603121.0024327
RFC2	0	9283516.63906633
NYNRIN	134974399.375172	10556975.5178177
LZTS1	21350198.8440742	6155745.65862994
CCDC82	40927970.0785498	28292988.4554946
PDP1	2749271832.05757	4070513.2248625
FOXM1	1834077463.72401	375735794.605093
ATP1A2	0	8224387.44953702
HACL1	294010.528807271	64381144.1917397
KMT2B	34768941.1323807	24325658.5940269
MOCOS	244069209.697362	74735580.0384857
AKIRIN1	18036416.837941	52605604.3928844
CNOT11	163611863.049502	53920269.5152182
GPR107	5935116.69501893	240795740.911136
SMG7	245243841.013036	1532927.36860508
PLCB4	37911117.1417678	2176781.53129416
DCTN3	653835969.059472	38552367.5340695
GZF1	86348277.8924993	57852476.5448369
HMGB2	12271184450.7345	34862081.0584667
RAD1	170917771.30203	144744158.687168
PNP	125390027.910159	7026964.51934797
WDR75	104665782.05912	7111009.75060759
GAGE12B; GAGE12C; GAGE12D; GAGE12E	0	535511183.796398
GSTA4	2670330.39532092	25962854.5014915
EHBP1L1	1587682.67606648	194460198.369556
RRP7A	17374933.125005	70628383.2003363
ZNF197	5297458.96844108	47461938.4270445
DSP	53569517.8929299	13817977.0479039
BLM	142031136.934385	735994659.394997
PM20D2	3851787.84608979	170276534.886118
PHLDA1	48865.5978850213	5859672.71009825
IL17RA	133507605.624442	36444420.1530516
RNF215	65053975.9585631	27195602.7443351
ERP44	115713382.524882	522528553.786643
ATG2B	16854803.6700896	2499861.73399128
ARHGEF12	93891983.8710509	6261429.1002323
C3	63428246.0417134	35311896.1553429
CORO1B	1431161.96087424	250472709.809308
SPRTN	456902793.741989	47509630.2235144
ZC3H18	1946787955.91424	302055102.204047
DNAJC2	10693124.4940188	30876563.2450379
SRXN1	32451162.0075707	5987788555.70886
PSMB9	35213590.4853341	151659544.64532
BRD9	742507270.519932	5833575.58276229
0	28369583.9555824	6442853.03312843
MAP2K2	80762516.6757271	3339207.65752523
0	14155059.6873134	42986445.568571
RABGAP1	235241904.768624	55840037.976076
DKC1	251125.2545929	332859224.321338
CDK7	0	221581179.299015
SIRT1	4399349.55924883	153564348.41172
RNMT	160270077.81011	410059784.084635
AKT2	808596140.739593	6934486.36797136
SASH1	489659060.680862	8027346.57683851
PIAS3	512380257.319012	148125931.772143
ZC3H12C	43931470.4493755	0
HGF	15745960178.9777	4477363.97901434
NBPF15	0	0
ATOSA	60065386.2412808	99894820.180208
PRMT7	614939362.138621	1393449.19080887
COQ7	342106.224635154	75574355.0266439
AKAP6	30322743.8299159	46326403.2120874
NFYA	16756517.4722387	9239738.83154714
U2AF2	72892577.7485527	9980049.93015089
ZDBF2	45571605.0283615	50349242.1886537
SGK1	470298759.620171	110276533.258943
SLC25A32	10044128.8508635	16890399.5951247
TP53BP1	1794643925.77731	7216071.2372196
KIDINS220	38570829.6405517	26964178.9332761
CPNE2	46167663.4869521	33433652.0538205
ADCY3	366494283.078691	118206831.576119
ATG4B	194985681.424048	191019006.865327
PGM2L1	144734.551020464	3295710.31639314
ZSWIM5	32391357.7267752	14567609.8543915
UBAC2	90853268.4936708	60846677.6843388
GMDS	13664547.0609451	1156326432.2097
SRSF10	1473979842.47365	99111352.4718206
TRIB3	259575114.183631	2632034.17618179
MTMR3	35813928.682735	16301543.2754602
CNOT2	65544902.838746	118785876.756472
TUT1	192284991.300478	43949647.1864676
INTS13	2943909.19817044	17564745.5376157
TUFT1	197709998.434261	4487097.34670089
ARMCX2	0	82546362.1004962
CKAP2	68278999.8491185	317698806.78324
PSD3	35329718.9792585	1011346.62199908
PAXIP1	388970651.842959	13199370.2651003
CPS1	18373784.3986995	799546.429453298
PACS1	63437339.336676	12412900.2722247
CASP14	4264443.45295968	22690205.2288064
RRP15	230198596.164493	27099599.7110173
CIAO1	15527136.3659322	74352230.1774445
HNRNPH3	0	64508736.6287022
SNX4	17723422.5404496	74283273.4031346
RNASEH2A	355280898.75974	18010056.2479357
TXNDC5	11835069.1192174	19399369.3568485
ELL2	14787669.4092364	11670119.3547052
WWC2	27744667.7829618	21070562.5226593
PELP1	33837435.0789099	14365468.4480691
TAX1BP1	1007922.81673306	59875511.4005018
MED27	1627835262.28602	294789085.812751
ANP32B	60684011.8530859	653285374.571142
TIMM17A	29043743.1542559	395790050.217148
RTCB	62406177.1386758	204077952.855968
NOL8	0	212552957.695734
TRIM22	50994322.8241521	9601351.23848761
COASY	113915870.3361	553460818.708736
ALPK2	65248297.6034528	44873709.7847016
CFH	2423695.65423024	7061546.9985315
SKIL	28086110.5395404	20035837.7978543
RPL12	31594646.7954765	95653681.6135083
NIP7	0	49990337.6728269
FNDC3A	342987133.014655	55346698.3661896
MIEF1	447701687.700356	73250241.0132023
MAP3K2	38656556.1891236	6611705.30988504
ZNF264	59158336.1188795	125476233.67976
EPB41L1	9525348.75144308	9522090.87114595
UEVLD	92422282.8742812	202871670.522937
MTMR9	28708528.9800909	27102884.6634126
ARMCX3	93318409.6241119	19940729.7200995
ZNF92	125090618.163978	33982423.152514
IGHMBP2	2918971.01975702	119664894.564805
FAM111B	0	97018294.6112401
KLF5	5445496.9855717	13339914.3403928
HIPK2	36916195.9483449	0
NOP2	64150044.4290798	3293211.29052584
HIBCH	140453308.08207	12440378.5955703
RREB1	53431679.5904025	4480846.85514542
PIGS	491463192.919416	28400057.765499
CSNK1D	34460602.3409837	181853542.870464
FLT4	217468879.502529	0
SAR1B	2560852.53478372	5791639.45796277
PRDX5	407066.740168218	1912193665.42354
UTP6	473076366.185326	254813779.991863
NELFA	114203978.690147	95248405.0094604
TSEN15	54570359.2450627	793013292.44476
SAMD8	52777224.9056492	24315403.1587065
PCMT1	18475271.0681786	11659604.1629618
MRPL28	5430596.08531778	40183834.0206292
LDOC1	43122499.1895993	0
DCAF17	49157042.237679	19701624.6561673
RIOK1	5844226.56171554	90321394.1771971
HEG1	67027758.496225	104011097.480755
BTBD9	54480.2111099979	0
CCDC66	45148588.2741932	201832509.16064
ACY1	57356096.3857068	52808324.4761881
PXN	6927258.97313215	32157468.7013088
GTF2IRD1	320829592.266109	43967015.6718268
SYNPO	143330566.906497	112964641.238601
ATP6V1D	36915850.9657817	59708470.7791646
MRPL54	9235373.51777266	422754892.636407
TGFBRAP1	203026.162537404	20922995.4511045
ZBTB11	31628067.9012707	20752113.9378847
FMNL1	29454492.0242711	97253767.3670211
RNPEP	3687873.02183506	338233363.619294
KPTN	676185491.539622	263278645.926643
PMF1	40102761.3925299	36552808.9439316
DSE	10751467.6685633	7072754.00677087
DCLK1	2524736629.9792	0
TBP	864107369.773734	90697563.2597315
MYO19	33114926.876807	150956740.970572
PLEKHM1	7065212.3078052	11839757.7615895
ASMTL	107073540.901191	35617760.0848222
ZNF850	0	106473638.221539
MAT2B	711062235.846753	86566808.663973
POMP	83567629.3239348	17196122.4889297
FAM193B	576505784.189664	15977673.0430338
HMG20B	229016366.042895	4659276.20983681
BAG5	5717375.10329865	68676537.5543249
STK26	8031267.19934266	33774327.1432323
YBX3	892995939.23266	1845569.24059613
ITGA1	17330333.8779926	399360704.792301
ITM2C	43778408.8031282	64644241.641268
GTF3C5	5762028.82792684	306380335.50729
MPP2	5217130.40556015	82169940.733685
PALS2	370003632.246287	95362710.993279
VPS8	0	205775350.137923
CCDC14	165716148.596011	6737098.82250985
PLXNB3	2990631.1313855	368527644.438484
MAML2	23744693.486232	11713365.2221994
TRABD2A	28159445.4906042	49694815.0141069
CHORDC1	0	5039940.07516399
GSK3B	936705161.632044	185347009.09641
PTPN12	16422087.5247939	1022085510.65712
EXOC5	7460688.78755161	37712957.6162048
ZBED1	1357868.76411364	135204274.042136
SENP5	22465912.5373762	41655198.0094025
RPS5	15273894.0859185	5813433788.73832
ZFR	585068696.511777	37783869.9730784
RPLP0	2222932.78483709	143284454.861597
PARD3	12723257.7205397	35667014.5587348
TGIF1	53878097.5026241	45024695.6200786
SLC30A5	813389423.156489	87234816.361834
UFSP2	4247278.51795498	46205006.111757
CIAO3	210147375.348084	6237867.29333593
NDUFS5	82979950.8645713	3323629.73152374
MBTPS1	231392827.853978	115989774.369488
RALY	15187066.5560065	0
PHF5A	17377427.9241022	2022032.52766835
WIZ	1113182746.12721	3860848.93509554
NDUFA5	0	28849387.7057009
PLEKHG2	2734536005.07408	36766390.7108681
SH3BP1	40457131.2118056	34410209.6046878
AACS	0	35211349.6600452
KIAA1549	48917348.1735489	47805177.0593871
ASNSD1	18676815.2192432	41738622.667406
SEPTIN5	88401869.834016	7469261.82050956
VAC14	0	274572791.184671
ETFB	0	434587323.134948
CCNF	81190096.6021815	136269481.275993
MYADM	87135890.5153799	22017666.8025907
CDCA2	86941919.0114858	132888118.085992
NID1	371854172.133647	10219301.2223573
CEP76	18044418.7374298	350772860.220571
RIC8A	364830344.109615	467911556.576445
LAMP1	1287745201.56049	60268259.1269692
PIEZO2	679925.763393632	4184443.113698
ATF6B	2592078.11970007	385645189.2824
RPS6	762893.230551027	92223982.3812582
EDF1	80087694.833161	2761435259.95932
MAP3K5	407710.905579355	53049541.4195578
XIAP	169173645.266257	978365502.584206
ZIC1	0	0
DUSP1	1914800.83229783	254654913.047972
SLC26A2	40898635.3654379	56216454.9356532
ZBTB20	12321165.5788402	145739175.91282
SOHLH2	6483029.60625166	2117527139.67594
TOGARAM1	55406830.227166	456396.907437249
ACO2	19318621.6570644	22210359.0142616
STUB1	0	456765396.366035
HECTD2	97739754.7483871	26579059.5413892
RCOR1	213125045.825393	113689324.618683
0	84298733.3764465	148689254.146834
CAND2	29798987.4681802	10165661.5107489
CERS6	247628176.742613	34377570.9751077
BNIP2	22044739.8839807	1065139936.11815
SP140L	15345966.5353736	18355655.3283992
ACTR1B	0	321932310.681427
NEDD4L	29454104.3129404	11501258.8917402
OTUD7B	340010.132901583	5654283.45587114
PNPLA6	44747473.7305058	137689268.913319
EFHC1	359239255.98346	8815149.94421146
CAMK1D	949199.585531807	105829561.526969
MBNL1	66020024.8578226	0
RNF216	1038144033.7304	161522032.689318
PTPN2	22062283.4830418	58370430.7752002
METTL2B	0	59089160.7418904
CRKL	35365115.9892474	0
COG2	25755235.8169107	121127440.960593
TBC1D13	0	82788188.4903919
CSRP2	22477817.9800077	129557296.947165
LONRF1	81927461.4950445	6692103.95660049
IDH3B	18205976.5793727	666389.872238242
MAFB	7807827.14711068	750238.792973515
PLPP5	11415468.5404691	25531300.8316113
ALDH18A1	39699218.4440221	3194635.69021866
ANKIB1	104258561.37697	391931903.557893
PIGN	24733170.8370245	48741631.8891042
EML4	3723961.1632516	29305821.6724085
PDPK1	120549087.924944	83725147.3421311
KIAA2013	13685511.7218469	0
RPAP1	66917045.6898945	56503427.7939765
CTC1	185056638.357334	21820049.8236462
SLC35A1	63027175.525234	162041159.625835
GPR155	523807467.800463	2872918.27679867
RHPN2	8895007.3492429	59783259.7086932
RPS3	258017481.640844	24344371.3966499
MKRN1	728619214.769022	7805200.95467946
ABHD16A	0	18361443.4382794
CELF1	339293193.790713	2538425159.89311
RBM33	16662136.1000617	2268721.4515723
FBXL3	617735.848105707	1594685031.34183
LRIG3	54487068.648132	23043034.4164643
GDAP2	37067691.5948514	44436445.9744393
MED16	66905514.5608243	57598897.8370665
C9orf78	0	220066311.684023
MRPL19	0	45555367.8231753
AIP	3060154.86961039	47648886.2347964
SEMA3C	567714.87591172	20753969.6512216
TAPBPL	1682416.90380165	3813001.94631724
PPA2	5142931.84800838	19778966.3268485
KLHL8	31821448.0682031	818282227.436253
AXIN1	979131963.729109	435776122.893689
DONSON	734676991.471738	444005316.523126
ARL6IP1	13726972.3195993	869573353.615897
PSMA6	0	116201678.014106
CCNT1	22315284.5190502	74799449.6902882
WDR54	1386004.14447787	1817403734.2782
MBD4	41286141.3772488	2019097.43601059
CSNK1E	607193.435462047	0
PCYOX1	44557008.7857493	23062171.4408943
COG6	17118591.6276551	12033410.8244373
PHAF1	720260.210199895	51323064.83102
ZNF451	480462130.789081	34348367.6452167
H1-0	4961360.01666523	18356380.7665011
MVP	4418157.17715234	97539953.2619624
CDC6	1484772.35404834	188546476.007633
ZNF845	299126.136423306	0
NCOA5	274529852.307365	5290281.32074671
PPP4R3A	0	1183290545.13728
KIAA0232	414841.792141743	142083594.000615
RTF2	11708608.5199326	201713516.291562
FIP1L1	29627298.0547971	161963875.783178
NCK2	0	36045203.9302936
ERO1A	0	71696865.1962193
MED18	12258065.144994	97411014.0511218
HM13	5711040.47005315	92145678.3631421
0	162418055.814827	171381715.385031
HACD1	78821.8633090375	83651818.3775807
ENTPD4	168061602.496449	14509144.2098899
KIF26B	14843467.4430154	1032119.8082058
ATP5MG	276117.150325165	32317759.4049873
ITPKC	5980995.7011895	37444352.1272788
SARNP	4524592.38559071	135470584.843755
OGDH	89381216.4924775	24093760.9471509
VAV2	11754686.0413491	55909910.6120486
CRYZ	0	1535686482.65735
SMARCC2	0	3125034.10043613
DVL2	12681861.530409	163815671.288065
POLR3K	433889019.698187	16436705.1970338
OGFR	68299170.1725665	91329240.5928236
G2E3	0	477877393.665122
MAST3	0	0
STK25	123833019.520463	76160553.0820646
PAQR4	3398956160.28811	814117161.328896
PGLS	90230902.5363652	69857898.8272246
EMSY	273576274.23048	2812163.84407557
EEF2K	189342783.861579	58202666.5118476
RRN3	2682097.68698818	169189914.991503
NPLOC4	28114551.040487	347190101.241907
PNPLA8	582292949.057746	66194552.5367219
ARHGEF10	137476512.009891	37731843.9652596
ESS2	569383797.561422	4229694.08403092
LZTR1	258175956.121804	36135458.8976308
SFN	1892705.41622795	23666389.7568559
DGUOK	263818439.891356	21293048.9761097
TRIM35	50347436.6502404	111747066.658203
TARDBP	98757161.8962356	520111364.513201
RBL1	2038233.27738036	1315344868.00049
STAT5A	22870379.22163	41620701.5957756
TMEM184B	6887501.43241165	21102999.5540811
NFIA	23008123.3151927	986031.013466958
DCLRE1B	105117415.942846	3023587.50076465
ARHGEF17	29961555.5977876	46365534.9999132
INPP5F	174204588.253323	1799306.88381745
RPL18A	191213246.096097	4912628.59234894
ANKRD28	303753021.660739	8340288.35485782
LASP1	139153517.102038	237906733.806128
UBE2S	1009536.57151317	44032609.6490725
ATF4	8034780.52279696	76673016.6597532
NFIX	0	54342474.1621287
HAUS2	105236629.863559	11592482.694631
UBE2D4	0	6783037.51253141
TCF7L1	248857300.55609	84809550.615159
APOO	0	165798378.572615
HMGN5	0	1552469.66528098
TRIM2	4834334.55643813	437581332.036571
CILK1	18614247.6264534	20269790.1237827
ERCC6L	231271321.11949	102101103.05107
BCAP31	0	485223615.654724
EHBP1	147454642.852795	38377621.4682194
ABHD17C	16459545.0033183	0
CS	18365181.9981277	449261576.347484
AP1S1	0	5181820.15675925
KANK1	32872658.3452903	21360764.4433688
USP38	74543743.8959656	60487431.4344966
SRPX	2985051129.69557	31493504.9792618
TRIP13	52063833.8079261	35331909.0741517
LDB1	69067932.6556337	15017922.2365822
GNL3L	24064788.5532486	7371237.43529501
RBFOX2	643204766.013128	17494020.0090324
SLC12A6	0	827639.746870905
CCS	31612754.61068	796949440.639653
SKA2	43374743.9130079	93223698.5765556
TMEM63B	3624273.86212606	36065141.7714496
HIPK3	87342432.698981	0
SAP18	3711598979.4549	837942.696338589
LPCAT3	0	184204531.198211
RMDN2	182256884.308314	20497941.4424049
PCDHB13	87503399.1343405	120383440.280518
LATS1	23446315.6200653	56737655.6008607
MDH2	87005595.9206868	96235344.6590721
STX18	30833163.551193	334771218.758272
STAT5B	0	45538217.9237482
UPP1	51829380.7377675	43963127.0339405
FPGS	0	71565319.5739545
CWC22	2024615403.74012	804943913.237522
BBS4	0	23128790.5441112
BLTP3B	697796260.244857	44588899.3206156
FCF1	2527099.73240984	780811427.236971
WDR5	0	0
APBB1	313790645.136272	264963.089457113
CDC20	6366535404.87164	47900297.5371448
DNAJB14	67189344.8996673	52559291.4634776
EPDR1	23320148.0591239	15822492.7481945
JUNB	0	49342491.24192
ATG5	3330619.09603363	15443391.2116733
DNAJC11	58516312.1770344	18818584.3993032
EPSTI1	5082802.30012532	0
ELMO1	528832.159932296	5458391.8239176
STRADA	265938281.327924	9323948.95957507
CCDC59	5352441.09383589	16904110.7714111
PCSK1N	207286405.739156	5877975.34874022
PSMB5	24187403.1002789	29391952.8697796
PACSIN3	4454208.916713	18217143.9075199
SAMM50	173146639.946201	23337876.1769334
WDHD1	9562021.34885874	951853619.364945
DAXX	25496202.9008472	61708165.5920676
IFT57	70862991.6051906	96318928.1561224
RUNX2	58198101.1256223	125322357.356822
SCAF4	9397113.15982368	43186892.3432523
KLF3	192188932.089913	0
NEFL	2611769675.98858	6897919.58167306
0	129935425.61646	7565770.12997716
SAV1	38331970.5269864	20761434.8019118
PPP2R5B	0	10259294.5972848
BRWD3	25100622.6207172	0
ATP1B1	7254700.74787913	69042268.3955384
PAQR8	189940796.707071	0
SHOC2	139138311.128558	188931733.3874
TBX18	167333037.923372	0
ACAT1	3685497.65391089	93697780.9847307
ATP6V1C1	4824465.94750946	691403611.811145
KMT2D	0	0
TCTN3	70646570.4278717	2042381.99721892
COPE	46875321.5557166	676566517.906779
TMEM131L	13544630.7888876	43450717.4500498
NPTX2	184778900.210276	0
ELP4	160363017.653204	219591197.521273
UBE3B	84686094.0551052	30476373.8697574
LRRC40	102431037.701324	171770476.087302
PHPT1	0	3020692615.61601
GMIP	54177425.7878439	0
TRMT10C	0	1447424.3785967
BYSL	0	147076158.893178
MAF	3146177.4823754	0
GSS	63785085.1251964	36271535.0430116
LANCL2	41110979.2708893	418688175.644323
CROT	37031838.0501022	2457113.16485665
OBI1	33128544.799415	66647263.5295234
SMG5	0	30600285.7924475
PDGFRB	63585635.9015582	89156859.5463496
GEN1	3522125338.8649	22271692.661811
ZNF557	128835101.259282	12177236.7350055
DENND4A	19115747.8757511	9474039.7482741
FCHO2	5318297.35756794	49403330.0586013
DNM1L	106910540.851985	3064432.28103639
CNOT3	4929356.95791714	13058889.5121836
EIF2AK2	1624154.00087534	19579794.8739415
TRNAU1AP	1203470.47601005	69526051.8995952
TBC1D8B	8062075.79591279	20849103.1077556
CA12	5554176.83410531	145150134.04955
BCAT1	3618252.96424122	178261257.078823
AURKB	386380819.630672	1077774000.33546
GORASP2	43872235.8320084	157879212.547095
PCF11	31959663.6099297	0
BTF3	7118267.63238588	3404907709.7088
LTA4H	183764137.487685	69802671.5721409
TPM4	0	109942474.997447
ABHD17B	161445776.009785	38073918.1730203
BAHD1	122724136.250115	59596025.8761999
MED17	0	136955171.287027
PIGH	178216796.581828	36346008.4323096
IFRD1	782934672.771698	1725681.54533549
SEPTIN8	254450874.074645	0
EHMT1	29801530.4851226	50532413.5278554
UBE2C	135627608.959414	14055411.2444622
PPWD1	145376407.001103	90717396.7114341
GTF2B	0	53871693.389624
MTG1	47796651.5052119	75257790.5316319
ZNF7	43608919.6953558	161671786.981879
ZNF888	14314913.2345834	25899250.0474115
DHDDS	87493171.6826483	16160916.2183494
UBR7	2295750.40758961	681190968.226322
CENPI	3652521.74063653	94974376.6504778
CNTLN	26451983.4790415	98718813.3330646
WBP2	40740187.9825027	22411804.6128232
FIRRM	21958671.2775495	77331699.1489441
TCIRG1	0	348140673.033261
RCC1	70983125.5212856	35254623.1654529
CNN1	0	0
ATG16L1	83513557.546612	48133459.6562128
CHSY1	0	29248039.9764618
TET2	223810632.591304	56799108.2933802
PSIP1	90302930.8232086	141123.182800922
NOB1	53786000.6496885	132044381.548275
KAT7	4650061.13898123	9956737.12629505
CROCC	48354887.7618344	97196825.1292564
TECPR1	105476412.611735	75713593.2152315
TAF1B	5845608.38465266	23838693.3340713
ZBED6	6812892.63229978	27146852.7024105
NEU1	316494423.544752	1540508.51656611
LATS2	0	24639855.7491877
GABPA	6240365.77617338	265684464.164827
CDKN3	1023292.35012747	12584915752.9637
VEZT	54811763.589569	8004022.44374412
TBRG4	0	293538100.222057
SLC12A2	382860034.697215	0
CHPT1	76205818.3627946	9846428.23383246
PEX3	122023840.602761	407098619.697396
RSL1D1	339833070.872904	1164050091.17826
RIGI	2347928.08548259	10621123.454817
ARL2BP	27228918.1289021	75790060.1042028
PKP4	15993922.8264643	109317500.962493
RPL35A	1485670.2047964	541295739.798234
FOXC1	72502110.8283744	68239326.0912815
SPATC1L	144626000.485205	245462975.63509
METTL3	67362721.0968592	17141320.52397
TMCO3	1024619.20331892	599865067.201522
IFITM2	0	30168328.2487761
NHLRC2	70963205.8003558	263349702.07581
TAPBP	47057059.6190557	36428084.4317384
ARFGAP3	7236623.67360328	1238589674.42743
COMMD6	6288905.94272002	879324.439867139
OTUD5	189480228.900956	90998829.765741
IL6ST	19886558.1585214	480609212.075009
EHMT2	0	0
BIRC2	21825033.1799971	31223812.9584899
TRIM34	1017672.27046464	171079894.085351
CHERP	2470488.18302967	108324107.119858
PEX5	335426582.916206	6708376.1280883
TBX2	8812624.16877973	0
OSGIN1	33763099.328544	20337163.3107333
MTRR	15846097.4858934	35869125.8522884
SOX8	921929922.418868	0
TMC7	7113306.42226503	27600986.5236233
SMARCD3	16366654.3469019	68581181.9113002
SH3PXD2B	42618931.8820551	32300442.1871953
MED1	356336639.150864	3017445.25591163
UAP1L1	22042252.8682781	4768688.622479
SSR1	28902874.4750095	28911084.4067338
GMPR	12899516.091535	221465234.947264
ZNF268	131806432.897586	5131963.12532883
RPL26L1	0	14279733.7046012
TMED10	1586326139.5542	4096095570.45241
TBC1D22A	304975661.132456	0
SLC33A1	239755669.158441	75575494.4732022
CRTC2	393096664.31464	8117286.96006484
BTBD7	38282957.9884179	87584474.8340923
ACOT7	12333311.951909	34056351.0141224
SMAD4	122714246.763052	145012134.933907
PDCD6	35214199.1598457	475501395.469368
PDE4B	6106812.54870973	32006819.8972075
AKIRIN2	183931165.495642	115184404.258008
SURF4	40397978.2922705	45905968.4380396
TAB2	202670278.465425	30194645.5272264
TCTN2	727365.399614788	42111548.0405791
MAN2B1	85997931.3286069	16392473.0584863
SERPINB1	211167.142209328	138520957.904107
PRR11	1593491098.26439	65442147.0992407
TICRR	36228117.7705582	21116740.5431488
NCKAP5L	40097480.3615187	1475587.62475147
ERLIN1	0	89938146.7979401
DYRK1A	3381392.74325403	47004782.9000337
DEK	277385214.501052	568779300.737256
OSGIN2	450250710.145102	37662197.4855285
OGFOD1	134275063.736608	1816132.84484019
POLR2C	983765021.82276	1996198.31901343
COPS5	0	55520333.1756062
TIMMDC1	6901096.18360779	175911275.652961
KDM7A	0	17420026.9594994
SGPP1	151250733.280081	24621921.0982986
NXN	4945992.23754438	8108505.41179456
KDELR2	144479.075845154	129400020.406296
ZNF45	4687646.36316663	26744636.1504948
RPS15	660019.019623414	531548504.198051
FER	74146354.0934716	11054364.6972369
ZSWIM1	6270635.54942494	266906634.496449
PSME3IP1	9273379.68993514	1817836272.73649
DIPK1A	17693705.2414183	4536969.95926232
PPFIA3	0	13401863.6804819
TPBG	18041621.0735938	11678693.0913825
DNPEP	99106303.1475407	33498822.4140491
PTPRS	166661802.687894	10901452.4927019
NSD3	84633689.3904073	68622838.3439559
NPTXR	412432814.96076	147828961.06954
ACD	1033019846.43104	160470588.780385
SMG8	304150543.319864	55044266.6893322
UBL7	1149160048.35536	110898258.711815
TCTN1	346538742.137126	57708457.9886861
MACROH2A1	19695261.6653001	4791228.91406053
SPTLC3	1461788.02936172	5885182.03126273
NCOA2	459431669.868081	7655750.21566537
MRPS30	1675602.63167831	142056402.71447
BCAS2	5571310.34058743	25333182.2103169
PRPF18	29645958.3383334	70622279.6596157
DGKH	65544094.6574847	0
WRNIP1	2943077.89904091	205905384.373151
KIAA0930	2630429442.14946	903422.787772159
RPP30	448063801.479248	9839326.27838772
SNX13	200151.492319094	65962199.1338285
PRIM1	18708030.2360954	22423693.6458151
FBXO30	0	50893547.0876419
FAIM	9008321.48448231	971067099.175583
NT5C3A	148839558.385859	106738952.960776
WASHC2A	1583117.42678305	17369509.3519318
UTP18	7753339.94952788	66160034.4138101
KIAA1671	54204788.1097551	17071445.9599033
EFCAB7	1653547.70079324	270148445.183156
ADGRL2	0	10733308.3764404
TRIOBP	78919995.5180265	3680028.67074379
GFM2	3448766.16209925	46371266.4296066
TRAFD1	1208493703.64414	87512384.3365529
PCIF1	0	48314995.0809884
MOCS3	111041413.648643	76626925.4937332
MAD2L2	2527730.73694167	1033892579.46217
GAK	24903367.6607595	162019789.931881
TMEM161A	9052012.06439434	15196051.3038532
FEM1B	519505201.89016	269046136.608143
GCLM	6428950.25978308	1411171.96111564
ATP5F1E	321979972.696401	416313380.748457
BPNT2	133909577.813157	7259650.59219164
MT-ND5	17797248.8750767	202628512.220288
IKBKG	0	282529797.043624
ADRM1	76974622.1160217	40558069.1267928
WDR45	777740534.492837	7893083.09344072
ABCD1	523139603.886428	10418259.973112
EID1	493903140.583996	10834225.9144898
RPS20	36783822.707247	98465212.6135395
RNF34	7265669.66161873	68808915.2994887
DNAJC6	66263222.0211483	1178944.31945131
POLQ	61906939.8221535	3830193.5959809
NOP16	1703384501.69695	679851.549971136
IFT70B	22399747.6616093	0
DDHD1	29877733.3770624	3419975.39278959
WDFY1	567660292.96685	15967926.0343511
ITM2B	34380806.4112165	4874383.83918289
BLZF1	11688926.7136409	182074212.42223
ARFIP1	1156840.1354611	56724411.0219559
SNAP29	0	90021223.6688199
MTFMT	44349538.6609251	27755032.4429416
RPS18	69640866.7665347	5309761.96714805
SP110	1557877.28482447	148032838.658958
DPY19L2	42820820.7070586	2624669.01261396
IGF2BP1	1451721.05062218	2796710.24000588
PARK7	1037704.63662392	62608509.5420015
MELK	134232718.692167	118316841.312949
PARP3	21269106.3494873	15694021.0994464
TMEM65	38784161.0888945	118558406.500494
SPATS2	4717803.39428962	159814849.928914
RAD18	209053780.367982	0
UBE2N	5461130.62248579	110167414.426907
PUS7L	258292.400639386	79443866.4333425
CEPT1	29454311.4234287	8707444.19250864
MYO6	10567975.4903163	45150873.0862891
CAMTA1	65779003.134097	4445730.76826584
HCCS	407131.308320876	13473886.2545638
MSMO1	7237856.61745875	5376559.8195925
COMMD2	49569335.1067261	20185064.0847515
AKAP10	71348061.6246975	224426477.496366
DYNLRB1	211940271.46366	15249885.6161825
KIAA0513	4547773.11952785	26357991.3324017
TXNDC11	181654837.373356	36987436.5397733
CHMP4B	5456834.82979908	57765726.1850973
PCBP4	18423676.3983065	95588167.8833994
DELE1	77183455.5145425	43632814.3386065
KLF6	36876895.2144591	1053825337.75034
CORO7	885902596.813671	20473597.0551265
TPT1	2142065424.30648	479703661.026859
NUP43	0	176879088.167115
SLAIN2	1144140074.13665	9443072.6102767
FLRT2	13390756.49187	600639116.447448
PNRC1	350252198.469866	15746465.855232
DBNL	84832374.7690522	11616544.415433
MBNL3	44343214.8794777	0
PARG	33415288.0797232	81372130.3769496
AR	484885876.864543	2067933.28297561
ARHGAP12	8685094.44783859	324923321.560586
SMU1	21712377.2961942	65399619.8829469
UTP15	457815932.096716	126233975.703182
EXOSC2	15310349.898561	5569831877.40054
COL15A1	475141871.719634	2975172.70301002
DDX46	5143924.10546279	23813749.951929
TOMM34	162053546.983191	3559046.39314208
MTHFD2	2559409.50068562	469747670.674964
NFIB	105800434.430946	18462140.4578702
PRPS2	0	67977111.7429967
PNPO	92943560.750363	150245358.060209
ANP32A	664374.088535346	71767067.2649791
NSD2	91904078.6039179	752649395.078437
ABCA5	0	0
TIMM50	3162042915.64853	405652468.514605
MTO1	42225209.6490763	122476289.26915
NEO1	493516868.749777	6206392.00177377
RUSF1	739766283.96453	2658239077.61043
HDAC6	6429047.87105943	9333288.95022121
AIMP2	521836257.056611	25951727.6510571
TM4SF1	39299753.6120663	271303920.005472
DNA2	403501352.490598	11513026.7564539
RBM42	60245991.0388345	9215682.91704552
ZNF530	47071176.6296298	0
MXI1	152124849.453413	1972105.95034363
SECISBP2	45650638.1548135	17025814.4115373
FBXO6	64062414.3424168	13542288.9426149
FAHD2B	593242500.788564	40291626.6175873
GINS1	58944839.0100633	701821354.113581
DSTYK	0	132111620.678201
SNRPA	0	1838111919.4599
VPS11	251938966.848679	391550831.097544
SLC25A20	22044891.3393004	6018830.50717262
TOPORS	29963831.9373277	0
PPIL4	188385342.94208	55670765.0301939
OTOGL	33804816.833153	0
PAF1	496917444.85732	5301411.23302695
PCDHB16	73020666.4036474	0
RAF1	9746134.65222986	306015456.013426
EIF2B3	24303538.562022	35183604.7983512
GOT1	93853510.6001234	37937423.5296793
MMADHC	4727443.68451231	152867089.150776
GK	14562078.3980005	82409914.3627338
TAB1	356923.747137448	14499884.8421563
RELA	8947376.30948005	87304052.2323176
PDLIM1	19195149.1778846	5822809.72855441
FAM161A	0	128242798.095332
TIMM29	29856734.8848754	27872373.1072085
NUDCD1	0	0
CRIP2	2035692.27642211	8667215.82737374
RFK	4633623.28361268	480083101.399071
KLHL26	86434460.6661466	0
SRP9	1967495655.82168	151415452.100994
MTMR1	1341466.30843447	5443636.47108234
PLEKHG3	75713135.0281639	6978603.35653698
ELOVL7	10436212.667277	0
CMTR2	38142567.4395553	15588424.4046362
ANKRD1	95357698.1034133	173549061.002684
EARS2	91406636.9967369	1135819.79910814
METTL26	36452764.8668953	569273400.702788
ZBTB4	355195158.894254	17394438.2291398
MRPL18	73717676.8917833	76445306.7821814
SRSF5	12742855.5424943	138543552.138346
COL18A1	16313363.8523733	27595783.0185662
ATAT1	154519555.835587	788908161.965546
HS6ST2	0	26495337.0805037
TAF1C	191556042.560598	38940264.6715746
DGCR8	16240688.8644693	4003646.87777731
FAM13A	15661572.1192896	6761920.9212342
WDR5B	16464740.4252594	318582699.035911
RFWD3	329897231.490008	8706016.56156247
PPP1R2	65456756.9962378	43444417.0108331
TULP3	77005526.2939737	616177963.281426
CERS2	47275059.188153	268526731.549117
LOX	43505954.3688516	115927103.352239
TRPM6	0	129280263.56467
CEP164	0	133677904.091469
MFGE8	397253820.693429	51352421.8539244
BLVRB	2140413.41089423	98294724.8975388
NRBP2	15006042.3122432	8146999.9330655
HIP1R	0	86226222.7349795
NEDD8	1979172.42643149	3140514.88448862
APEX1	2893600239.43274	939863.782220407
NME1	0	0
ARHGAP18	31988678.6461963	48312542.9798446
GFM1	0	14016770.272648
ARHGAP17	580110790.998019	7115559.37838275
INPP4A	151270632.897005	114502233.471564
MTPN	1295669357.37079	2155619.37997603
PPP5C	46424685.7134536	5871101.08267321
CCDC6	8897746.80904194	36588292.4601369
ZNF574	173152999.056191	4275282.81434239
METTL13	147168181.303737	57599410.8779109
WAPL	423106596.310952	80218712.9354536
CDC42SE1	1715040332.05566	10753162.0273542
TTL	781899.075224501	6972255.04760529
CASZ1	1649386.11946245	0
MRPL13	350275.09144029	17825880.7309026
PRR14	1127607957.33372	0
DOK1	84293949.0659577	521760979.84078
APPL1	0	377111165.843309
TAGLN	1278131891.68728	32568747.520606
EHHADH	759573885.086056	13674644.4228654
ZNF224	1796120.41019577	18660385.3025994
ARHGEF40	146998961.620149	5849543.44672727
NLRP10	2590464.69706354	290162816.320843
TADA1	2357183.43416942	106418080.101215
SOD2	0	3628714.48667139
GPAT4	540731435.785348	38643066.6461489
COL1A1	25697857.1028818	6952210.76814298
PPA1	9689002.02310908	21565061.4851392
RAB14	154062791.433116	129661537.720483
KIF27	33102892.9058143	6848931.38602094
TK1	758271214.434695	16923976.8413537
CASP3	5105290.90668761	0
KRIT1	124697320.86883	7470092.71228132
ITGA8	1002868475.06855	38663039.0161272
ARHGAP24	0	38919818.3206781
XPNPEP1	32052484.4106911	15813094.1836317
SLU7	166443324.964948	49013244.3440966
MAPKBP1	28051657.208188	13480149.5287549
MASTL	41480216.3748439	21986184.7474168
INTS14	13756607.5492331	19861916.647601
TNFRSF21	298788.059971737	7003786.30220771
ICE1	242696322.813987	40600273.6870568
STRIP2	4537347.24051465	40649916.0185286
ELF4	224483083.26618	6289640.84092605
PHF12	2937116.57333449	0
PLXNA2	1210358.89477852	80768776.7852608
PHF20L1	14265010.053921	266171175.662904
JMJD6	529521935.148099	0
FHIP2A	1111779815.62944	187350997.413457
ZNF254	1435780.7233104	19401733.5179582
TRAF3IP2	84471562.9382701	1284422.46364882
E2F4	58476965.9351478	27439653.406124
ACSS2	76340265.4941299	0
DCLK2	318935344.445134	35416008.4075479
RPL22L1	1156786756.61776	0
MLLT1	0	88748578.016631
LPIN2	28032828.3564956	109030698.082077
NSUN6	43512217.2393701	104864137.583471
RUSC2	167742559.722089	8600312.49270865
TM9SF3	365151761.173436	13343375.4128252
TEAD3	1543044.95116529	13842860.8709025
PLPPR3	42613450.7738127	6247133.50563767
NHERF2	134892710.320112	35214141.0668763
PHB1	17040900.5220073	158641043.286839
ATP8B3	383486435.301882	1246135.5675435
POGLUT3	118440.57044286	420701706.133812
CCDC80	3977476.52061912	109991673.047902
BEND5	3005868.5559084	0
MRPL15	13291938.6770379	332013879.503732
FAHD2A	0	0
SNAPC4	99551549.0801323	39428842.5216369
TARBP1	12510943.5842578	11090017.5859735
TMEM9B	0	709647905.418291
PIGO	86158067.8262462	86820088.2040569
PRDX1	22451219.1157373	49015445.9191135
THBS3	552042876.078938	479501188.276165
CDC42	4078738.28822867	61764359.78379
PLCG2	17751536.3015284	681410.06212264
CCDC124	880985917.355588	11515890.7107176
EPC2	83153007.1053232	40426749.1995488
RWDD2A	3923241.02221329	9394418.56818989
RAB6A	30549171.0576483	20525259.1714679
CCDC22	22098602.0327532	23822839.5390242
HMGB1	0	21778474.5232963
EIF2S1	0	55288270.8798072
ZCCHC14	136130593.53823	58638648.2984735
CSTB	897942.103822223	19502466.1400736
USP15	2064662.8833577	2129863.01457934
BROX	6881683.37993077	26112588.1358428
TCF20	84061624.6922169	67136943.1843643
JAK3	1095144891.49547	17115127.7929174
SSB	24927088.7750979	69077028.4781934
WASHC1	3088915.22483467	343752935.326716
CDK9	6336040.48586315	0
SUZ12	4650763.73389929	62423615.2707355
ATG101	25238003.2468452	215925921.126873
PPAT	103932188.487462	159511149.291498
DPP3	3727159.63278954	53326733.1132403
CHEK2	90856981.1823906	52284708.7493394
DSG1	9229971.22230341	22028898.0651232
AKT3	1728190375.84876	1338552.88673654
SLC15A4	15503275.4987603	25383731.4488106
KCNG1	56122755.2953627	1517307.80069963
ANXA4	0	67943968.8351041
MTHFD1L	0	531256.635257965
IFT70A	3368080.60615114	90642564.8136561
MLXIP	64650923.9143497	6306034.76392665
WDR91	6304848.72722632	118158878.670739
NSRP1	0	82744309.0195809
MYL9	23592725.4352095	0
CDK16	132042957.23068	1705685.31950769
DHPS	9102248.92109211	54009319.0121103
NEK4	18561635.0904608	1508303.47700931
ZC3HC1	117799057.044773	40571119.5495501
H2AZ1	117733969.828647	9730878.5185371
GUK1	362867.657375995	52956474.5500355
ZNF827	29464489.1067285	1590191.82451834
GNPDA2	39089214.3125357	390669338.437408
TUBE1	6548506.24427478	0
TPMT	1796374.0158118	215131999.604349
FBXO5	0	65210859.6732997
ASTN2	88211456.6270451	6035393.98613604
MZT2B	3142290962.16351	21317652.2018134
WRAP53	35752924.262621	92537242.4447276
CEP290	2982261.88019643	17985785.679052
TMEM30A	27770550.9037631	0
RBMS3	927450.176127522	112281829.714978
STXBP6	10739559.2215144	280023432.58474
MGLL	130909764.213886	8636295.89517791
ACOT13	16511538.2450884	98120208.3118655
TMEM135	50294202.1495265	3763157.22566748
RRAS	7377086.35189679	89168611.0542283
HEATR3	17440778.2172934	13039934.9177044
CLEC11A	3046092.74152034	317550366.512815
GRB2	90181107.7754167	0
SS18L1	2983834.56339735	11573276.0718448
DENND4B	23627051.4089768	16759859.7441732
IFT52	2257328.77452218	47969187.9178746
TYSND1	203519918.260236	5776635.99006565
PEAK1	1589257.5914335	19359654.3014727
HELB	38807019.0286317	13268465.9279967
SC5D	62151404.909695	12648014.0170203
SCP2	73923697.511636	4488318.25892799
MPG	158399250.741625	91951578.15321
GRAMD1A	56937950.3531726	3359573.58987079
AAGAB	5173704.34132935	202623178.244673
ZBTB6	569638722.90851	0
DAZAP1	544651291.312039	4113140.98411369
NOLC1	141328128.131763	147882874.120279
TRIM36	95692117.5652772	4609001.52069673
RAB7A	130518876.844308	27283040.5510901
CDC7	75723408.4680329	38722326.2969942
CLIP3	57785493.8980935	2273699.03601869
GNPDA1	0	3327627.31323995
RAPGEF1	5428899.77869722	5714927.84269348
PLEKHH2	273899236.371167	0
PACSIN2	2378044613.98683	0
SNAPC1	8673599.44018761	69300334.6864626
ARF4	0	132414640.419555
0	29531658.6078063	13864552.9720426
RGL1	40707212.9904562	2371229.80343369
ZNF277	5705491.82613157	22245474.6304596
CEP162	1265592.59740301	36065653.0761663
GOLGA1	0	13274967.7089743
ISY1	9835445.98538296	8618538815.84259
SMN1; SMN2	206071657.638896	5864849.03305958
NGLY1	3995290.94830349	39743626.2333914
AS3MT	562233466.277707	0
CPNE8	3279578651.13199	7539510.72964414
GLRB	25257132.6227516	7647857.99046827
KPNA4	16277705.5887631	57812552.9846338
RPS6KA6	0	0
FBXO28	324058098.318389	151207721.627493
SNTA1	1097407099.43203	74390147.3168478
TSPYL1	2217911.44917233	152666129.602857
GPATCH8	89143169.9827404	5196706.99840651
QSER1	246839849.983005	117052810.134719
ITGA4	199946217.866937	0
HOOK3	4846286.12650098	1176198.10487096
CACNA1B	44288616.1100024	9390443.63953562
KDELR1	5675984.3124939	31770325.1666747
NFKBIB	97598692.389997	9829988.12421306
ACIN1	0	11217225.0924191
HMOX1	820606.065819748	80007263.3990349
EXOC3	4032860.50652666	35233708.7346468
ZFAT	339341.525388753	126142702.893955
USP3	6885748.48374173	55395125.9162861
KCTD15	1052276284.84793	18230466.4991786
DDHD2	272879.57773384	15792771.2645742
HES1	15683772103.7953	889487.758244633
RPAP2	51483509.8681916	6994403.57208774
TRAPPC2B	3016446.62725634	0
TM9SF2	84455474.3945194	26425008.635805
KIF3C	13367493.9067757	3227136.65360222
MTX3	0	65292240.6829997
RANBP10	117314175.127783	7391570.6154547
SLC9A1	14112519.7512377	6658924.75249852
PRPSAP1	14161646.0557437	120316081.30944
HECW2	2816932.63606154	0
ATP2A3	0	0
BRF2	177527476.609429	5484896.91400262
PPP2R2B	0	3720472.38570731
ZNF548	66760485.953934	12246814.7186714
CHID1	677160.304146346	288342813.809317
STK24	32682753.9780378	0
HSF1	74887199.5454116	0
SAE1	12376678.9890864	492003303.563096
MAPRE3	5899154.4426538	127396552.282571
HECW1	25104358.1349604	0
GALNT2	4769517.80176287	405438644.955378
PNMA8A	2464720.45232846	140302856.24055
TMOD1	28285105.2855876	194191111.940708
ARHGDIA	6588559.71081216	19730039.5768371
HIRA	34754364.9160763	9094039.53848703
AP5S1	0	24096632.5432732
TAF5	0	4555512.52086873
EYA3	547059788.801431	88171979.1880614
SLC6A6	126974661.726739	686281267.935898
NAGA	21438177.7511293	149167201.889174
C1R	755296.874048492	17728000.6981388
FMR1	4361801.49434749	5625239.0583644
ZNF267	43838102.4998932	71664579.1965756
FAR1	8828270.65410987	27193266.8565247
IFT56	72211105.9053148	30677689.9236333
HERC6	1054474.34776767	24039782.3149498
NUDCD3	30861253.405069	568049735.636361
XXYLT1	31218322.8680665	7153488.21077568
SNRK	4424317.15694804	0
SGO2	1913140.51145622	74964683.2452168
ARHGAP21	5598773.1888235	1066979560.18495
DAD1	19039890.6644464	29735626.0821726
ZNF195	880264.304129569	50803873.3779247
DLX5	568557950.111411	0
SPATA20	55285838.470034	61378737.0753008
NLGN2	10213223.2194614	7405463.31694249
E2F7	568778941.483844	1856114.27574379
CD44	2752530.96045289	163463983.753285
SCARB1	5118454.37340384	97231406.0585537
ECHS1	6931318.25039652	24252503.1069466
RBM27	28097875.1434916	568790146.916269
ARPC4	13717940.9990758	41700059.2214771
ROBO1	85784330.6134615	0
ZNF805	980971.288878131	1788424.39916614
IGFBP5	210163597.374601	1543244.51322664
DHRS1	543898.388793197	211482523.567418
NBN	12776699.6190967	104485199.861919
RPS6KA4	14089442.3630662	30948797.9579252
ALKBH3	0	111861626.438539
SNRPB2	0	5844930.35601947
MICALL1	45077940.7512849	22501671.6648964
SRSF9	752334.828391424	179576799.645851
TPGS2	652929697.045967	0
PPTC7	0	18527994.5432951
DIS3L	63898616.0090442	6915533.19117354
SNX27	3168396.349276	41189553.1103711
SUMO3	17683386.1646363	80669784.6710519
AAMP	330854205.353502	490819528.420476
CDC45	35926846.1500318	40494949.2549671
TAF6	25867008.5686674	36437227.7379842
RPS2	1660564493.98375	6997837.33176685
FYN	353140554.880762	337468.594246936
COPS4	9309391.60514434	44495457.4979541
SLC25A12	42261124.5653784	0
FOXO1	0	6964402.74322039
ITPRID2	36560244.0679604	159094421.056188
SPG21	11008053.7757254	117367614.672879
0	2368495.56208431	20566252.171506
RNASEL	95661353.6234179	2619652.58973349
TOR1A	0	3091934.78394525
PRKAR2A	23843970.6160563	296965070.61016
KNOP1	261112019.039331	28761535.9243186
RNF187	207385841.681999	9072994.15671996
C8orf76	33603527.4221245	61339487.1996376
TIPRL	177249591.361842	54665926.6378991
DSN1	107803778.4575	114635228.842218
GLI2	214637323.915452	701146.711108966
ATG4C	9306976.6781263	48713652.0705399
SMAD1	57792270.087801	12429518.288845
SMAD2	144750697.385142	8378462.43962094
CWF19L1	0	24386485.7173489
SLC25A42	0	14032431.0290867
PLEKHG5	9541222.90733796	40362114.5810684
LRRFIP1	86870442.4267538	12697419.599304
STEAP3	2653181.86785039	297723932.228499
SNRPB	0	279009849.007454
CLCN7	1990277.21287537	69588974.2723382
PALS1	0	161307353.120894
PRKAB1	0	560542.705921673
TRPS1	3383191.1150246	54339233.0388197
MAP1S	51755652.777562	85410363.9079734
NNT	699261.431586285	24655127.4737759
DNAJB12	215437621.266682	4328314.1902509
MPND	2600095.85813818	36525139.2936955
PAQR7	150178428.869248	0
HOOK2	4266237.24425416	2640243.35003707
PTAR1	77873921.2504769	0
PSMA7	292032258.562232	17244690.3317672
KCTD1	8860840.85151739	3605636.30568394
ABI1	15268698.7334903	7290628.21297901
ADCY9	78846708.2348935	0
NAP1L3	12794705.537567	0
TRIM41	0	95745930.8269558
ADGRA2	30087960.1911684	17726386.023873
GPX4	2918972.5969898	62517347.8237613
NFYB	8583966.75186832	8397639.42898396
AK2	20938817.2289462	1382051370.82203
NACA	456882973.185563	5824330.23800481
SRPK1	0	415280684.944143
TALDO1	433371.915621632	94880662.7678436
EFEMP2	24337435.9356724	12159551.9489378
SESTD1	19954986.899997	45370984.3439118
STIM1	0	17493227.5588244
LSM14B	82115837.8334462	14111509.603509
DNAH5	32613955.9764248	17907277.7990528
LMAN2	25806425.0414809	167063552.809431
PPFIA2	0	0
KCTD9	6757466.94078711	667062.796377927
GTF2E2	93666926.1302371	10084984.1399436
MAGEF1	0	1507525327.22324
TBC1D32	0	8384643.99219074
EPHB4	32325169.6592015	0
PREX2	194847325.86812	0
INTS9	27206732.5438236	2856560.62280573
NFE2L3	16034304.3034875	4476959.9730879
USP42	130478334.268184	12698838.856049
KYNU	6445158.11990243	597201918.335025
DRG1	8478781.89252385	11912979.235287
M6PR	0	197377098.870644
AP5B1	20660037.1588777	360071379.372634
RNASEH2C	432344367.976386	152340769.028761
MYO5C	0	0
HPF1	46479548.8748857	13817664.3461704
NADK	4661086.76504518	192838071.291462
TRPA1	142969751.546222	1893817.95091429
TSTD2	18850331.3337786	7629890.60522504
WRAP73	0	71770158.5066157
AURKAIP1	136458446.532839	130153907.51955
CTTNBP2NL	302908.674899424	9958439.00388614
ID1	3453489.85580425	443663623.265818
NRIP1	303466719.16967	41141235.6152964
MTX2	76089256.7196812	41797386.8218022
VPS4B	0	0
TIGD5	0	44717125.3931627
PAAT	88343171.1834118	57349985.5495832
SIX6OS1	27357102.5457616	0
WDR59	5763527.25394559	39632525.3138959
NTMT1	0	18344935.9850709
NAA10	1322232.53160646	695709318.416589
YIF1A	0	177253568.189573
NSMCE1	66649670.2991058	93129165.2562443
TIMM17B	198313328.04882	5854855.24940597
HBS1L	15222550.8709118	79570663.5584642
IMP4	815327.507484596	11329097.1704644
CISD1	13440304.6884097	7980353.76783862
TCEA2	703009854.290542	73920096.9849602
HAPSTR1	150430796.436573	21976219.9734082
KLC2	12794093.0606127	11319596.8316619
HSD17B10	55100470.0375247	182939128.885722
RHBDD2	422583433.045401	11864537.826506
PPP1R12A	100782058.684766	23170723.9661383
TTI2	211673934.695744	74098749.7785558
CPQ	263629.494400753	199864682.350493
0	7684645.97238948	1049628.74574898
FH	136803521.435301	1326426.08294703
FURIN	1282354701.10142	3078315.59817837
CHKA	7430111.40953802	10939966.1416314
SAAL1	0	8659046.33323965
EBF1	795510.608451113	45926833.89112
LACC1	1646466.66366297	8714101.95070915
TMEM106B	65978275.3428309	321224170.630066
UBN2	31051094.9004664	4755270.80566787
RHOT2	3489998357.73781	14207371.0622468
UBQLN4	32347565.5023721	917784.889233257
MCFD2	7659569.94642193	13375896.4826127
TOR1AIP1	9796903.89657264	650182.227995681
FBXL17	10183213.7863999	75527497.1541142
CEP63	11491334.2530792	52699585.5774453
HAUS1	49621153.2090153	40107426.1175079
PRPF4	54781870.3611269	24473842.4772784
STK4	0	33127260.3312369
LUZP1	150079033.450286	12179188.5354487
GLCE	9429829.3193148	48458708.534655
RARB	0	6022463.09042724
BCHE	28034063.1302081	23464421.7108658
DENND1A	32144582.8786113	10381483.7926248
GALK1	5052394664.43557	11650332.3798139
ACOT9	1651603.21079514	42763807.2423462
KMT5A	500324994.47611	6122402.83095445
RCC2	116472545.093002	29891117.0712007
ZNF3	16765059.4383584	60510445.8730967
UCHL1	1976110.675187	950055.744541307
PAK2	65741805.6898552	782211.085515812
TBC1D2B	7673154.52192552	203252480.961278
ELL	377156191.917919	140479739.330408
MAN2A1	186150062.265142	63905610.0833339
ZNF331	64532436.3564518	4500539.83157958
PRNP	159813166.631035	49964495.767885
RTCA	27668998.8104108	66571204.6285802
FOXF1	6850628052.25235	0
0	610674334.990917	5895536.97360216
KLHDC10	16494677.5517523	149796604.900908
MORN1	3699441.63405477	16620356.8630096
CEP68	121731571.430154	5869163.82811709
FXR1	9736279.63544518	2973407.96836495
SMURF2	0	68363727.3367433
NXF2; NXF2B	0	112369059.990076
B4GALT1	230610095.689676	45265001.2162524
RARG	903023.903011356	0
IFI35	38927847.7671434	0
ETS2	25872067.3907817	0
ELP3	153202612.261262	219088099.170273
PCSK6	759463625.504941	15371786.1186665
ATP6V1G1	625508.800958958	87875169.4285328
CLIC3	0	156462688.150036
MAST4	186579688.140215	0
CTPS1	45245931.4579315	22575409.3527806
USP51	0	11248904.7390118
UPF2	2845528.54732253	63441398.9983537
ERCC5	29320811.4067687	209247426.402408
DOT1L	539799023.452668	2784853.47794391
WNK1	37386946.5833003	13047633.0624194
COG7	81576712.9437724	63925113.8656035
MYOCD	14444038.3868267	14376739.0801297
SCAF1	528796550.78339	0
EFHD2	92156606.2151575	40064610.2087901
DHDH	6371208.67568014	25333999.9595523
SHROOM1	70970683.655239	10223650.2623803
JUND	9032150.74656913	68440002.3694262
GEMIN8	0	42327003.3772528
FOXC2	8019872.90020626	0
TPI1	1113673.61129986	89591058.7334812
ZFAND6	1249245329.34242	0
IGBP1	136101861.114147	1092891483.0991
NANS	11163937.4982988	4745238.60066376
SEC61B	29280567.7961451	0
CHST15	255265016.306692	10667140.303268
SNX30	43338432.4320341	25338743.2895472
RHOBTB1	0	0
CD2AP	33963863.3970707	121934262.34076
OSBPL6	141452821.307364	7006401.46676524
CTSC	9052034.42407596	23675988.0845496
POLR3F	0	79824842.7417345
PTGES	4660949.59988116	116385147.503396
ARL2	1274973.71283626	181746162.563026
MARK4	32871349.7107914	21844623.6565896
PBXIP1	18346898.8496196	45513179.4257044
RAB3GAP2	31420774.3433409	9388460.97608089
VWA1	84268863.1996083	0
PRCP	257921061.380738	40101491.0330286
MFSD14B	12102029.1932131	121336925.52028
RAB5C	891590.30249983	405745926.704877
RAC2	11966412.517717	91050441.5634481
RNF44	347535868.089031	716432.959096474
SNX6	0	28357773.5393153
RP2	993083.420149714	67938554.8570173
ST7	0	7005953.89522028
RELCH	81773396.3655575	22255870.8836798
OCRL	18543691.3831199	2370624.63814505
AFTPH	3207311.43517299	19208020.2774819
RABGGTA	0	28437979.7928021
SETD1B	13546806.9311748	72263008.3539612
COX7B	41255434.4979154	24066203.9076669
ZNF175	465693.667921047	2344634.91063819
SEMA4B	88994483.5742024	3615208.07529962
ATP6V0A1	2879738.38743028	2527819.85631648
CHAMP1	127143995.900043	25992117.4349311
TBC1D24	3202887.65776245	4239890.40129469
ANK2	4687117.3494737	0
MNAT1	139989291.924173	419779178.889909
NFATC1	681778660.924837	6461821.35822491
NHSL1	79910711.2818819	0
ARID4B	401166727.57425	13183027.0818994
SYDE2	13205835.8834184	4099295.62850062
INTS5	72670419.9300798	37288632.378847
MLLT11	165899190.053538	2190186.99545231
ATAD1	0	63256512.8067991
DIAPH2	66197045.5391071	11448490.7692605
CARD10	59615605.8172841	228703265.659813
RUNX1	2911867.05405859	0
CYCS	5119708.03847952	116805164.324944
PRPF38B	4616148.33117241	50413435.86964
ETV1	1865399554.23855	0
SCAND1	34963709978.1223	169364152.780215
USP40	24911372.4966316	0
NSMCE2	46412501.2829663	23123880.9882161
DPAGT1	518101233.194759	115125199.570881
SPOUT1	8486231.06296472	47028009.1624522
SGCE	12839111.5006058	111029939.116503
GNL2	140595106.640375	10820141.3636464
DSTN	0	33339033.3228408
ZC3H12A	1583547.08311072	2549575.20179192
ZNF26	10716296.1322589	108425334.034786
QSOX2	24533039.6877053	18426247.0238945
SWAP70	436953.117485529	62617712.5499222
EIF4B	2278063165.37959	48574335.2446738
YPEL3	59952615.6285287	68331429.9020324
APEX2	0	81862976.632143
PAX9	311039983.461478	4418521.9429708
TFAP2C	6838323.22144808	2548468.18418997
CCT6B	0	0
UNC5B	66046242.432151	1557144.98894011
PSME1	89198468.1161961	5527071.60894346
RALGAPA1	105720313.699081	18148402.1009139
MAPRE2	0	18162715.0920546
SERPINB4	2101239.33445773	9765884.57773833
AKT1	15024313.7773516	0
TMEM185A	0	10768924.7176355
COL14A1	127900698.988006	4110127.15821172
OSBPL10	0	50743382.6550627
CPEB4	71683892.2160549	12108917.6298043
ANXA11	1621571463.74224	6793259.9832583
DSG2	8897246.91607707	0
SLC25A36	14405523.8251625	169099993.643794
ATP8B2	18413179.8464341	6802502.09921755
SFXN1	31726046.3372201	6461822.6675387
BAG2	3620153.23465729	46041982.3492118
PGRMC2	3762095.62275575	7621333.31465442
CTNNBL1	0	9830640.08540758
COL5A1	87861455.0957978	0
EVPL	3217003.64941844	53648432.974939
ARFGAP2	2381066.03771329	7632006.12340344
TRAPPC2L	0	29471961.7622573
REV1	43066812.6754646	7128941.74399187
SLC7A11	12729112.0236205	101679653.631883
CHST12	5789639.66403209	4836682.60006718
GABARAP	6572408.99450483	72786582.3891142
KCTD10	381099676.96331	10941128.3457112
STON1	32627576.8046625	204866765.533494
GPR108	41029709.9120643	11678365.3428444
GLS	206553159.041928	10400019.3996709
PIGV	66400695.5773627	39296242.2189286
FBXL15	41445521.7754306	22650889.5122535
PSMB10	52283240.699507	27936392.9520812
LSM7	0	15855349.0054398
ZNHIT6	93964364.1918577	9706132.99987541
POM121	169757704.630507	440518.050858729
ABHD14B	78735677.2412437	0
GMPR2	6660186.20630429	4048025737.08889
FERRY3	3555359.22471711	344616375.981448
RPS13	156240360.015059	11254063.4855983
PDK2	594323.967956673	0
CCNYL1	148994624.602759	46165025.7932455
CLTA	4506560.50316883	330442768.462123
ADK	23030810.0481951	21753937.138751
BBS10	22365248.1137648	2582284.42737206
TRPC1	3402939.37077052	119391235.085042
DZIP3	74836979.9004887	7632752.02960125
LRRC1	7251884.8821406	54541425.4178408
ADCY7	20031453.7136897	3394160.96546331
KDM6A	32775203.0757196	5086946.30873821
KIF3A	897363.810199433	116678249.675242
PLEKHG4B	1586386231.56793	34586764.7396131
TBC1D5	53077165.3921804	68928271.0408594
ZNF525	0	6959402.16357345
CXorf38	565992.720921616	85032629.9395342
RBCK1	13909175.2968135	43249726.2776722
PSMD9	0	170115579.232643
EXOSC6	126301500.462106	1674789788.07297
APOBEC3C	208475107.469221	44614727.5733985
RPS7	2961326.33611658	13015163.9623816
ANTXR2	1474454.74789242	7441505.61891985
SNAPIN	33787466.0324954	87128495.5267593
TMEM259	95260205.3911713	94710532.7325584
DUS2	71581614.0063231	132844416.03177
EMC9	141744727.242278	4262391.56752258
HNRNPAB	22309293.1781454	31010629.7661425
PRELID1	68428660.2245643	87781136.1135979
ANXA7	684423035.499839	22294301.2904088
MANF	0	0
TAF5L	1768560.63542986	40286787.4130758
PGS1	38752262.437158	5328211.94175775
SUGP2	0	49892496.0800378
S100PBP	0	206677644.608804
AP3S2	18660599.320334	5796170.11231739
DCAF7	25064313.9668633	386691516.08435
CSNK1G3	10716787.5891296	1728071.00084412
UNG	118756411.845054	12993648.7292241
UBE2Q1	48823478.6434522	30928943.883233
TENT2	321280210.785168	40601592.4679911
NOTUM	4169081.51855139	9822521.92980563
GABRB3	42365796.3009894	76632420.6781388
GRIK4	665796.852642459	6621470.80805882
RPS8	0	25416150.5843601
TVP23C	13691669.8812111	0
LMF2	428551832.827749	0
SIMC1	863306191.70927	0
WDR70	6972462.2396073	64592015.149257
UBE2H	12865936.416638	13712962.3377089
CYP20A1	15587504.7203026	86056638.8905471
BCKDHA	57906366.5399195	29524918.3182077
IRS1	136359628.129111	7668199.10496055
SH3GLB2	0	128018333.184636
MIER1	3018227.98019641	61720381.2273061
ZNF384	10357081.3464116	14071646.789557
PNPT1	441260664.703684	21697225.1282179
PHF2	102056923.647382	0
RC3H2	36572919.7682599	4117777.50978754
MAPK9	3209125294.20208	14061033.2226696
MAPK7	233448396.906633	6766620.87015977
PCOLCE	335587248.807601	95249032.0164587
LRPAP1	12725811.0547667	499690638.155614
AP1G2	34508192.5985923	61377077.529797
BTG1	355989592.210832	1696877004.95175
NFU1	14017608.4540166	2045826.99463144
ATL3	0	72886294.9073766
SAMD4A	0	0
HPS1	36176902.750046	250862963.612782
SF3B6	60445732.0915225	21407437.0054171
ARB2A	0	209905196.278021
MT-CO1	12614130.6810633	166321238.83273
TXNRD3	0	755212.650868779
PTCH1	28138620.8658534	69167861.3131652
ACSS3	4348126.74339493	0
NEDD4	8205291.35309828	17941782.0684783
ALG9	17486169.2698473	51794936.6433511
0	46745425.8719718	46534633.8231622
DDX10	0	21619964.1762598
ASAH1	16793988.0880105	84337657.7756724
ACTR5	6416556.75633506	34151009.4882681
AGO4	24626391.4307211	9901227.74363537
ZNF527	26827409.7309184	2709847.04183845
IP6K1	89227903.2558558	634915910.550276
WASF1	10559650.4513275	16674711.323967
ATRIP	18334755.9838359	418567032.55491
ALKBH5	118133427.48287	14025444.5560678
SLC25A39	9807300.24929217	40849845.7972339
AGGF1	304716132.694207	46614047.9414355
TRAPPC8	27720369.9431377	7798488.17889217
NCBP3	4546455.10336672	61958236.974327
PMM2	651467624.192688	41389708.8098328
LRRC8B	568349.06603661	0
HYCC2	30952424.1854895	0
PSMB3	29400411.9522115	20313042688.5751
AMD1	582808833.802946	18169047.7949798
PPP1R15A	4241750961.62205	16119250.1355774
ARHGAP19	7766043.09611055	92448128.0931747
AKTIP	30387895.5795384	93983139.2700891
LDLRAP1	7975111.10831842	10300664.5840049
TBC1D17	56098709.2802384	43380754.0881288
PIAS1	133801975.725057	3200049.38112873
SVEP1	87424169.6125354	6425527.67368837
CRTC3	17079599.1616253	34566547.0689355
VEZF1	65458906.8098683	25855020.652765
VPS37A	15023946.3671619	18521430.8276116
LARP7	0	220198325.044158
FEM1A	66612127.8524441	44443348.8783237
GAS8	10500787.5499806	43203903.9541144
GDE1	108440543.443841	22974664.8821256
PSPC1	3227097.05867856	18152464.8049201
DGAT2	27866946.5455737	0
TNKS1BP1	244489217.468788	11716129.5917481
ENDOG	0	360662150.016112
RAB21	0	44084013.5312837
RPL24	227317101.163775	50654082.3431719
NEIL3	3104832.48523693	19537990.1716061
TIMP3	10745862.1182601	0
NFATC2IP	39579178.584508	189833385.619752
ELFN1	48655040.6545165	433546143.497967
MRPS18B	4882315.61050312	20173162.3738128
TRIM39	0	53276971.7963266
LGALS1	99002618.8281565	72400869.6966965
MUTYH	18027479.4179922	98708103.934158
ANKMY2	1631083.36953299	39417238.1770876
JKAMP	709473302.569345	0
HIVEP2	27578486.6871839	23406203.152922
TSG101	4844055.28805906	56526541.7192952
PGM2	0	8227705.93950984
DLGAP4	650866597.707134	11546158.7534567
MRPL33	106801495.619751	434931435.641556
AK1	4084338.82133259	33771272.2921578
FOXK2	13193469.0930289	0
POGLUT2	1345986.95088638	169716337.513578
TMPO	19295447.8823525	3561989.96403459
SAMTOR	2215578.50029854	12733038.2126012
RIMBP3C	41027319.9304077	42263117.1244319
MRPL51	951427.749134883	20482306.369221
XPC	36410706.320498	50228363.5276369
QTRT2	36822565.7760506	0
ABCA7	56572487.8690569	19871265.7321821
PHLPP1	85283014.0688411	83516933.7511414
EMC4	22068919.7865091	12256899.6169368
AP1M1	0	333582904.000774
RIPK4	31471736.3472028	0
ZNF335	23673724.5506273	99397540.736758
RMDN1	61593608.815968	92515444.8731532
CNP	2319150054.41148	416399913.183505
PROSER1	196901940.464896	42094289.5821621
0	0	85128209.7335399
PHLPP2	68508508.056599	53669199.4055945
FAM50A	60694101.5962142	14417632.6122351
CHMP1B	5369283.71086877	32461769.8010797
0	43476528.3441004	0
FOXL1	17330198.6242328	47638540.4670971
MOAP1	3776404.30842663	5212804.78555699
CENPA	0	207263974.022445
CLSTN3	205553069.187709	0
ADGRL1	0	26724812.4139506
CEP135	5626627.23053736	27457066.3599196
PRKCE	0	128219345.800152
CLPB	15210292.4077732	24031485.2008702
TTF2	319150055.158526	4254898.91750013
PMPCB	49236979.502732	8201907.67149751
ZNF772	9077381.54469792	32225692.7746289
SH3GL1	5114177.85037618	7152226.21047861
NENF	519906023.023326	1374070743.45367
FGD1	41020311.7788971	897121.082172748
CREBRF	26348094.2138743	29730456.6543381
POC1A	0	234738214.180426
UBE2L3	39480168.0493005	17974744.6640245
DDTL	76391851.4778683	1532635.98189294
ANGPTL4	4892369.07985579	13824769.6180197
MAGEA2; MAGEA2B	649608.542900014	8224667.51859439
LOXL1	5367742.17056789	12722300.6193716
TMEM164	131831941.303902	176593600.284096
JRK	0	68120041.2722249
SLC39A12	0	0
CDH2	546338.874698881	89882388.5789036
ZNF143	61517972.3029989	92450791.7977525
RMND5A	0	28269730.4888842
KHNYN	68572153.4696565	4584192.30984981
TBCB	2221675.09829918	4165773.27223735
GPX8	199890758.380091	580578245.840812
PICK1	0	11181268.3197138
MOXD1	2274149.98091176	8894412.36759974
MDM2	344673703.858904	0
MAST1	298593120.066352	22066084.4166316
NAA50	0	17796979.3531284
NOSIP	161918932.222386	92241860.4971289
FTSJ3	14940010.7410955	41337826.0433315
ARHGEF11	11113520.7710179	116111604.415364
PAIP1	289632187.140876	0
ITGB7	0	73969677.248754
CPTP	24188019.2480638	48939740.0910257
OSBPL3	813602520.242921	5357874.34164736
TTC33	546119.991101352	92181.6430082594
TAF11	69173743.6851728	46039426.6770649
MSX2	1791969987.49633	0
OCIAD1	26511311.058631	51795250.3100258
TMEM67	226585242.112288	226366414.299111
TRIM14	23338810.7432743	73140619.4578397
MNS1	0	583920545.903538
ZNF280C	13488674.069011	18356671.169937
BAIAP2L1	4429759.01723442	2080041.16959988
FHIP2B	311461259.562661	0
AUP1	128006783.613427	384512922.65517
HACD2	0	1386628.80317754
MAP7D3	25194447.6781402	86037281.9401351
FARS2	0	58597242.3422078
BCR	0	71139845.0196475
EXO1	73685637.9055151	294928714.338217
STARD8	30913018.2833632	13055228.5513562
E2F6	65498399.8154157	1252650.71074064
TSFM	15694527.2561923	0
YIPF3	0	15062596.22911
SUV39H1	1641164.42245844	921955.092613623
CKMT1A; CKMT1B	228045316.065823	2588384.75270171
TMEM35B	1687169.28740473	179029631.901861
VASP	64174234.2792485	6356425.71544455
PPL	7492023.37778323	59715245.6838983
SUCLG1	53311285.2525888	16612694.2289057
SGK3	5919717.10175703	12609645.9340169
NUDT12	10241819.4222652	59061846.2961837
TTC39C	11958699.8414615	25800428.451268
ZNF598	870419071.807892	4911341.31042945
DTWD1	16289269631.4469	0
NDUFAF4	205389201.718886	17668940.9634261
SLC41A3	3071234.8224248	46198582.3722399
C2	1318352.9603752	866546722.745642
OSBP	53205068.5448146	98481956.4623852
TROAP	97805399.8199059	37396125.5762812
TAF15	606663903.329827	8768414.9250956
NEK1	39961905.0433833	7157703.77235727
0	265079851.097041	2346691.06238418
SLC7A2	312799172.917521	4062624.64071678
DTL	1335457574.03642	215902871.98887
LGALS8	5723470356.83834	20920323.7951561
GLTP	106287590.673323	0
USP1	0	23437886.5546026
METTL25B	229063177.987615	76785231.2818364
SLC12A5	6296335.80608539	4086181.04879586
TTC19	1730699.62976478	10091291.8126976
AKR1A1	947042662.394289	5351116.3814674
WDTC1	2482470.94454424	268609542.425829
DGKD	70013165.1476237	19041460.5025037
ITGB3	67118142.0880742	6474700.28503471
CCDC112	416201.410252751	51570416.5279779
CDH23	195789521.263548	7172694.95213087
ATP9B	1472451.19287923	16932737.4841502
MCRS1	57322963.9842961	4579116.78697335
NUDT22	165006387.532288	102423776.603255
FAT2	0	19677993.1800783
CCNK	26565797.366603	0
FOXP4	7242345.06139034	5932812.70505362
KRBOX4	174408017.82058	5284393.00901946
ORMDL1	939905.789997329	264139675.143652
PTX3	342696670.867963	35111106.8270783
ZNF829	0	0
LRIG1	26799076.9178156	0
GTF2H5	1482744.26885787	85474933.3230776
FAM98A	5539490.50929297	84016048.4690686
BBS5	255884606.014762	6757349.89144059
PNMA2	20671758.9036716	62865626.6508062
ATP5PO	503571215.464212	4628201.71135648
DLG1	0	407648839.40053
IGSF1	26605133.9359295	1687226.04260574
ZFP36L2	3059317987.09932	5359636.21405938
GGA2	37193349.1714147	18652542.789319
WFS1	80918023.9327234	6223904.55785474
CARD8	59356457.1540108	16478808.5423516
KIF1C	0	20890180.6520893
CYB5R1	4796047.71741118	104855581.472057
TBC1D8	687542329.112542	64293940.4024828
CNNM4	89518306.3815966	42214185.1007742
PDZD8	10901848.8977902	81270827.3441899
EEF1D	85990290.9694016	5201300.41447259
NSA2	23668171.9760463	726343.139691122
CYP2S1	1177239836.62496	0
ZGPAT	45812057.6969516	6542063.61718931
SMARCD1	0	0
WASL	2343310018.02109	17618876.216118
BRK1	4117008.69252095	71308039.615937
PASK	24751051.6539886	33563667.4526838
TMED5	1788610.53466019	34459777.167673
TGM2	127536205.692886	0
SRPRB	525509147.466093	4898536.12540574
DDX52	63222811.379517	23275351.6572232
FAM193A	66364500.360367	51326519.4380145
RPL22	3147415.11362679	2424876020.29859
GMNN	11804479.5641662	243208769.933168
LAMA1	914461405.921026	27943155.2386399
CNBP	2873287.91139539	4928843.00799275
ZNF383	80848323.3973546	0
ABCG1	900099373.016065	3135349.93720908
ARMC10	7650337.87539546	17238759.2581099
AHDC1	5830740.5657545	1479286.98495397
BLOC1S4	17833570.8195364	243009533.217411
KPNA3	35218846.6157277	292588288.278239
CD70	171343628.210832	0
RDH14	308902.612280815	78149147.5397469
GFUS	69717533.3327364	37187319.2385759
AAK1	44844307.8476556	84051824.7131255
PRMT9	4453517.73015922	7408985.87884422
TOP3A	5632740.52711069	24961673.2098232
MIDEAS	97152351.5942087	19700254.0266744
MRPL52	4027301068.22937	9165273.20402982
MINDY4	39066536.6401931	416673492.360606
NMI	14450323.7182032	0
FOXRED1	14782086.4449516	64414854.4412808
PFN2	0	68572924.0593639
MPC1	0	0
CRYL1	14253187.9123913	5577856.22885028
ABTB3	48092337.0124394	3385346.6746423
SRPK2	22453543.6705043	1230394.65425852
SLC2A8	0	42447561.7724871
TRIML2	0	13878333.6390201
ANO5	0	0
NSF	8211489.32157397	21853592.3415238
INPP4B	38068228.6360299	35068888.8764546
TRMT2A	1277323.36625935	150369182.229485
APBB2	70294976.5121454	106335504.438801
FTH1	0	98663010.4585924
POT1	2221060.8326673	2745635.33524979
AFG2A	148605704.028007	138861913.283928
IFI44L	0	0
GRB10	13396065.9687639	0
FAM168A	293979574.206603	150199773.253389
ASS1	114194753.658889	34792818.2767862
MIF	21139133.8671845	1481917635.6577
HTATSF1	0	107857575.69401
ANAPC16	304224918.509777	0
DHX58	2334967.06293665	77547187.4698865
PLPP1	4088131.06345653	0
VDAC1	48369150.2041494	25434160.9737264
EFNA2	195777164.564595	5799754.73689787
DRG2	400072740.319112	32632994.1064477
TMEM19	0	163455612.950914
HPS6	128859630.005949	16065455.8805383
DNAJC9	1748725.03801506	7321631.26139353
POSTN	0	4855159.3067382
SLC23A2	104264142.250403	6766895.99460041
SENP7	5803887.29359109	191718828.882569
CREB1	36468098.8798839	3299060.57991422
FSTL1	4797818.33658144	238129891.925244
RPP21	249587626.880589	24260818.9748769
DCAF6	155483742.922817	67590233.0287806
DCAF8	0	469538523.526058
USP12	8836611.40586369	2999201.32356396
MAPK8IP3	400567.108720282	0
ABI2	3915250.39407482	748256099.154274
NKRF	961442997.752448	4910906.93955671
C1orf43	28758387.6360997	127821993.978038
KRI1	5254264.11346955	33227894.182362
POLR2J	5064150.95916906	105450048.56548
PEX12	62340701.575395	233883484.222796
APOL6	542400564.810066	295298.708928552
DCTN5	221647406.244271	5853148.49726643
YBX1	13364189.7524072	10661871.9240417
DTNA	18445645.9548577	0
OCLN	147794322.003315	20694849.2782993
TMEM248	19446063.5693403	19775580.1604238
SCFD2	68446565.9793079	0
ECH1	12327886.0838793	18417046.8675729
RAD51AP1	171530160.615588	13964184.0189218
ZNF579	107589385.936682	0
FOXJ2	196119827.20786	5710690.94670087
ASCC1	0	30573808.1884258
0	168405115.774425	0
ARMCX1	8230832.20358262	165024113.181531
CYC1	1878571.87457754	10579440.3298682
MRPS21	0	340218090.27331
DHRS4L1	52212162.853532	1854533.66757671
ODAD2	1103360.46549084	32914823.0635703
C1GALT1	8749874.51076865	0
ARF6	63580202.9024491	0
NDUFS8	18486534.7923923	140212476.125636
MBTPS2	0	232416621.357202
ANGPTL2	1388478.88789452	6373254.60538413
ING3	4272310.98567816	15406124.173752
FAM118A	6672109.50107933	50998658.8475243
CYP4V2	3464253.56274553	94903743.6759838
SLC52A2	701219028.11201	33571994.6223259
PYROXD1	103802228.074814	242626964.697055
CGAS	2769591.69971561	5946684.37174903
MTUS1	5580359.49558301	38211252.3879842
RPL27A	11165641.2559659	1962387.8408727
CSRNP2	119731033.76949	4674164.00915061
TSC22D1	9751978.68121642	947831.402687331
FAM200A	7474001.93639976	9053864.8211552
ACAA2	82527793.2589898	13705543.154062
ENTPD6	142341682.184716	3677323.22071575
LMO4	16253574.4989042	0
SUDS3	4382153.23870301	44165410.051767
CDC42EP3	8272700.190117	310565.644972068
DAB2IP	72689479.4722288	0
LARP4B	54903979.2388292	56914033.6615075
DIABLO	15088374.5138071	42465327.7380904
CBX4	6181287.41794446	1316058.26061689
ITSN2	16604196.5316188	56026229.4715484
IDH1	632056530.447008	13721346.8304389
FOXO3	120721414.064594	420931820.191392
PLEKHB2	758292638.658827	12051109.3765664
STK11	917611.35884614	27316940.1364279
MEF2B	8472458.58303921	0
MINDY1	731377.011816154	5372289.49497944
PHF21A	102177881.20179	34848468.5566533
DUSP5	48850117.1157852	75343898.0600337
CAPNS1	2193826.52660718	498598017.283522
APOL3	50606105.678117	1289729.0910044
ARAF	66026828.4004102	24358382.0160616
OSGEP	549502910.566951	743566662.233688
GSK3A	0	5356610.65222778
CSNK2B	61654488.1269274	7132612.31923667
THOC1	337016.629255692	163945404.45465
YAP1	65684923.976573	20575963.4171826
SLC10A3	0	36274086.3179435
SLX1A; SLX1B	745034223.534673	48379446.8815194
VKORC1	242029318.447889	3650844.96669189
SLC38A7	18634212.3284903	88927198.3025114
LRCH4	25845430.8087365	15980158.7913834
LEMD2	6673398.09692119	25304984.9789168
POC5	0	976321662.386896
DNAJB1	134033552.062693	30099307.7574063
GOLGA3	409316.233039254	0
HSDL2	0	19071758.1373769
NLRP2	1431134.55800377	230676082.72701
SH3D19	196228235.650879	6099134.22164528
PTGES2	12152176.7160371	22033952.4970281
TWF2	28159601.4718065	0
PPP1R35	850829408.040786	7405430.01900223
GPC6	806062.899665611	84777851.7340988
TACC1	12297947.7676001	27392359.5699033
SPG7	0	19236190.2524518
IPO13	39896703.0077143	11562490.037852
SENP3	1413577203.47227	0
CDC25C	0	47169368.7937255
PRDM4	6652226.85753735	674415192.038061
WDR17	14077560.6912655	2965858.60528155
SMARCB1	488945.152380412	35170630.494138
CDCA8	618643056.489627	79867355.8618405
AKAP12	7552816.8532235	9484829.26369491
FARP2	1353772.65176452	66214114.9434398
MITF	6219322.53648795	31276311.4651532
SSH2	13140640.9425171	13086340.9936117
TXNL4A	0	540375741.660115
ADSL	27256105.3413565	20062245.3787455
0	12972976.4839109	4441428.44253888
NDUFA4	8419112.47391225	18437802.1356884
CTH	82240023.1434816	19861687.3865407
TMBIM4	11862659.7652237	9529607.29042114
TCP11L1	0	37019701.352709
VPS4A	51094860.701007	5629035.5673677
LIMK1	13515782.9231763	25609250.6783455
RPF1	59187469.3242005	481085574.375027
MYO7B	0	186501755.254609
SFXN2	148021433.529846	3280753.89878397
TMLHE	0	1688105.4606467
DENND3	5975916.04249566	10943177.2651881
CTDSP2	16058612.7891793	84146168.5093503
BTBD10	0	23835154.7161754
COLGALT1	79114375.4063402	0
CPAP	42489772.1204277	14868593.5123288
SLC39A1	24438856.7250115	34405400.4999761
MAN1B1	32568756.2807925	67921168.6185078
HUS1	152505193.340869	17316535.6982328
CRLS1	627812633.868346	79264324.194023
MRPS33	0	29458820.0882887
PPAN	1359722659.0965	0
NDST1	73904250.7171798	30517368.0318825
ZNF41	20733946.8683585	0
BTG3	101566758.105409	85849214.9950327
MAPK8IP2	100025221.322432	0
CDK18	0	37607379.6556444
SELENOO	46308198.380247	0
NFATC3	293265896.011689	59311215.217469
DAZAP2	304339177.122283	7409843.35998
KDM6B	280044457.78658	3855278.2355284
NF2	9112554.59853994	11861416.6056838
PRSS23	1657908868.42657	163761189.439515
NUDT19	26460413.7036701	113748692.752829
ARID5B	280557164.028099	353246.346888976
TAC1	410921318.346399	2823504.35421298
NUDT16L1	5977796.36704291	37371717.4217035
PLD2	61898849.8904706	0
RUFY2	0	80667788.9361242
ORC5	14509929.5974406	72783041.0284049
PRICKLE1	0	3517202.47672884
ZUP1	0	61149733.8711215
ZNF468	0	4911871.96177307
ZNF724	34152579.851988	7324611.86089354
MKNK2	6835046.33283683	37028014.532549
ASB6	7593679.33072969	20047505.8790946
NAT9	0	9463012.67970772
SLFN12	0	508608.430769738
ARHGEF26	34133337.5721535	27391866.7825529
MLH3	3587615.68425454	48640845.1329879
POFUT2	17434079.4325884	0
BCAP29	97054824.1409537	43436459.9469808
FAM220A	36622941.6177277	40098701.0036348
CEP95	0	935057.150385538
CRY2	105694366.19999	4248482.21223363
ZNF43	0	16978631.8257934
RAB28	2446261.65792943	134521492.150876
IQCG	835032.393793777	5009662.42096848
AURKA	0	426610876.890561
CPEB3	5951015.8678124	0
EYA4	4303008.30490559	16554226.1149705
TIAL1	26947661.9044183	10239220.0515009
RAVER2	54488340.2196992	14436124.1795334
ADCK1	17448516.2306109	114122107.375119
PDE8A	42813272.0564326	46889617.6266355
GRK6	16440846.7979312	18656348.7994698
PCNX4	858202.198332324	61250380.5024128
PIK3CB	0	56945263.7105779
NAA40	0	82392503.5744906
ZBTB1	30492717.3043857	9418670.68178913
EIF2B5	6933539.33468628	89927070.265744
LDLR	1294349.66892044	149831055.526844
PDCD10	0	17712239.4065131
SH3BP5	0	25195744.218353
ARF5	0	11601031.03232
PSMF1	3507685.64979607	68321147.3857046
MAP4K2	12971785.3625284	2051630.25825998
KDM2B	155895744.248895	26271417.0574401
CCDC71L	735717130.391878	5374411.40561552
NCOA4	0	68840192.4285631
STRN3	29898419.2139412	73571455.4524055
MTSS1	308155.966403221	648658.901730935
ZNF226	18841802.864694	10340746.8188039
FARP1	67821592.6403775	882573.149147143
HIF1AN	4416201.88582201	0
ARMC1	3941693.152588	0
SLIT3	112893503.740301	7913109.27590236
MPC2	1459636297.11332	19923812.5559468
SCARA3	7028990.00918394	304127053.151415
NAA38	611439389.70944	8126535.6105158
SERPINB5	231222.610317887	1961517.98830083
POLDIP3	681083665.919428	0
DBN1	144752868.087163	53751367.3477292
PPP1R13B	8414121.66823696	71278761.494708
THOC7	0	15385631.5707771
IDS	48745453.0571542	11067136.4442893
SUCLA2	8714405.32641813	19130820.848823
FAM200C	46024250.3417094	17590440.0919958
ZWINT	18114199.1560746	29888049.0890339
GAB2	0	3144841.87531677
SPC25	931435.07362761	373765936.531845
THOC3	196611967.029905	58745901.0095432
SH3PXD2A	20006169.1126556	0
DCBLD1	89349787.4583708	1938163.6595892
SEZ6L2	94008607.5394728	117157862.089808
TMED2	0	123685676.040846
PUS7	28352181.3391955	10803304.5649842
TULP4	25890020.0004756	0
NCAPH	21308506.7446774	119425561.618401
MRPS27	50390672.4924483	46155800.0987765
CYRIA	0	13421423.8379707
HTRA1	6746345372.85361	5830625.01767758
STON2	0	14642753.1582321
TWSG1	0	156441541.639883
WDR24	0	26093351.0147584
GET1	969285.117418021	15916028.0928446
KIAA1586	3908653.22563223	6031281.97634219
KCTD13	26022276.8064936	21540641.5317316
TMCO1	842624.345979829	6074231.09340006
DDR1	17554905.0474679	264167457.132832
PDGFRA	510153655.584212	7004671.93489383
CCNJL	71621262.0442184	0
ZNF460	869043.532171337	3632000.83325131
NAV3	15601705.1486141	11416264.2125109
VPS25	3475340.29031189	26594279.2099411
ARHGAP32	121669368.238101	9268111.19687617
WDR41	0	138030691.558922
ZNF225	15477689.9687035	5332529.95430108
ZC3H3	530221524.994817	0
ZNF587	105430162.703567	9426492.94482504
CASP1	83512277.1901687	5080798.2204323
FBXW5	5889272.64465543	126176499.837397
DPH2	3778587.73485529	26366593.8137806
FAM161B	0	147224153.532955
SMIM26	23356844.2556902	471754.489870798
SPAG16	7277737.98755031	96535926.388785
KANK4	35139989.6688712	2486097.84719039
HS3ST3B1	4645454.5395603	0
FASTKD2	5589084.68820657	75988137.8277661
MRPL4	51949285.4637149	34707984.4618337
PUS10	0	5515875.31495233
CLU	0	709499590.325154
MED30	84802050.6916096	13903423.5791519
STARD3	0	144738366.78623
RNFT1	0	10409615.9106939
PDE3A	67617006.7112385	7245277.32735376
ZNF284	0	6220222.31251005
GCNT1	2120330.71045385	87122699.1333627
TRAPPC12	26541534.4537433	2696581.14005363
L3MBTL2	485769.220012908	16763140.8072113
ADM	35951902.0041072	7235040.67560773
SMAP1	0	37594418.555139
IARS2	17604572.2423046	117724860.455427
SERPINB7	2852838.91352934	7157274.68294386
MIS18A	60110369.8634349	113881336.036368
KIRREL1	13462802.6599396	142788259.540724
FAM234A	5233664.42299655	185579802.76359
ZNF529	1310444.73323866	0
BTBD6	246093693.587465	1060784.05593115
SLC41A2	0	29471553.8234925
SAPCD2	67633690.4018493	264524041.223539
LRR1	1534505.94097249	68273527.2001199
ALPL	12719868.5438971	931911.655817255
COPZ1	5086459.76390367	323047422.429255
GRIA3	264289466.26679	0
ODC1	1431605710.25617	4298136532.55258
UBXN11	21861961.8099439	24720301.4528638
LRRC47	16439163.8491051	4182086.27768661
SETD7	29436832.6083391	206723224.082055
HDAC7	788874690.560873	79394748.2371282
GNE	0	2980375.14719862
ARNT	3022799.38026715	0
NTF3	1691669.35646603	829276.341852658
SLC35E1	2306428.36162492	91156951.242743
MBIP	0	455686235.311893
NTPCR	48649497.9395327	78449814.7814375
GPCPD1	147095516.482461	2762727.35057125
TFDP2	37999606.2909606	41040145.9589522
FBXO8	4419357.43508446	276327577.032386
GSR	13619834.6993419	339914282.732213
RABEP1	16078857.8686036	30626615.9457825
ITPRIPL2	7871417.22658495	11779654.8073302
MARK3	0	18206210.0812923
RUFY1	0	1283734.05639986
PLP2	3541936.24654041	40284529.4059936
ELOVL4	0	0
IGSF8	95883998.9603997	0
TGFB1I1	1458251376.80224	699564.387326104
TRIM21	1033499123.32726	56035147.1387121
TRERF1	62173771.3611133	10691841.4016409
PEDS1	0	0
DYNC1I2	0	0
EPB41L5	21703260.3955151	5421926.00941172
POLM	31470316.2602371	42902839.0745111
ANKRD44	45017935.5256443	9099992.53223137
MYCBP	0	28083068.4277511
ACAP1	2133300.88544435	231977737.209178
ZKSCAN8	307387.153974094	1976891.79322178
PDLIM4	38565016.8366189	11947811.1901585
CASP7	0	887340.140463836
NECTIN3	15509942.0921705	1704290910.24733
GNA12	11149288.0570485	18542059.7751659
DPCD	30137057.3547976	296585694.239292
OVCA2	0	37641665.6134728
GAMT	0	64948178.7722385
PKD2	0	54411459.7734732
INPP5B	4332635.33093293	19783939.7269357
ARHGEF3	47160729.5465687	7871365.03757357
PPCS	8191619.39139777	64282932.3736721
PPARA	0	10367895.1857607
CCNT2	422598074.868462	12822449.5376009
KCTD6	10225308.570298	30165189.9617254
MRTO4	10481075.1101493	258404068.626323
KIF5A	0	0
NUPR1	23575372.1388727	1059324.78469794
RWDD1	0	124833180.498272
FMN1	4413531.71889828	18898910.4691159
IER5	44288701.6500233	189658286.950167
SSR3	41765494.7525589	776453537.930566
TIGD2	3172701.45200565	14928504.8150148
KIT	215672804.120039	0
ERF	0	112671596.778025
EML3	4148314.88138659	77678963.545296
SLC39A10	0	4434038.91042681
PRKACA	30266861.2414261	27418008.1491154
PTDSS1	9328401.3207942	694569.073071128
ABHD18	33058180.2026621	6099278.98636544
PSTK	0	1380283.63835292
PCBD1	4102029.18240784	379118517.395134
FRMD4A	67615566.5960744	17792078.9589669
LGMN	0	32242311.5137969
ITPRIP	0	10557561.9266264
ZNF423	1023032.00223944	15938262.5689253
E4F1	1381232.68916455	659479.970586358
PRPF40B	148664354.159939	25453561.5069012
MIX23	10602165.6339038	50292282.2776634
STMN2	29014889.4785407	0
ISOC2	503629513.703177	835233156.311177
MRPS5	499187407.558154	2151608.3168531
NDUFB4	3336386.95775014	2270229919.51805
AKAP1	0	33599178.882056
LPP	3292376.33438386	11450109.8436828
LRP12	24841153.8567909	1517157.46904986
ZNF274	36151473.9720111	22429934.806031
CD276	8817134.01384584	89924096.0284511
NOP53	14922374.2210905	29405826.7654059
DUSP7	1791518.19038198	7750063.57095743
MACO1	3977693.75945576	2663722.49228913
GLT8D2	1472233009.61851	12917284.0176268
GTPBP1	12690126.4450195	81776499.4534863
0	1443419.69875232	3209376.06233924
POM121C	0	0
FRMD4B	195327782.34395	2002971.06135352
UQCR11	6725108.76696102	16067712.0187379
NTHL1	87377532.5281853	236861506.743652
PPM1E	43594159.9320556	1120080.1880157
TOX2	451333341.76746	12527524.9065529
SERPINB3	0	2554149.46498064
NGEF	189358310.823524	1395625.11712829
COX8A	16439415.1301104	541887.280853637
GSTM2	0	0
HSPA14	131721942.65464	25448022.4969514
FBXO31	0	3272004.01984562
ZBTB8OS	17016636.1025664	24647906.3617638
ZFP14	6950047.34186004	0
ATP6V0B	0	182034102.854496
MRPL47	0	28683051.721077
ANO10	29882981.8671926	2201576.0907658
FGGY	0	3454074.52592103
BST2	83768803.4616384	224908802.668193
TRMT112	455530.551864587	146624841.492765
STXBP2	8389722.75524433	393103328.785354
ASPH	1309475.59735419	53590665.12724
ANKEF1	7802114.04886044	0
CHCHD6	0	6853484.94045242
STRN	0	6910967.65035057
ALDH1L1	2277731.0115965	0
FBLL1	34361484.1387801	7064889.55416533
SHISA5	7030640.6374289	51535677.5059891
TOMM20	20461977.9448625	3795049.51949011
TRAF5	3898169.02766192	18059607.0593995
DTX3	7368696.28300352	1951026.48332246
TEDC1	49311310.2976667	41498276.6766733
BANF1	0	916282466.485312
ETHE1	9186788.05504946	0
INVS	0	262183896.418923
UXT	1051681977.68104	170018585.641882
UBXN2A	4710940.86677955	5520682.37779632
UBA3	3949395.3849605	13090037.7280396
ZNF583	0	0
KLHL18	0	168360687.118066
CAMKMT	0	50667105.144502
DOHH	5162153.38476043	124856497.726923
COMMD7	62367797.5270761	38977185.4540589
MED31	0	117665117.621311
MLF2	55987507.4019935	4289287447.57718
MCM10	659218852.577021	566994350.000246
NIPSNAP2	10346536.2164014	6185504.89539855
SLC29A4	87068268.5250837	0
COMMD3	11016838.4599498	0
DCAF4	0	35659759.1483283
HERPUD2	24150721.1945444	56197804.3478678
SNF8	114408624.769603	34182966.6686935
UBXN2B	187072419.023269	3303366.40441944
XPO7	175730.184724234	115334657.53555
TTC38	0	41455311.3528763
SUV39H2	4476894.29873158	0
ARHGEF19	0	163523706.31475
YIPF5	6774906967.22901	0
PNN	676012.795372622	153374203.146611
BCS1L	0	88517926.3772742
CPSF7	5623210.6895557	30734313.0603637
TMEM129	115053276.645226	20460238.7626342
NACC1	9066744.2635492	9231606.02624027
PSMG2	612141211.780978	80455371.1680702
RNPEPL1	0	136576291.331591
TBKBP1	17049246.3977389	5783399.92076837
TM9SF1	2900802.42333209	60661063.2403679
TPD52L2	15659423.2284622	10405715.3447413
CD46	3749314.5249264	12182441.5848992
ANP32E	255031.45434134	486691997.266474
SLC25A35	2141599.81891655	628847843.900591
SIX5	6986425.36183321	11262436.4637142
ZNF717	0	51950109.4002101
PPIE	184145139.608823	21259670.0849615
SP3	0	8241622.63786177
PCDHB14	0	17607858.9088168
CCDC50	3655118.99014456	315000628.915698
CSTF2T	0	108374711.098336
COPS7A	16806174.2111777	2520988027.37018
KIN	413217276.543242	6574501.43423901
DPP7	38989093.5936193	0
ELOVL6	0	117394819.946474
SCRN1	28956806.3237588	274105215.630853
SETD4	29674445.9548326	29482832.9120055
YIPF6	150006052.05427	24645772.8769061
RBM10	112618101.019856	18307108.1224464
MRPL43	44008963.5777544	6501808.17622405
SPTSSA	6159329.77319899	4743242.34084628
ACTR8	6307433.69887526	13604954.4960685
ADGRG6	1432803.54792641	37760451.8636409
SLC20A2	0	206753950.458163
SRSF11	11985294.1495615	1572471.12538911
KIZ	68282912.2571056	0
RIMKLB	56624042.9162382	6628038.93732563
FBXW8	0	302645432.1328
MED8	23678071.4555457	92506940.8330856
PLA2G4A	38011414.5049788	2623946.41087998
CNOT6	3426569.64019474	1042244542.02188
SLC4A8	0	7762405.74845814
CLCN2	235294.591180972	143801590.268838
B4GALT3	331639276.955211	6308984.45842457
SH3BP5L	63662941.7976268	798382.158686315
COQ9	9780543.44732107	16377830.470645
SNRPC	0	382722141.17166
IFI30	9801807.97300102	38244372128.1961
TTC7A	0	319728908.092201
BRD8	63997084.3325659	498669014.871921
RMI1	3515771.0291397	15568461.4206029
CPEB2	0	0
FRG1	78403037.2234722	142270915.651604
SIAH2	17136746.5731543	4788093.49454103
GPATCH4	0	165466718.439091
DTWD2	2483793.99442214	173998276.328968
ZNF511	1050653.45695965	98880388.9906635
SRPRA	1402415.3495578	388702517.781853
ST3GAL6	4625741.95302326	474167.544572534
NAPB	0	2580467.07664676
AIM2	29112810.6137337	2499569.83947612
PLEKHA8	96197.2616762864	107992325.784112
RCCD1	80771029.3529228	18556645.5333291
ZBTB10	163164544.587202	328755574.865453
FICD	3891668.91878997	15318789.9744393
SRSF12	71607131.1512623	0
SFI1	13589986.3398757	367919.531866429
DBP	115593673.592049	0
POLR1F	177723722.878174	0
ATRAID	4909061.04383944	1107487.62366002
DDX47	7418320.5325442	17263845.9245164
GNL1	0	819472.143150487
ERAP2	0	16845179.5927339
RIC8B	19419654.097785	0
ZNF189	11691419.8440513	0
STAG3	123289364.914771	0
GAR1	43726881.0835481	245276543.094591
PCCB	237080.888853537	540029885.499297
PCYT2	5639185.83211646	6678613.17983291
YARS1	3695037.17945143	19310177.1686904
SPHK2	41031936.8819013	89160192.5298148
RAD51C	37833288.1085106	75855943.9479046
SMAD5	1203379.3996255	0
FRMPD4	40383107.233016	0
IL10RB	76944039.7310689	17815802.6297165
TENT5C	13070053.2338325	0
PRXL2B	86138121.3065504	5296915.07277743
RHBDF1	52110004.382089	1043584.19807076
DMAP1	0	21528640.5456021
TCF4	0	0
LRRC20	265949746.439201	843304.89934929
ZNF136	49673805.8095027	43715338.8843435
NAPG	606594.177882395	0
SLC2A1	3454787.09292829	9224512.7440376
ULK2	0	0
WASF3	97433578.5191291	1303502.09270583
HACE1	33498545.4210974	4263735.77526394
CDC42EP1	41886086.7403026	89661623.5676976
NUFIP1	933609.225667177	5132529.11245716
UBN1	91740300.0289466	4933214.08936238
BRMS1L	684068985.514041	3879332.63911945
ARHGEF7	4117056.74873059	5036812.07387088
AMMECR1	351622482.572523	15728108.6328706
DMWD	8347148.20482011	347578034.122746
RPS24	0	22764957.5116207
SERPING1	31130077.948552	912414.952992917
RETSAT	73569499.0385106	63248204.0637821
EEF1E1	0	613495676.191729
USP20	2013561.3526172	0
NSMCE3	217965447.113174	24115028.5771422
PIGQ	225712764.982733	45326132.6512219
SUMF2	18299247.9229109	27711911.9900541
NUBP2	445358164.539672	125517236.922389
MIB1	102567027.901609	26019855.4019539
ZNF84	228423377.44488	7303033.54115076
ZZZ3	5611248.54273416	14536780.2996846
HEATR5A	33989577.8179277	53135710.3679657
VPS29	7907524.17256816	148515284.886549
RSL24D1	1358878522.32642	5002629.2416082
TRIM68	877112.45698942	3203466.60029974
PRDX6	0	0
WDR48	69745988.6486205	251087671.703885
CAMSAP3	80393745.3185449	7411841.32823331
MYSM1	12728902.49329	7678986.56627357
MIA2	0	45841810.9847581
ZNF146	0	3115166.14150444
MCTP1	81690598.2892048	869939193.381604
SEPTIN4	11285334.1445692	0
ACTR6	14397238.9244726	43888086.264392
ZNF230	0	0
STAG3L1	0	1902420.34238018
NSMAF	0	41342392.0984951
DDX51	254384894.350569	18296425.8299526
PHF20	835799631.219528	18073830.3862523
GXYLT1	0	124906711.75057
PROS1	0	219236016.300888
FGD6	687537.69458396	7495613.60114716
PHACTR2	9205815.94992303	40772078.034532
SLC35B2	4970151.42282791	420266616.002519
RIMOC1	0	3579645.95171657
PRKCA	2170226.48326635	47609979.238972
TAOK3	10100998.0695902	7121472.14565441
EIF2D	70289299.5166674	1850839.45489182
DNAH10	10322247.5163894	2852423.00762151
MAF1	717015.893554624	24703277.05325
TM2D3	2711422.70971516	0
FASTK	161421655.886915	2087772.14104938
PPP3R1	0	9879929.91073635
RIC1	99248553.2351826	21291863.1937333
THUMPD3	86644565.4396663	10612398.8836942
PCK2	962451.132608469	7340420.47300187
TAMALIN	210883474.031337	91270592.4738035
IER5L	590612041.06521	77371662.9699619
LHX2	51946729.4434539	7964614.92644819
GABRA3	2313718.13251018	4103118.83587074
PWP1	27531369.5579658	58393224.4127507
POLR2L	76395962.7407123	0
MGAT1	0	38521501.9243176
RAB23	0	136549859.148464
FANCC	0	53839163.7445137
POLR3GL	79306443.5193956	6256009.90534393
PCDHB11	1993533.49247432	0
MARK1	37365807.5796561	0
PPM1D	38670232.5610812	48642299.2167429
SLC30A7	570311997.146797	145735079.037165
ZFP91	74252967.9099241	59744292.4459642
AP3M2	0	0
GGPS1	21989958.4668833	917276339.300641
FAM50B	2756433.80289499	14508969.2151883
POLR1E	200183901.417828	24688393.2693954
ZNF85	0	4584457.04782236
MYLIP	1413263.45019316	49875689.4338852
EPN2	689944075.43096	0
OBSCN	4246788.48849296	45206387.633584
SSX2IP	0	119064057.298584
ACADM	1466081.86034966	4310778.39787218
CHEK1	1536426.91994731	134174145.239732
ZFP36	39282648.9145229	133457283.225727
TRAPPC6A	0	31916448.6861424
IDI1	188125217.314665	342907877.285234
CCNI	30952313.6628619	337644277.172701
IGF2BP3	46398065.7435825	0
KLHL17	0	34792014.3818062
TFPI	18644120.2274184	285835473.66255
CCDC136	23833694.3705961	14318979.3992837
ZNF726	12771417.7318659	0
MUL1	22235721.0670385	0
RPP40	8415785.76627705	13462774.795688
TMEM158	1121937732.49481	0
LIG4	0	1124300.98240128
EXOG	1404806.17303611	36760289.1416876
TRAPPC5	1247511828.39046	119813172.321906
KDSR	2805530.96582258	14602271.1911772
IL7R	0	11095194.8663074
ZNF207	0	0
OMA1	24705450.1113111	161838183.154498
NDC1	477506264.981783	0
POPDC1	88117132.0523011	2198066.41040773
COQ6	375838308.544261	9861442.91731221
SMYD4	3330061.28080609	4862925.77564006
MXRA5	1743004.79781138	752785.06348045
PRKD1	2773110.55684395	0
ACBD6	732052.594082696	35788857.8843306
IDH3A	2375164.02673688	6862667.38309822
GPR180	5730524.40159074	0
PEX19	0	81939287.5978831
KCNH1	0	1722707.32872829
DCAF5	39796430.7523473	9654268.91901764
BDP1	18445579.8373662	0
TRIT1	54304980.3606229	34386028.2309407
BABAM1	813707.298885953	994060945.846776
ADCY6	10942096.6976718	1896248.88348988
KYAT3	1238542.9808881	1664605.25401392
VTA1	1654824.04286845	21691353.4384172
PTPN11	63236657.1339448	23823652.3852933
SCNM1	208094366.457128	4028811.48521048
KATNA1	0	30834498.9108444
SLC39A14	1550154.70346584	85166618.480682
ZNF347	0	0
FCHO1	0	221136531.767368
COMMD8	6195727.24073425	294690924.086804
SAP30BP	0	27538050.0720483
NID2	66771456.1331519	0
BRAF	26608434.8801691	171922202.992063
FBXO9	12772935.5461037	0
ATP13A1	0	281231384.661047
RGS14	17995227.0384353	157459546.804143
EFNA3	36372474.6768194	0
UTP23	157122871.362882	27620538.9503518
PCDHGA8	438748338.627742	0
TSHZ3	1184766.6605244	68032709.0156365
STX2	3281280.4577645	70153386.6564565
ZSCAN31	2421003.59372557	10260676.9708171
ROGDI	41515287.6208248	0
C6orf120	791051355.015646	4855811.14844203
CAV2	52541913.5180532	49519146.7531717
SLC9A8	0	46642338.3281653
PNMA1	8319721.77016904	115262608.170415
VMA12	12421806.4824876	21708027.0858425
CEP57	24230424.3623863	169069288.172966
GNA11	0	4408696.27673241
NUP42	0	2427694.06127118
PHC2	53624695.6066831	0
STYX	0	7405724.52457892
TGS1	13929037.6820918	56772551.2872254
ATL1	109803942.312946	0
CPNE5	128438649.661541	0
RAP1BL	499655.00750489	13712233.3509845
GLIS3	0	0
SLC29A1	9538279.03314458	3958469.6130756
PORCN	3050890.92117715	62038309.4277552
TDP1	26144009.1061117	18970787.0106816
CPVL	22283200.3898942	0
MID1IP1	37117663.3268211	16450227.7845729
ZNF507	3142809.1173037	12107477.8945409
FASTKD1	0	12742437.1645981
PCGF1	5507602.22999483	29361448.7971131
FIGNL1	0	3959535.29739858
IL27RA	0	13884470.1393308
TNRC6B	15840876.7151108	34825292.5054021
GJA3	8971254.59036824	0
ABCB10	168134331.063115	54139729.8286092
ZGRF1	2466691.27762055	91062010.3629178
MTMR12	76139004.5825489	30029945.1368933
TPRKB	4025923.76974449	51031871.0583247
TMEM59	56262689.4139907	16178160.1020098
RPUSD2	11789767.8453176	7540699.43933805
ATP5MC2	1642245431.02029	0
RASSF5	272289264.324927	16953226.9247298
LMAN2L	88667521.2417809	9159587.72009401
SLFN11	0	0
L2HGDH	5992668.61731076	39909231.473266
LTBP4	350734450.919597	16004733.1063427
RTF1	60764953.4635038	9513904.96379345
UBE2W	0	13169338.1519544
TECPR2	1566007.6051683	20371773.1922982
ISOC1	190203487.454867	782248705.726256
RPLP2	8640496.58198853	13545434.8752277
GLUD1	17420798.5956132	5850794.70510984
TJAP1	4754109.17738083	8237596.33090404
CPT1C	59338353.3067225	0
PPP1R9B	8820477.8511937	14911162.9192552
TSPAN14	0	12768241.4928659
MPHOSPH8	29792407.9957361	1858645.7433989
ATPAF2	63292415.5493037	206079334.990342
POMT1	192946.02654509	5493694.26785117
KCTD14	0	19949470.7800584
MYO1G	0	0
VAPA	49738163.1621968	39526186.9041112
OLFM2	2162640444.76007	5331969.49685293
DENND10	160362887.923589	146188496.384895
KGD4	10729108.3564402	2689679.63916139
SUPT3H	408037144.176933	19985849.5667009
ENOSF1	90022792.9201097	25093880.4860598
RBM15	4171521.13736793	202500358.492125
AKAP8	16453277.3426019	9508679.63696669
KLF7	0	0
PCDHGB4	1981427.60914342	16989789.1248614
PIK3R2	1023774.41201363	27729065.5035009
MGST3	1220381343.20888	0
ZNF273	75568842.4570474	4207379.74193431
COX15	0	10671298.6960604
LYAR	88561649.1332846	67274293.4869336
LZTS2	0	100762097.246236
CPSF6	5828034.12501878	25197989.2507172
NSMCE4A	0	49391774.0473209
KRAS	1117014.32106305	2427764.98238647
VDAC3	1753332.31103947	12973099.2225147
LSM14A	0	21637832.6812481
ZNF93	0	0
HLA-DRB5	4038332.01261837	8455365.26126376
JMJD7	4063629.41057798	877433.376238964
MIOS	0	8764882.48249147
ORAI2	3731984.69822226	35262382.7975713
HDAC9	72414619.8790512	3180156.10312697
FBN2	222034955.652998	0
BCAS4	0	55878500.2589516
SMIM20	516189.400738473	0
TMEM141	0	193656367.127875
CFAP300	0	89818264.6916662
RXRA	82982422.0367176	21062548.5695254
MSX1	384423726.398615	5991871.95484731
SEC62	257921398.895041	23015223.7068476
WIPF2	115326798.691203	151004890.009873
LRIG2	69210191.0974961	9834623.25230516
WHAMM	602131386.907188	271147.286641632
ANAPC2	0	114424965.170305
ZNF184	0	40008233.7125925
PHF23	38839771.610155	220301998.695741
SPSB1	13201089.9039083	5532933.41178826
PLAUR	143440501.692348	6559832.31356752
TRMT11	116370131.482527	0
BLOC1S3	83134449.1016611	3392938.82264972
TNFAIP1	294649600.08861	24963763.2378236
PCLO	26948095.1944887	0
CAPRIN2	28394464.7533606	1980133.74121095
NADSYN1	43151287.7781774	36823125.7082418
VPS36	0	23324222.6524997
MATN2	0	122058229.981181
CFAP251	2186342.9911586	100378384.190081
BSCL2	49163030.8688936	83406205.8180781
ACOT2	16513756.6309881	17326685.9850017
C9orf72	1305843.92654862	21395941.5304034
ABTB2	8315294.4129544	10912801.1506089
CMBL	1349251.7652297	22154475.5848749
CC2D1A	240995752.752166	29124893.5942654
CCNH	12752396.4796304	9165486.05278726
REXO5	644775.981350625	2273058.56084696
CTTN	14354326.0644785	10351859.6093181
IFT25	0	25867921.8980943
CACNA1H	3973736.59087956	677273.809841992
SDHC	15215731.9561792	18452455.916402
SLC35A5	0	7397266.0674194
MRGBP	0	53075858.2331621
PDE4A	2154392.35423223	0
CISH	20014000.0621896	6832970.13349649
CLN5	0	0
U2AF1	97881064.4214173	2086795.0566838
PHF6	0	11883050.7797181
IL11	1058671.55072786	0
MAP2K5	10006613.7987536	7440160.28021889
ERC1	5713506.83282654	4792041.82585634
WRN	44215657.3689123	30804818.219274
OSBPL11	0	0
CCDC134	197146488.201716	1472713.71022392
ARRDC1	2786145.39469542	442679049.923588
NLRP5	35261512.9479924	60611177.1319255
STK32C	8235441.37388592	15133710.5944349
PEX6	28054374.8679763	2102454.00789013
INSRR	47639890.3016136	0
ZMYM6	0	0
IL2RB	28693379.8146694	21712322.0704555
FGFRL1	197752363.349366	5270494.97765778
YAF2	412209276.985993	489221.898504604
IRAK2	1341316.81943421	3063128939.44822
AIFM1	15393461.6682133	36927200.2432806
CHM	0	0
LAMTOR2	921276555.4244	39128738.3680092
MAP3K8	0	0
AMN1	0	197199360.284375
TDO2	783820512.62187	0
NR2F1	51333275.4688039	0
ANO8	36687200.141496	39524418.3654948
MPRIP	25526451.0061352	140000779.884495
USP14	825617.524683314	984384476.699138
ZFPL1	0	37373488.1845006
FUZ	75952437.5910598	102438658.544061
LSM8	6835187.56093462	1163580081.95459
SMARCE1	36465083.8805994	0
SUMO1	5158174.24985477	9266371.76829629
CTU1	19284007.964926	231570888.353573
ERAL1	6677057.43018461	83693531.8489449
THG1L	496789416.115046	7906508.65788953
PITPNA	0	0
ZSWIM6	0	23314528.8741814
INSIG2	0	48173109.9865215
MEPCE	31466226.9822248	33199945.1382075
FBLN7	3837125.69801543	0
AEN	92257772.836208	0
B3GLCT	10384238.106559	252175319.29177
PSRC1	276851563.541679	7726021.8709274
CLCC1	52596341.4549277	4757611.12105201
PCDHB15	0	45392445.813774
SERP1	1306345263.26505	1787462.3662102
CDK2AP2	22189346.9402253	11865120.1130411
UBE2L6	5891311.5111239	18562042.5602448
CENPK	0	41486177.2657878
SALL1	17520105.7850755	33945622.2888234
MAPK8	53318408.7835423	0
ID4	331206736.351498	0
DTYMK	90771935.4408674	67075606.5943647
TGDS	804887.469274529	30530476.3292696
TTPAL	33874677.2072429	69791663.8416223
SYNGR2	1568435.8254653	2287488.51179994
SLC38A9	1565651.45284156	536859.784137355
NEDD1	26085143.4871621	34818086.2275655
NSD1	145029449.408068	1089249.47866185
TWF1	3267735.08581301	25399034.7794588
IGFBP3	4669919361.25445	83405706.6804799
HDGFL2	149970695.803992	293555459.302888
ZNF23	1505742.97777163	2862952.66486926
SLC20A1	15287615.6558273	34631700.211171
POGLUT1	5421401.21139097	43197903.6188441
CCDC88C	59581563.2626573	27559159.3271523
DDB2	1600246245.58205	5099995.76777335
ACP6	0	42433928.1172437
BAX	73171471.4445688	0
NGDN	2919312.08892312	13039925.2411709
ORMDL3	0	1514700472.71434
PPP4R4	6209779.30687989	5332247.84476846
HS2ST1	3923383.62506477	0
PRR36	27352739.5247353	6786572.03357467
MAGEA4	0	0
ZNF560	52235621.575096	3458379.7905796
ARHGAP42	99435755.1840414	199778362.667253
ZBED4	0	6733988.75987341
ZNF543	4685882.15316231	1860577.31744488
OLFML2B	142397182.765463	5862272.44070211
DLX3	319784789.656424	0
RBM8A	1421003.80080841	146177046.542707
METTL15	94802822.0385976	31082155.9978077
SUPT20H	3247551.59778311	0
FAU	699006.874780933	6633930.46774321
GALE	0	50813942.0243304
EIPR1	0	21397713.3891628
VPS33B	0	50036203.4446247
PLAAT4	0	447083.36241836
CCDC15	0	21487659.1271975
SLC2A13	12417822.9266288	0
DENND1B	9230525.7638281	4976369.17388056
SLC12A9	84819615.3076344	762474.765326996
MAPKAPK2	1312532.25674146	4923361.91105939
SLC38A6	0	5929931.63385049
SNPH	86656752.811853	37386810.8626316
DMKN	2645273.15742596	9736045.49370505
SDK1	18947809.4056619	0
ZFTRAF1	4369516.46350712	62285841.28386
IDUA	252232515.690171	681302.017349367
MRPL36	87406.6342278591	95697752.5619302
RAB8A	0	19507109.5343236
IPMK	0	0
CLPX	243353210.310006	17393085.6815112
ALYREF	4142759079.31569	0
OTUD4	11247264.8654916	9611696.21179285
PRDM1	85725465.279496	3384784.85338402
SLC12A7	22013593.7756394	1370811.51620537
CSPP1	33530200.8132585	57875208.7294653
IKBKB	6983930.27623735	7038669.44791944
HRNR	7924758.91719427	20929639.8679761
WDR44	47871125.3198029	10753441.309121
OPTN	0	105577468.952483
DRAM2	3790481.01656082	5341844.77707533
TATDN1	16229177.5161445	8442893.72674288
DUSP10	4679638.46377581	0
ZNF263	407384073.294291	17039629.667258
HGH1	45919359.6537231	25753133.0007075
PPFIBP2	0	11504910.5627704
FHIP1B	19435198.0203823	16388319.1183868
FRMD8	44250695.1034101	26284689.8944959
MPZL1	156439107.448601	17329475.5228313
CSMD1	3000733.47188518	44737313.9696744
TBX20	1599553.26417856	0
PLK3	32426662.6230154	10466713.332468
ZBTB7A	0	12813346.873885
ERI1	243593.664020214	41481426.2348841
IL4R	83802038.4049186	77989729.1493865
RDH10	18631504.1258135	0
CCDC191	7115902.2982447	31505980.2499375
DDI2	3448314.52248084	3408078.23320962
SAFB	0	0
HASPIN	0	0
LCP1	0	0
APC2	67267856.0782994	9479940.12978039
KLHDC2	1066870532.31696	17471649.3514052
RPS23	4899934.50052236	1321077491.12682
PLAAT3	69011484.9433225	0
DBR1	1895537.76271737	38146717.1825062
PCGF3	13456439.0994601	129721386.242165
ZNF567	11345026.3952876	4830061.48844966
CLOCK	0	87901664.144293
ARFGAP1	0	8764165.45508457
CACUL1	0	20341057.8067263
OLFML2A	252259.216620222	13501035.9560978
S100A6	943378.802226372	14542801.9672038
C6orf89	5894711.71681069	25361130.6196748
EXOSC7	8798180.15191201	341876786.427878
KLHL36	0	115135792.13483
FBXO4	49593608.6466685	54843907.9349325
HPRT1	1030669.8474094	583085.691958755
EBF2	12656217.5372169	52031761.9915776
RAB27A	25316564.1875089	10638961.5669072
MAN2A2	25536244.1348067	3769014.89624817
CDO1	37810301.2149672	0
PRAME	0	61561539.1610702
TVP23B	6829571.43056515	0
ETNK2	42556671.0996231	1797021.43538475
IMPDH1	747154.829740606	9200761.05852091
SGTA	37787539.1528444	49627772.28103
TMEM41A	0	4470266.11277398
SHC4	314600448.008745	0
CAPSL	1765921.52828527	185876144.302082
RABGEF1	5918925.18945154	0
PUSL1	39709002.4974373	113306937.902823
FKTN	0	17281469.5250733
CFAP97	0	315361096.217723
MEMO1	0	3049571.84266387
AKR7A2	5800148.15176844	13072356.3413262
FOXF2	275175441.863498	9090732.69639359
GORASP1	0	96683610.1113348
TIMP4	3315588.77023057	8670011.56816566
MAK16	0	28271402.3734949
ABCC3	0	0
ZDHHC7	0	36792733.1467083
RSF1	0	29993457.9496498
OTUB1	0	71706761.0259294
VPS9D1	79317708.7363651	19692503.6643682
AGK	44132425.9954641	90465748.455556
PHACTR4	0	4130402.80101098
MPI	12277626.5851855	52233614.9452363
RTL8C	0	4606053.95889359
BBS1	238571958.640302	225068910.276465
SMAP2	0	14635564.795986
TSPYL2	1601194798.20968	10834630.9754723
IP6K2	7450024.37242567	3982240.01352605
TMEM120B	175446462.512549	29441304.9450818
0	868321.995299604	15315113.2240209
N4BP3	73485065.5765098	9926333.76859153
ARK2N	652807.000722064	2989419.48606096
POLH	31791101.3285849	0
CHML	16053034.5811546	10581972.0312259
SNX33	0	9920557.08006235
RGS12	18260740.5096018	30004948.9579636
EXTL2	0	0
SMAD9	2652290.65821765	0
SDHAF3	0	123428009.318272
EED	1240118373.74941	17326180.4428467
CFL2	539048.543526096	19631810.0332253
GPHN	5929306.31186003	0
ZBTB8A	1916518.85890461	45585117.8282707
SNX19	29332207.8345867	13191798.9577408
PLEKHA5	142148235.179023	906335.060645033
LTK	84860564.4232918	0
ARID5A	568503996.935314	0
HOMER3	12170913.5715007	58524231.0342088
SOX4	96996037.5828828	0
ROR1	139134994.309402	92636281.7497699
PPP2R3A	2455311.38935383	3728366.13606241
SOD3	59045069.804252	0
OGFOD2	206277005.590885	0
OTULIN	12222511.4378208	200330077.563097
UBE2A	34566416.7944977	125261474.001282
PIK3C2B	34803282.2469116	8644113.75232998
PXDNL	0	0
MAP3K14	3735708.8492097	421140719.99055
THAP4	2913443.17396458	38778573.4332842
COIL	0	163014147.516641
ALDH3A2	69103308.2080092	101738023.356834
RPS26	1139153072.59913	354250525.775046
CHN1	86800502.7058824	5568242.192294
FAM111A	10005334.4095741	11215473.2091498
DGKZ	0	20865176.2136111
SELENBP1	355380447.61816	11647668.9995502
GNA13	0	6312345.85121487
ZNF746	80081861.3926051	40196129.4421593
APBA2	54187377.9942792	1621390.67202543
EVI5	425891.75834549	35629283.1047929
TMEM128	623177.966442692	12454652.7708572
ZDHHC24	8940907.87012206	126097582.716264
TOP3B	0	24292085.3182851
ZBTB43	45879327.2848435	5626644.85725845
HLA-DPB1	11536213.6796624	1781556.23426292
TOR1B	10661933.2251745	0
SEC61G	2322538.61870145	44940918.746805
CD99	48708037.4556654	0
SORD	7325877.23769345	0
XYLT2	0	26029909.5496414
SYAP1	156839641.460407	24591068.7002472
DEPDC1	0	537692108.570948
ANKRD27	272639206.369509	120784219.777156
DESI1	53792870.1495842	19299448.1351463
DLAT	7321873.95698356	6589106.1758261
PPP2R5A	6281362.01747662	12340973.0825274
MTF2	15269803.0398563	6528555.09817123
SMAD3	51569187.940446	0
EEPD1	29227571.3362429	7138598.54495447
TMUB1	82724840.0229522	26673579.4611417
ZNF680	0	1411213.94721813
ZBTB34	34927352.5507957	35467085.9256417
MRPS17	2451441831.63722	1827073.57883028
PMAIP1	142053608.715034	0
ADISSP	12144732.284283	17760319.5289565
RIOX1	36103722.9877053	10206291.84322
UMPS	6429224.02439716	38660105.3977241
ZNF669	298603022.756564	0
BMPR2	122450136.24682	104249854.822761
PPP1R10	41354455.2182609	0
ACADVL	219486425.219353	9155903.77920927
PCGF2	75914016.0534875	8772873.0309601
PTS	147632791.52011	53232794.5229437
DENND6A	0	122346540.986166
MPST	568934716.609097	0
C12orf57	1055963.98919915	43400512.3198641
RTL8A	0	66104256.5877213
PLPPR4	148169507.979939	6318114.68372923
TOR1AIP2	38378640.2440741	6573976.11365588
UXS1	10709717.8533322	16235989.9275255
NUDT6	100470718.127385	188455171.854576
TSPAN4	4578601249.26668	9704342.33675425
PCID2	0	79812904.5152414
DEF8	350186073.794481	0
GLMN	1770271.99129335	6431213.92085635
LIMA1	234184015.759689	4790937.64253294
FOXD1	70297550.3370437	172426754.328353
C2CD2	54505118.7641476	7565093.19803022
CRLF3	0	146143534.729787
SPICE1	26278627.4482638	53067577.2110904
ZNF35	0	67845370.9413101
EEF2KMT	511581449.802553	217506145.327015
ARL16	0	4589317.55488169
RFX1	374209.449999284	10138903.7045197
CHMP5	1128596951.05498	0
TRIM6	20434965.0853822	20594914.3424133
0	0	47004466.4088187
SYNPO2	10042187.5043078	0
NTNG1	10076242.4679582	0
APIP	352057089.095985	7956808.54050357
ILDR2	188385943.113073	1170104.189549
NKIRAS1	62270343.8792255	0
BACH1	1446661.30016821	25915603.0698313
FUBP3	969766212.745536	53390373.98793
CHN2	120499167.343665	0
SPIN3	12887351.5749546	9358061.36618702
TRIM32	38963350.9102029	936822.456059707
LAMA2	2308997952.15597	11033850.9839224
ARRDC3	54898895.4300669	19739534.7025898
R3HCC1	0	51644101.0378879
ANXA6	8428026.57969408	4848966.57169224
GLA	2134568.94342683	1217219197.94366
GNG5	13703372810.446	29632565.0572762
TKFC	3686049.02585803	504098765.373666
SGPL1	24985959.3337522	0
B4GALT4	9296539.2841424	25719038.9680614
AGBL5	0	34381657.0315871
SLC35G2	6523373.02297591	77788444.7951618
DLD	3833062.1425634	0
BRD7	38161046.6411911	0
ZNF260	72673311.2331633	4295249.80004909
SLC38A1	21789562.2928341	7187548.43187065
GYG2	0	0
TMEM126B	143116220.973796	35137143.915727
SDE2	11095738.3720419	47504985.8746744
MINPP1	0	99704514.3501962
CCDC181	48574480.8862392	49407991.7427049
EPS15	61368447.5547416	44573290.1458947
SATB1	0	3868384.16936372
RER1	0	46534217.3336993
PUS1	2968056.60489586	319781.957352239
WDR45B	0	0
FST	873527.079333667	242516171.043275
DDIT3	97626161.9817478	37855154.9417916
DHODH	175262298.956283	11843660.3683182
UNC13B	0	15659502.5329046
CREB3	4659617.91444722	19790659.9311388
TMEM160	76771107.5987704	1241843.81331887
UBOX5	57973769.1984622	17926927.9458581
SLC8B1	51232471.5176205	12729763.0929355
FYCO1	11525184.0416269	14489590.3697468
GLIPR1	235917.266669968	11055007.4166247
PTK2B	3296644.3492377	70357791.0973315
PRKAB2	3631406.30926325	7194473.89156613
RNF114	6247044485.94668	1384991497.32694
NECAP1	0	14730418.4403589
RNASET2	263247731.65839	0
KDELR3	200120.260150522	0
B3GNT2	20591306.9352615	0
JADE1	7973299.74128962	218782782.328348
MED21	9332129.02781195	62083059.0281341
PARD3B	25643748.9864402	0
FPGT	0	91867838.6110704
PIGA	0	46525733.7522046
GPATCH2	283438591.08318	0
EXD2	9541767.12906947	13806823.6482117
PHKG2	420583380.389072	12700151.827046
GRAMD1B	0	19169010.0080691
REPS1	47034087.2481803	0
CDK8	5762325.3052041	18838885.1149876
TSR3	16176342.1012334	4076981.26996617
SPARC	14206383.2918275	0
SUN1	3741211.16537942	19292138.7187516
TENT4B	14691809.8636593	34746173.2262493
HARS2	24544991.9466441	40199959.0605235
DDX49	0	205718703.251808
DNAJC14	6646700.37579952	22704312.8245252
TGFBR1	83977065.8732738	0
INHBE	4610090.2939334	1838402.68664898
HHIPL2	47455756.0406657	920327.996118495
TRADD	167372177.453303	0
CAPG	0	22333358.0719239
ARHGEF6	17884666.1678862	0
IER3IP1	1854114.8669253	16872436.8601332
DYNLL1	0	19735694.1084301
ANK1	0	11098285.3060953
DCTD	63960303.3775336	193695120.007049
ING5	21465779.1529843	71576361.187022
RGP1	15485927.5550371	0
SIX4	26443973.4194483	20509543.1079661
KCNMA1	0	185237572.22989
FAM98B	119674178.006494	0
DAAM2	7202795.8842716	2391796.71036996
CREB5	45830264.8971038	4563113.9943701
ABHD5	43051660.8508908	0
TRUB1	17509167.5695364	6904769.85186621
BNC2	292716.707178381	9581283.90600547
STPG1	44531944.3114939	18222710.6650959
GRIPAP1	0	28828815.5218407
KHDC4	9382080.24305534	11407957.506878
DZIP1	8275587.76832163	14809224.0745411
KAT2A	296068215.518364	69630962.1336307
THAP11	7922908.24916976	82630607.9250837
SRSF7	1174696.9254471	32634720.2683782
WDR55	346954.874162256	97877364.7664031
CCDC18	327437430.884929	72303364.5292245
BBS7	6623948.1839432	2068872.61288657
DUSP4	23841336.4106335	0
CDK15	17402746.4279338	716922.490027064
UBE2K	20859696.1075921	35352261.4896791
TIMP2	19955889.9407781	14298237.53613
ATP5MC3	177305209.250686	1997094.0614393
GDA	0	2949063.73054516
OPLAH	27952846.5487541	25200383.5563003
MFAP1	697841.633476646	107973863.303187
PIP4K2C	9030902.7281372	7831156.59204914
PRDM6	202138882.77725	1073437.56575137
DOC2A	286714085.902289	28798118.217083
SAMHD1	6254788.96153043	0
ISYNA1	198690220.9813	0
RILPL1	19725184.2214393	0
HAUS7	41352356.6869697	0
DCAF8L2	161788.244651618	7201821.59780291
TMEM106A	12329879.109312	0
HS6ST1	26707663.8930126	0
MFSD14A	5484879.35243752	38109731.0879727
QPCT	6008051.84559229	6680626.75579633
PER3	3675774.11543729	15678916.0440311
CDCA7L	0	6257027.12956306
TNFSF10	0	0
XYLB	12658579.5445045	40302440.2638573
CLCN5	0	0
SPCS3	3409795.43084295	106584248.150484
ATP5MK	5062878.72889847	4904438.51316276
C1orf198	17120382.2584668	27261465.0407691
PRMT6	4425189.59317843	8568286.29903588
TMEM104	3113847.77637305	2742996.54001502
CYP26B1	39858100.5540603	0
SKI	1559140220.56765	10562436.5378592
ADPGK	1371558944.65021	794116445.676872
SYPL1	484812.790895221	14179860.2512467
RETREG3	0	12287401.3012038
PCDHGA4	0	35505312.5584116
GOLGA7	2300405.66158507	97693183.2805344
SUFU	7406952.10951101	512704773.552013
CTCF	9643457.65031093	24122829.2871806
FAM234B	33232140.676248	874372.817287742
MARCHF5	1178828.31547476	6416029.02256652
PSEN2	96147743.0306879	11768053.6170958
TRMU	48111805.2447583	0
EEFSEC	13258991.6019549	31057116.0681808
MANEA	66431447.9348196	0
SYCP2	30637229.135329	11640176.0754812
ANKRD26	0	2072952.04361563
ALDH9A1	276294.913541453	60207935.744092
ZKSCAN1	18460070.4750819	4893999.02251725
ATP5MJ	5096340.46452348	7968677.1101954
TMEM276	6558463.20016331	717466882.47516
PRDX3	60231105.4834841	3734571.38434328
SMG9	44836250.3951291	1480555.91548784
BMP1	39269816.8757585	0
BTF3L4	0	516458917.897311
ESD	529251864.888577	0
CBS	202164262.295853	0
TAF6L	21168334.2166584	0
PTGR1	0	0
UNC50	0	67845923.9062089
PDHB	13414922.9063723	5888000.0422636
RPL39	237702778.298869	6081242.44059812
ARHGAP11A	0	10365534.0081049
ALG6	118991.44827841	23627521.607235
TRIP6	958048.3290437	1127875.31124722
GMCL1	0	2112568.06194346
BID	46043167.4127234	31666556.5851064
TMEM87A	5577652.61695284	20467976.2361114
PARVA	13037536.0734138	3730708.19411704
RALA	0	0
METTL1	1616422.2266047	45883041.6336061
SDCCAG8	0	10016816.665377
BORCS5	0	70978087.3220664
MYH3	0	0
ABCB8	48604940.9492234	54858092.3429658
EFR3B	0	5301955.65976382
STIL	5184281.05969839	10228717.3953094
ZNF808	0	3145478.58713297
C5	0	5740317.30289398
LRRC8D	0	3205000.48171862
ABCC2	37430406.7197903	70033480.2276805
MRPL55	139555286.801817	2722123.37115948
CD55	0	936149.792762459
POMK	19612593.0088383	21937248.1234433
NECAB3	4749770.718375	1261979.39951797
CDIPT	23225870.9993427	1174550.53414435
PPP1R3C	4120819.55515767	12336964.3512792
CDV3	2557390.75632016	0
APH1B	500821667.966448	0
R3HDM2	38409160.9288256	0
PHRF1	33787852.3177743	0
ZNF558	3581037.19009942	0
RBM48	0	4688335.70144217
LRRC28	20943606.1016646	570676.657651196
ACAP3	1646797.84478722	0
DUSP12	0	735147.787913114
PPIP5K1	45710779.5659735	16419937.6376271
NQO2	834032.11551638	39460596.4074019
MAGEB18	0	9316827.28086583
RHD	0	0
ADCK2	1481080.14163891	22923820.0124987
SEMA7A	5238824.64499894	4623967.36881078
TMEM69	5646781.07704526	422971521.770849
IRF3	1198537922.9438	0
RAB20	224591874.483286	12125226.3961291
ZNF430	20848318.175433	17630457.7059922
RFX3	0	112385548.978971
ISG20	0	0
TBC1D10B	427422.821379108	921725.444266403
IER3	529806629.415966	0
WDCP	0	14587781.617273
ZNRF3	7842393.79439699	3011692.94642623
INO80D	7449677.20508704	0
RFTN1	623781685.730387	989970.225020684
GTF2A1	0	37272757.7553491
DLX2	19857066.4998856	0
PTTG1IP	22185573614.698	0
MND1	33545051.1210664	469958230.68676
HIGD2A	33164094.233212	0
KIAA0319L	54087335.3353642	5261230.6507805
ARPC1B	0	182776006.9199
POLR2J2	0	227796045.710367
AGRN	2212469147.69251	5373283.80915698
DNAJB5	1375814.96728208	291973876.309847
RGS1	196042793.483174	9066519.26648046
COX5A	0	465635012.118254
OASL	0	30721159.1403726
RCOR2	12168171.5858212	2946352.77519223
NHEJ1	0	55803891.3346626
RNF135	12632773.8762886	2986481.24778761
ZNF280D	60339359.4395894	0
NR3C2	22002245.4699441	0
SLC17A5	16218284.8422061	1349890.15380764
PDLIM2	115563763.434013	0
PARPBP	43539007.0645755	3406802.20294609
STK32A	93755349.2604739	0
COA3	3485879.85870025	29329302.332969
SIAE	565897.162977533	68528050.5843227
ATP7A	105022091.160359	1265136.6993026
SEMA4C	253916209.204967	49208413.9553706
SIGMAR1	0	128942447.341668
RASGRP1	34617157.2356742	59660506.6463458
MTNAP1	34276842.1155841	7941002.08481452
GNAQ	485451907.353335	3193581.32999554
CCND2	2531548569.48832	2595173.4741481
NARF	0	19868766.0013178
CIAPIN1	0	39419557.7521897
BARD1	17767943.3427113	49538076.7371099
TRIM47	12956136.6312928	44592171.7841213
ZNF160	4481678.54252565	21026942.1137457
MANEAL	245793000.243193	9645881.88482864
TIGD1	17583118.8535731	2402597.02663842
RPS6KB1	279035523.386045	12734878.5407789
TMEM223	0	72655594.2109221
USP2	128647522.083966	7471505.95803648
ZNF547	0	602113.826270309
ANKRD39	0	12481608.4484905
TM4SF19	0	80724272.9491753
UBE2B	0	238579239.597914
RNF168	0	56877632.3426884
RHOBTB2	34741349.9619329	13678270.131235
PSMB1	106699910.143127	507187072.330786
UBE2J1	3814057.42128057	693027993.468209
DPM1	107133050.114622	19797601.2062434
ZNF251	12743838.9998266	0
SNX29	58587394.5243598	5153469.42943919
0	25107113.6650165	0
DIPK2A	0	1047778.21962413
SPAST	441637883.093666	0
DHFR2	140779498.989996	15035189.8194525
SRBD1	70918992.9583413	9528748.88466407
PPARG	1300000528.68015	1866613.69270527
SDHAF2	13411835.8973921	14606389.4310086
NLRP4	1652592.64089505	37399173.6709591
TBC1D20	40407450.8205933	0
TM7SF3	17575761.3667528	15667651.7549788
EPHA4	0	0
DCAF11	913832078.726387	28445703.8917731
RFX2	17383573.4941609	190658042.477684
ZBTB9	12266354.3107443	1749503.64695273
ZNF627	0	1901098.75037554
MIEF1	5162422.92834565	0
DNAAF2	130572139.47276	0
RTKN2	2632827001.42251	29857738.8574149
CATSPER1	86771.8841316757	71833879.9622207
DCHS2	26475058.593374	1066040.28550138
FOXA2	435657261.994363	0
S100A4	0	86419620.3356646
ATOH8	21369128.9636656	44661711.3182548
NECTIN2	33514380.8024448	0
TADA2A	6088349.11999444	6743568.16891289
CENPL	615272.271976597	8140249.44675164
CLTB	2820921.45852754	6658770.95389108
ADH5	152578014.779605	129640179.620841
HMGXB4	0	106725407.182771
SUGT1	0	1894572.7165233
MEX3C	11315473.147779	0
RBIS	55852790.1601343	0
ZNF420	7622151.35813334	0
APOBEC3G	46477968.017533	86372825.9043189
C8orf82	0	0
CELSR1	169417597.380251	0
TNS1	26197293.4720696	1557240.27754259
ATP8A1	14669238.2410218	6423531.86263474
SLC16A1	655200.521878244	13889092.1739946
PCDHGB7	0	0
PHTF1	0	34039658.397065
NAXE	67679495.0829298	0
JADE2	4133845.27081156	72313151.2387868
MTBP	1400904.35049692	6358075.85857322
PRICKLE3	363882188.336876	3163156.39942443
LPXN	397231.101929521	20475103.2777471
FBXO17	5049897.70994723	86186435.146975
RPGR	0	32895658.5661139
CELSR2	31653745.3406241	74766015.4187736
RBX1	4531690.32799771	21301735.125396
TP53RK	138550155.679856	8196028.81809663
TM2D1	1973084.4130727	0
THAP3	0	78117768.1081243
EFL1	5806564.55606454	0
CENPH	14841864.1911941	35861786.6463043
PIM3	304152787.823302	0
ZNF608	28338588.924162	43957415.6190738
B4GAT1	2916646.06235941	25030831.0061243
JUN	0	489570389.679854
C1GALT1C1	0	20715259.7236205
MLX	17174585.7236204	42695900.5737434
MPDU1	9628809.18910662	223495750.960294
ZNF484	0	0
MTFR1	257481469.450149	0
FBRS	317807696.196348	3041098.40386206
KBTBD3	0	25664936.989235
BCL3	288974548.962646	2112439.03145648
DDX31	227265458.861952	13068933.4840376
TTC31	134315912.829737	17123250.8355868
HOXD8	0	14867624.0609702
SLC39A6	0	4324679.45651985
NHSL2	74367585.2669087	0
ATP6V0A2	0	31773710.5437215
TIMM44	10741750.5881637	8151208.61114186
CTBP1	0	14729925.9484282
UVSSA	0	164943278.650459
EDC3	37080482.4004156	4508741.25297878
HAPLN3	0	0
NDUFB3	0	58301714.833396
CORO1A	0	0
MTIF2	0	10650508.8266168
PRR7	304726232.253904	0
TFB1M	62944987.5739041	10169358.7005316
SLK	3105875.82380907	47609366.5416379
LIMK2	100141316.264845	6335365.56694473
CRTC1	1339812.88908045	0
RFTN2	79741642.336942	8903596.14610989
ABHD12	2328154.8434197	24812210.0158681
MAB21L2	63952507.7686905	0
SLC30A6	0	0
DHX34	18437666.8523873	25461019.3976194
GARRE1	26706009.7463832	16033386.3569148
MRPL2	226569569.981176	0
SNX15	47778201.1670754	1416411.7083568
NUS1	36456141.319518	0
MED10	45151007.0034012	9010025.73369105
SFXN3	0	37323809.043694
SAFB2	206034702.090103	1979030.13206267
TOMM7	5722609.48707613	0
IRX2	39861821.3038008	44145184.7436643
ITGA7	784933171.919506	3131332.10408243
CKAP2L	102298360.273963	0
COPS3	91251201.5325737	78246521.4961797
FAM156A; FAM156B	44940592.5409796	52844395.2615372
BOLA3	55830649.4813591	8966669.41253778
CCNQ	0	54495521.2075889
DYRK2	2901164.69795797	3042301.0493341
ID2	8927082.51000914	16854622.3377686
ARPC1A	59920088.8951951	347840810.53786
NUSAP1	99179915.6095102	0
N4BP2L2	150233481.29151	237846786.106036
SLF1	35033783.6901824	0
BASP1	1519551.58628605	2423593.7204016
ALKBH2	14563966.3052937	31295208.7506345
TARBP2	1136169.62932632	128937286.02844
FIS1	2130261.95662955	25285093.6788989
SRI	2513935.07186066	0
MATCAP2	1247330.19555022	912303.050665035
RPF2	161628283.750939	2988196.77090569
VPS26C	4479041.06241919	1414756.1895932
AGFG2	10157215.5499077	1741718.39584118
CAPN8	0	0
ARHGEF37	1328100.73603639	0
TRAPPC3	2345682330.18817	9603909.79630449
FECH	1673289.17641841	2596196.38816151
POLR2I	10469136.6415307	122215011.676732
NIFK	213758336.615218	3426795.58578544
HTATIP2	301258902.290061	0
KIF24	0	0
DNAJC22	283581.098256257	2453835.64434878
BANP	530547.941614858	2298298.09224928
NXF1	57491895.0027505	0
TRAPPC6B	1055921.40332909	22194382.8354438
GINS2	2487603.82889335	18115544.8710449
ANKH	44187550.7143102	161861454.818664
STX3	0	12463980.9544571
SH3TC1	10165659.8949836	148431873.147209
TMEM205	11565248.9808546	1658625.00472459
NDUFS4	0	116903013.997287
ARHGAP23	0	0
CPXM1	24798647.8551152	0
RBM20	0	80977057.8799655
MTG2	0	104997366.803824
ZNF776	0	0
0	7138457.8432311	5351652.91232233
LINS1	239053459.082114	0
SLC35B3	0	8862371.98063905
ZNF20	0	0
PPP1R3B	130160846.769032	0
TIAM1	36514723.2584194	49569793.2712712
FANCB	27021535.185774	4303791.58846796
CACNA2D1	71851652.1581071	13272175.2486265
CD2BP2	166324899.482893	10107167.3537447
UNKL	63129980.5245513	772864.381222728
PACS2	844617.478266392	7085759.85508197
SLBP	0	0
FIGN	0	12960718.0276621
IRF2	0	0
FAM210A	5717802.54332158	44743135.5536553
FBXL2	0	232121489.649532
ATP6V0C	24498618.978276	0
SPIN1	15435192.3697856	22847038.9064216
BOLA1	0	19370192.6324909
RAP2B	15809613.4031753	26277555.4254673
CHTF8	287062252.795779	195444539.341646
SMG6	3173307.32642578	5285352.74404861
SLC2A4RG	6620109.45350325	0
0	56275713.6413316	3077259.52218441
CCNL2	852222470.630907	2295245.4138215
CANT1	29405451.0559974	8387738.91375638
SEZ6L	364944669.370339	18919888.1560331
RTKN	512126738.754246	7349230.18874662
MRPS18C	167314217.074858	315603895.312275
PLCL2	8969494.07127201	1961455.23088134
DARS2	3392514.50933931	3067829.33955774
CDKN2AIP	1275499.43809421	0
ASF1A	14795075.9303436	40280245.1401383
LFNG	0	0
IQSEC2	1715647.1873903	2173798.20924542
RBM41	12906272.9614092	1681886.14226147
ZNF131	0	7631601.57336275
BCAM	89503021.2267335	2899962.38535548
SELENOS	85799980.9539279	0
TRMT1L	378700.746599337	14254203.5995413
TMEM115	4956660.84617458	36811305.1801248
DLG4	0	1168810.7882549
TRPT1	6770302878.44314	0
ZNF655	506347650.999121	0
KCNN4	5962152.0859869	7201793.545436
UCHL3	34232828.9093792	1380657.0945012
SLC4A4	10579530.7321866	2423775.6775795
RAB34	4455289.77713602	22158554.3115158
MAP9	103694487.389792	37296150.7978627
MEAK7	0	12212323.6270554
NEK2	139155264.532681	51217976.2728068
PROSER2	211090780.287816	8945410.07935586
ZNF395	0	0
BBS9	0	10524234.5763135
RBM15B	17515842.1848863	15477286.6202466
VRK2	73452729.778374	9804370.96118744
LRRC49	11084879.8242574	8405611.4199766
UBA5	265154257.039589	1297402.45180211
ZEB1	12873044.7357069	7679415.89871129
APOBEC3F	46542631.8637046	526540399.472972
FAM8A1	9045877.14686907	0
SRP19	0	67877753.7530568
IRS2	2648325.68700574	5943905.89746918
KMT5B	0	19240394.5464639
RELB	20025169.3566963	0
FBXL12	80255699.4683501	0
EI24	13031957.9115571	32192990.3510301
SLC25A11	3827380.80652953	7669385.1213521
BPHL	49080739.1790469	830820.026251514
USP53	20356353.1561571	17503445.9837414
TOM1L1	324588275.889003	0
NAPRT	146845865.433075	482002.907824789
POP7	552161758.751332	0
CERT1	32347296.1238468	16017396.7921047
DUS1L	14676957.2740859	37453996.4420271
ZNF639	0	125145176.834772
UBE3D	0	17078706.9057501
ETV4	1628178493.94495	0
PIAS2	1618936.70545925	3465862.1624892
OARD1	122681737.026879	22924927.7417698
ARL6IP5	0	11093507.4960127
PRRC1	20542845.1695193	65577479.9247418
KCTD16	7948790.06200819	0
COQ2	127847590.15038	1550853.65366414
ALDH3B1	16148511.7593884	226247438.362713
YY1	3515186.72454447	355129225.603958
RAMAC	516320546.819262	13602167.1003568
SLCO2A1	185779186.691059	8781243.64057812
DHRS2	0	299484707.309873
GLIS2	20346460.2937555	1506835.4356137
ADAMTS1	17488215.2207239	27523613.1337556
ACVR1	482377167.229672	3267815.15407906
ORAI3	903164.840225954	376798250.61277
UQCRC1	21625321.2727474	0
PLAU	89564980.8139882	0
CDS2	0	17985847.2456714
WBP11	52711110.8307112	0
ZNF749	35014769.1684432	0
SCRN3	0	8936336.85952843
SP140	4612616.32668418	15886492.0305418
TMEM39A	0	11155542.0162443
HDGF	108774037.449814	28514365.9069185
FAM53C	1368476185.81838	20808264.88743
TERF2	102303192.204545	0
CENPX	21780062.6107577	0
DDX54	24753189.9635364	9507083.53691778
SGF29	97994950.7668017	10167484.9904773
TOP1MT	14410104.8072828	3012787.42152153
SERPINB8	875675707.05235	69506201.4602899
PITHD1	3000843.87860545	984526.709068489
DPP4	20160881.8247065	0
YJU2B	388340826.052596	5126009.6640592
HEBP1	0	23984992.9817101
PRIMPOL	16723901.6562128	90960302.7933722
ALKBH6	152329609.431881	12139488.5366567
CENPB	3318459.69486205	135784727.110331
RTRAF	0	594391143.08602
RAD23B	30703928.6981122	62757829.796929
MFSD10	13074420.7231916	4584030.33002183
APLP2	0	17652515.8766827
ADAM19	139533811.328112	2508582.36767833
WDR25	16841443.9229343	30344649.4110082
DBI	0	0
CFAP20	834581.227097859	0
0	963204.656831069	96858785.1493718
TTC4	289980544.35173	0
ATP5IF1	50606583.0571537	14902131.8203076
LARP6	4466877.84177481	28408426.0549389
MRPL1	2146663.52419387	32635346.1145107
LTBP1	10524723.0687677	0
LCLAT1	61200961.6206137	8991270.47206167
ZNF512	0	0
FXR2	20916334.6823095	26843085.5272042
GPAM	10556558.178851	138271449.831665
SIAH1	9024845.25072328	5837536.38222502
IMP3	0	3448892983.32029
ZNF185	4845603.56730041	0
ING4	0	129342233.948512
PRKAG1	0	10638123.3911666
REEP4	270724578.286068	2032147.98790886
YPEL4	0	3169651.61642499
IL17RC	13552992.1972308	0
FHOD3	14778389.3967288	0
REEP5	584641.91046698	13235113.412517
TSKU	16657995.0757926	6446717.45730951
TMF1	13194051.5898805	3052992.81713384
0	14747585.8666562	10154783.8702476
BTN2A2	8907117.18650116	35000921.7350828
ZFAND5	348415605.985881	0
ATP10A	1467359.08463323	3001782.36355128
EIF2S2	57707919.0245245	6267625.85244234
ARNT2	46730807.7709674	1542788.12268441
ZSWIM7	392971219.058175	23937345.9146416
COPZ2	0	0
CARS2	1399195.56456476	29565336.7297606
GMEB2	2046528.27729438	13988094.5901017
SDR39U1	176546.246061951	21289688.7477538
CHMP4C	3273918.37045789	7362190.30582671
EAF1	4422983479.79161	9206252.38830479
AKR1B10	1012756.59446671	68293847.8899099
DTX2	30784869.6664034	0
SAP30	0	1678629.44154895
RCC1L	3458150.84167451	66235914.8936046
SETDB2	36038427.9833316	1832028.02410705
MAPK14	170404561.311234	0
NPFFR2	703690.935257925	30846089.3715826
ZNF142	3838989.54891236	26347350.1914912
TAF4	0	10474673.2141616
FEZ2	436648024.145616	23379599.3206776
LPCAT4	34646713.9339471	0
ASCC2	28243204.9137292	0
EGLN1	0	1445964.80579712
RHCE	558403.988676351	833249.227374509
MRPL23	14366738.6290953	17985509.1823167
EPB41L4B	0	51449603.5709295
PRKRA	5260632.87046009	108327468.843544
SRSF4	27543229.4070428	0
SCML2	57609634.1204599	10116133.3177029
BLOC1S1	0	596249218.858308
DYRK3	739688.612653011	19762292.3582453
CBX1	1594340.76623412	447559938.053953
FLCN	784441.758440904	17424501.2917094
ELF2	1976917.09763936	119759892.597169
NKTR	33669753.8919207	0
PROSER3	5650581.80407281	39499146.7417676
CCDC51	14993787.9402306	37732977.3884268
ANKRD13C	37346740.4131898	2765638.45361619
TXN	2795979.90874473	0
BDKRB2	32879321.7098223	20379506.8277003
DCPS	145739.899218632	38639574.9032385
PGAP6	217296423.397563	0
CCDC68	0	30693574.5123298
PCGF5	18299173.5833522	1169749.34006217
TMEM109	0	21786644.2110319
CENPO	3180675.84147356	22601958.5971977
MAGEB3	0	5790931.67190009
UCK1	0	0
ZNF573	25608279.3551438	92859207.6098467
RABL2A	0	13124183.1567159
CES3	0	41924625.2376485
0	0	0
SH3BGRL3	10723021.8394642	72313396.7451099
PLEKHA3	2498302.89619713	0
RALGDS	0	6923510.96899406
PBX1	21687851.7830138	0
KRBOX5	8159513.75709807	19486644.3478039
KCT2	79113204.054405	0
ABCB6	28808094.2540392	7238716.76685239
SPOPL	6096871.57225278	0
PAWR	6079934.16867734	118669513.536116
CFLAR	666721.081440523	3542123.64527237
CYTH3	11644671.8496862	0
YRDC	16153163.5537655	6531198.18438336
KCTD12	0	0
CETN3	0	339951466.055697
SLC39A7	14879837.618248	1572226.94429829
TMEM179B	58321200.6525353	150051104.883518
DEXI	622769498.39725	4726256.7124879
UGT1A9	0	20961682.2843607
THBS4	82894998.4659366	16584623.1560663
FBF1	450331.196629052	24831977.2638375
PIGW	0	0
SLC30A9	0	70689172.4594103
UQCC2	67670531.0808167	12083959.4557012
C3orf70	746251552.251231	4245733.1070717
LRRK2	0	7618107.61532993
TRIM44	0	63288842.0618799
FAM149B1	1790658.99055513	1950067.6995246
SETD5	484157785.796462	2713682.4940577
ZC4H2	0	180491888.335174
PNO1	0	3986924.9934763
0	0	73064946.4027961
GINS3	157678716.575593	116621433.013155
VPS26B	7389740.35273161	73504218.8649407
EZH1	4186196.76655142	46115533.5326208
PAK1	31797016.1640168	0
MAVS	7473342.93364786	20534883.91074
RXRB	3584932.57860563	0
KAZN	1696589.79127312	39498451.5433294
DNAJB4	74652283.1578158	0
PLD6	60822175.4216161	0
BRMS1	0	346359.543480859
PPP4R2	0	540465477.287799
NEURL4	13382750.4657214	18764646.6433066
ZC2HC1A	84087473.4471835	0
DCLRE1C	149932786.055887	76176473.5322756
HHAT	0	6208783.82200217
AMACR	94405701.717028	7309108.02419506
LAMP3	27635241.9415882	0
DEPDC7	48422826.8206209	0
HEXIM1	1785178.35748511	31847778.930971
CRYZL1	64182.0253856339	83888351.4128225
POLR2D	1033784.1349624	19242365.7625634
RPE	3645977.29284194	3296770.70631945
UPRT	6588299.44246293	56407989.4939101
RHOA	72444102.7576483	46822325.403101
SCNN1A	0	468372861.115251
BCL10	0	10930142.7185974
NOM1	15762464.5556415	21137376.1190163
RAB1C	0	0
UNC119	86072336.381477	23401325.3216177
PPM1K	2026607.59465027	0
LMBRD2	0	1036240.45452312
USP18	0	183901.41258397
MRPL57	91606985.2263244	25540113.4550821
ITGA10	0	70471563.3769938
KLF12	0	161180812.331423
ERMARD	4436915.55183603	17857723.4213735
PLA2G6	13164078.9714453	1209144.26416657
HS1BP3	0	0
IPPK	23814204.6745852	7667749.34280823
KCNAB2	0	13223439.1761997
NOL7	62976271.5714082	0
GLRX3	10605356.7782348	807138159.332503
TRIM59	0	0
RECQL4	8830828.57834458	17469797.4036493
TBC1D22B	15159057.601967	0
ILKAP	0	7839256.53344985
GABRG2	0	1345588135.22195
PEX13	0	66480864.3380435
LRP11	25730352.4565953	17577568.9452556
TPST1	503079.258256346	0
SNRNP35	1944738.11444489	135710663.674204
WDR27	5146552.42325434	51281156.7854956
0	11929372.2718692	31692181.9271843
KCNG2	3834803.08025479	0
ZNF285	0	30546835.6251298
HSPA12A	1608177.12797265	48895541.9146403
UNC119B	0	0
PCDHGA9	0	2656788.45477963
CLIP2	633484.867268333	9499168.19040621
SORL1	0	3866049.78594729
AP1S3	0	3330382.74657786
E2F8	37651147.6550496	5338359.96917931
GAB1	221258646.983451	5743283.41725417
C11orf68	144347573.723562	147640231.024011
ZNF654	1847280.61254767	57792232.9900288
BBX	624105.933243651	15041128.8767459
DCHS1	42714354.0039591	53043979.8050509
RAB10	0	1544164.00667117
JCAD	169332175.619082	0
DNMT3B	10338832.6201391	32766428.5002917
0	0	121814721.235179
PDCD4	2688436.6761279	135368766.897277
SDR42E1	460422.900529655	4200081.60091022
DGCR6	0	58720638.1766201
MTMR14	2652687.27055791	8526163.04130158
CYBC1	35376451.7807843	24128848.8052723
GET3	6036443.15922395	29376513.955537
DTNB	6930701.82384748	0
SBDS	6280047.15806106	7877748.55536579
RFC3	0	22419469.035996
ZDHHC4	27679387.4125455	202090915.705225
CDC14A	38474554.4690758	16016034.8016203
SLC5A6	1844759.8388822	68591852.6911722
FBXL4	1063345.13414959	50457162.3013105
THAP9	3341561.68096462	2062011.294842
GTSF1	15529080.1525614	95575471.5529044
SLC39A8	590982.59567975	27734787.0451853
UBE2J2	6585614.81606148	13783194.465365
MLST8	0	1128201.15009394
AK3	0	9326763.7239178
ZRANB3	0	146272837.632853
PAPPA	151781981.83479	7830691.31954196
CLCN6	33644719.0212405	44957185.9183467
RAB2B	3968077.03747376	14373111.2486843
ITGA2	5713433.44288077	26180435.8959194
PCMTD1	2613699.57475791	0
FMO5	0	0
CLP1	95459690.863088	4338756.65260589
PPCDC	5586164.69653363	551307772.942418
PDGFC	0	6867733.42792068
CNOT4	30304890.0433081	12528644.3808643
CHTF18	227896594.277785	6446873.76907438
ABHD15	3895679.54509746	24129601.831552
CYRIB	448416.404594134	0
MRPL9	21225897.0172321	8490878.04005884
FAF2	934688.476599813	28150459.6900611
DAGLB	746067.678289992	45562761.1759825
0	5772078.79223265	7021705.50017378
GTF2H4	11566882.8896007	9875707.81354226
ZKSCAN2	211281490.414775	0
BEX3	10037286.1537123	69299810.9149753
ZMAT2	0	187968403.658875
BLTP3A	0	9247155.58983516
C7orf25	6697083.61353806	36575734.5694496
METTL9	2405541.11734663	177556745.127826
INO80	4776788.56619528	3260022.91165779
KRR1	43990775.2302737	2918253.76448125
CDK5	0	33319211.0054181
POLDIP2	0	2287293.58869562
BAG4	9855443.50546339	10058472.7085223
BCL2L2	24851265.5555145	2718123.27308885
GANC	27793796.0954172	28627254.6028642
NEPRO	998483.06827397	0
ATF1	12400301.5545956	21427477.3118343
PAPLN	0	2561240.74701468
CST3	23380109.4745795	412163.192562322
PYCR2	0	2508561.85852358
CASKIN2	24588613.694789	52927672.5638637
PCDHA6	0	111035494.710498
HOMER1	0	0
RANBP3	25264508.2353382	136887946.219246
PDIA5	12721033.0635642	32991778.9461406
CFAP119	0	31126780.1707425
BTG2	0	21975204.4151841
INTS15	5735337.72050458	6955357.87247705
CELSR3	5750560.22355624	71133075.0179267
CEP85L	1485612.75642102	991336.515097423
SPATA7	11152269.2070732	97390061.467776
NDRG3	0	25524864.9895258
PCSK1	57701731.6185656	0
FAM20B	4136463.26301569	561704.275364289
PDK1	0	0
MYNN	11107082.289341	3239803.01442885
EBP	1203506.85442361	0
EMC8	78309737.1700321	6763662.94886334
KREMEN2	126191523.690065	0
DUSP16	7301754.03235571	54940435.3666501
DDX20	360131197.520447	1222393.50009076
PSTPIP2	15724440.8502262	2128696.25632654
RFNG	3642792.55980891	47428384.6555734
0	40860462.6448914	0
CHTOP	33048604.4376573	0
ZDHHC5	31670469.5453247	0
UBTD2	0	99514643.9628807
VRK3	81803242.4750398	3809083.2797567
COBLL1	19257889.9499174	17149470.0231498
GTPBP10	28815970.3193492	0
RBM18	6810829.92810468	1886668.65450267
EXOSC8	13172578.9111446	67518467.1174264
BMP2K	3785644.06830088	2498919.68698432
RAB11FIP5	1105253625.10132	45225872.553898
PLAC8	0	888646202.209192
NRBF2	516990.470677473	28687337.2556479
CRY1	0	8423204.7222413
ATG4A	55489834.7889821	11746886.4503516
STK36	149497286.466244	35444884.6423983
ATP6V1E1	610043.435412947	10256022.4140053
NEMP1	425245.83158094	0
MTDH	42993323.4645198	47584911.8120527
MVB12A	428653648.503677	1171520.25171174
SETMAR	0	0
ATOSB	0	300943.896165684
LIX1L	0	1318503.23710068
SENP6	0	6677368.38073534
FANCG	31087586.3395126	6721396.52130671
NPTN	663319160.507789	0
CLNS1A	197339310.986853	0
ACTR3B	39712156.3506273	0
FN3KRP	0	2392199.67986853
TXNDC15	2073522.3831136	74995389.4644793
LRRC59	63227693.8578389	5418698.67036423
MAPK12	0	0
DLG2	0	0
ZNF710	0	14271170.0379105
SMARCAL1	16252501.0464363	5379954.17367144
ZKSCAN5	324922964.656045	0
NIPA1	114072554.164322	737036.45629703
DYRK4	44380612.819339	11340270.2721037
TOB2	1053557.01784104	0
MOB4	159683554.884397	210325068.010762
BLOC1S5	0	62616200.0610337
BSDC1	15224379.9680326	132706159.246005
ZNF593	0	0
CDKN1B	0	23007200.7878361
SLC9B2	1664414.3326492	1054280.39188754
CTTNBP2	62728344.096236	0
SNRPE	0	921840838.423593
CCNG2	7855913.88283152	70045508.4557962
DPH5	0	4710375.54700095
MRPL16	0	45441652.5692408
GRPEL1	726187.528590156	22363823.4749651
TSN	0	13658075.6650712
ZNF234	6032134.89904165	47697720.6333457
SORCS1	0	40173108.2695439
TSPO	0	0
CHAC1	806496588.757066	21153806.4677246
MECOM	1901782.65003883	38849471.4904889
SPOP	0	0
JAM2	315208.487075347	85778199.0888916
TAF7	14791191.5932536	3789843.23059204
ETFA	0	317853009.545238
METTL22	4057986.96434408	18016361.2704182
ARHGAP45	71757465.0525045	4411498.5324709
CTBP2	31245432.0931362	181624368.582475
PGM1	0	29277810.9351564
PITRM1	0	3017857.05533233
ALKBH1	90578646.2073313	40054861.7187878
CBX2	23210932.2134025	283605666.009525
CTPS2	0	2261928.84031857
WIPF1	1771166594.5797	0
ZBTB37	60277.2510610422	47307688.175897
CLK2	0	411607753.492995
RSAD1	0	37220054.2750404
GALNT3	0	0
FAM32A	140404893.459261	26651435.9044817
DCP2	611972.255390307	34511161.8386226
CRYM	21642069.5105509	29366771.4076777
UQCC3	0	51222470.7092789
PCDH20	6889175.7765551	730037.858743006
IQCK	72569111.278788	109617534.718161
SMPDL3A	87253668.5109964	6172535.77485343
ZNF148	0	5863897.34221261
IER2	404323844.564348	5432473.41806423
AZI2	9114262.99995379	0
LCMT2	76172941.473909	147474030.379048
ZNHIT3	0	0
EPHA6	0	0
HFM1	0	46758836.9970183
CIR1	778296.025861204	24689973.8638399
PAFAH2	22230681.1389439	0
GLIS1	0	0
KLHL23	6413898.74200697	0
SMIM19	0	18320135.4980338
SARAF	643332528.995453	0
LARP1B	0	0
ARIH2	0	0
C2CD5	479746.845598082	0
RTEL1	30485233.2288651	5326985.42794662
TSSC4	16823323.4367482	0
FAM168B	2249274.86991443	4867486.85177355
ARID4A	20422684.2974042	8703737.35716396
COMTD1	0	0
MGAT2	3345161.34672411	0
ASF1B	3808746.96447278	2191850.44637751
ERCC6L2	36223533.477701	6079197.8055335
0	32981580.171467	55975024.208084
RCHY1	0	24992566.012213
LRP6	24099379.7230214	25269675.9478983
KNSTRN	806629034.61218	8047446.15204373
SDHA	0	2725937.19584602
C3orf38	2677276.37720704	17934093.8713562
FHL3	0	3509324.02477621
OIP5	158571.721554707	6843639.04227485
BMERB1	248411.329501672	2788097.9940242
0	40977964.6638817	25284906.7680511
HES4	0	6846049.61298162
CETN2	0	1885901.73707561
SYNE3	1572456.05998296	5392233.60811741
GPS2	102800383.08966	23534417.5208853
SGTB	36784773.3963618	41526906.2004254
PLA2G12A	0	67147745.3201648
FAM177A1	0	578600233.099216
PTCD3	4930608.27035393	0
MTRF1L	324501.632117961	0
ZBTB39	1954131.33026053	2648339.35488495
COA1	619367.708300763	257454327.637637
HMGB3	624650763.742037	0
SENP1	807122.337406795	4368145.80743274
GSKIP	3197690.32264982	16287593.4037238
ZNF71	69301787.8921868	0
NAGK	0	25169948.457128
ELK1	0	0
MXRA8	3363343.23447137	44483241.2467893
KICS2	0	11877770.4350678
MRPL53	0	4343724.54005131
ANGEL2	4565805.35231971	1235743.35538123
L1RE1	1277284056.41209	1989702.70565325
ARV1	0	34919126.9466149
COL1A2	7971161.21626491	101050636.591371
ARL4C	0	994124.47690135
F2RL2	91019220.9764427	6595467.67529174
HMG20A	105528346.871714	2131879.55839661
TFDP1	1237426199.5271	1413288.52048275
PDE12	606124.905433367	3197217.50516227
INO80C	59460624.5129888	21304549.4414416
MEX3D	4822233.49613126	4998517.51468283
SLC26A6	3003429.35057055	38626744.8373342
CACTIN	31050986.5992743	9264140.0262592
FOXP2	0	0
MFSD12	2610577680.24031	7710735.63479165
MT-CYB	66616245.8269424	45502289.5714972
NSUN7	6188581.14344776	1245605.94231728
ACOT8	56548315.6747837	0
IL17RD	0	22613526.057716
CARNMT1	0	10412275.367121
CIB2	15880287.6570799	194462.075419525
DEDD	57700442.4481314	0
C1orf216	0	27594219.4377068
POLG	217615251.86282	10711788.5788187
BTN2A1	166882.328647248	629097.19683912
ZNF791	3605902.06640485	4853956.10658693
BCL11A	271175280.482874	389403.526148571
SOCS6	346489.023511297	10916868.6984374
HAX1	114083885.202581	3646165.64299741
CASTOR2	32624860.1328463	2646359.36077858
WWOX	4223555.70175167	13957315.648259
PATZ1	11117709.8878903	63107736.188477
PDCD2	0	408563314.968146
GABRQ	1654919.84123675	9451710.5287778
BUD31	0	0
SLC35A3	0	31080648.9087935
NSL1	38501210.3814577	7498605.36778648
PARP16	3005225.68381827	82819743.1477709
SERINC2	0	28119561.9781792
CNTRL	23216643.430997	4758726.73296385
MN1	56771174.3662758	18594529.2784251
PLK4	17264942.0609415	0
GAN	38523568.811068	9454461.70378843
BLVRA	3715800.34129269	18084102.2428058
MOB3C	0	7584630.05014331
NHLRC3	13969987.0799367	0
NUDT14	1340094800.81713	5282145.99247589
MSANTD4	0	101704896.429194
CALCOCO1	9637820.63398565	7706197.51983043
CEP170B	5395672.87984489	99020764.494303
LETMD1	0	10263729.5514387
TMEM64	0	0
MFSD8	0	459896839.804926
SOCS5	782138866.45537	1098752.28663598
ADPRS	0	22985355.2745913
SSH1	0	47947227.7827838
LSM12	10621029.8522979	93006741.3067877
FOXB1	32705739.087376	832221.02991445
HPCAL1	10328503.7845366	26241587.8087389
FUNDC2	798527575.110907	40248871.5563394
ZNF792	11962269.1497592	0
RAD51B	170407.099068161	36886888.2944957
SEC11A	10967428.0171946	740202464.107925
SPINDOC	364225406.555337	23916252.4300632
METTL16	8466210.2340888	821272.34162692
FOXQ1	0	1888430.63953554
FOXN2	94909505.8071146	0
WIPI2	6106028.32644556	48351611.3196009
ABCB1	1796537798.64217	18390529.2056101
CDKN1C	20465724.4320422	860975496.409017
JAG2	0	3934226.89098125
RUSC1	9116037.39290998	39435351.6937723
ESF1	18170292.2395971	4712538.1795654
NOA1	4386492.96202449	4534752.12395889
LDB2	0	0
MICALL2	12976640.2629196	7590377.81020952
SEC22C	25530121.8377796	8618330.31752084
NLE1	0	71338802.8653069
PHKA2	193094197.508495	0
PAN3	1647909.92896533	7737632.79737687
ARHGAP33	29297862.926036	25763696.336487
PAPOLG	4057849.51602419	1104681.61299088
SCAI	1706234.16748218	35344835.1569453
TMEM177	371275559.796506	28501667.0506118
SH3KBP1	53315117.2917036	0
CREM	87993009.41159	0
ARID3A	1701152734.84033	9340802.14868199
CPA4	0	18327712.7842807
EXT1	7694406.29187192	0
CNOT7	523035.8805701	11502840.4326897
LETM1	3351943.1053664	18922488.3340506
SCO1	1280702.25284787	199442163.280829
ARL8B	2770317.44136391	3960276.71311443
SLC35D2	3924099.9991206	0
PIM2	15018545.9011128	0
EEIG2	0	551275009.721821
DENR	654266.676064521	1527858.66437895
RADIL	27776397.2344615	0
SINHCAF	0	0
ARAP3	254688043.919935	60887797.3893155
MRPL30	13926901.336778	58989852.1058898
TMX4	25547898.435164	1651593.55928813
BMI1	1241150.02300508	1055013.64058406
IFNAR1	0	0
RPS6KA5	44172604.6760546	36261197.7893525
CAMKK2	0	1396113.94856556
EYA2	1993043.32287593	0
USP54	2645004.3371873	443957967.1706
SLC37A3	51744729.274357	3645787.44759672
TCEAL9	4291876632.86765	86744507.7462524
IL18R1	45159867.2250158	5160289.44792184
HSPB6	0	190847603.232787
XRRA1	0	8036738.55218741
ALDH1L2	17801695.8691673	10556982.8520081
MAP3K3	21065092.7342355	20927724.6725704
NSUN3	13330083.5528364	1736795.12886922
SMOX	45005269.8710496	42029166.7587973
TMCO4	0	0
HMOX2	4424358.61391312	21906545.6134019
SH2B2	7278941.03776258	0
SUPT7L	376243328.953061	0
CAMLG	0	11457430.0330215
STK16	13034309.0197587	31360491.1449801
THEMIS2	473836.844384764	15117888.2848064
MPP7	6914989.66459059	589063795.772554
ANKRD16	0	8292648.26852504
MRPL24	0	1693890.45656855
RNF103	0	18239702.7914318
SUPV3L1	0	4477357.52736996
RASSF8	21184154.0508485	3906459.91751734
NEXN	0	13492707.7725502
STEAP2	0	51963531.4378846
TNIP2	0	22204661.0779606
ESCO2	0	50886642.6871717
MRPL35	22241814.3709667	33777227.1945052
ZC3H6	182324482.486387	0
ENOX1	0	0
ATRNL1	94869106.9212041	0
ARL6	0	21639388.5166492
CD99L2	33196600.4432364	2632404.18656079
CTAG2	0	94057468.5769924
TMA7	0	0
EPN1	39260431.970398	23019473.0140532
AP4E1	0	87577827.6147448
ACSL6	27589983.0343419	0
TMPRSS3	0	0
NKD1	42600563.6555844	607523.227151088
TNFAIP8L1	0	7946492.74668594
TBCA	5461625.78244324	137351568.099905
RAB30	7398184.31247158	7624390.87810834
RBM45	4324873.6292715	14396553.6674547
UBTD1	17572172.561306	4394261.02553012
TEPSIN	2407401.6304653	13018522.4147742
FGFR1OP2	270002595.847197	26332401.2968289
NT5DC2	16974655.043337	813727.149471069
RRP36	14835079.5825715	2811899.52509943
SDC3	23367859.6337484	17954277.666973
GYPC	7474048.88957465	0
TCF7L2	62654764.1560334	2327992.11147603
PAFAH1B2	55445582.8409831	2590332.60908217
ATXN1	52568006.9685307	0
STK35	0	35588705.5561883
ZCCHC2	964951.722665465	4078724.26015957
PTPRH	12126032.8288508	0
NT5C	7028781.47249028	37256628.6488426
ARHGEF39	115179551.337195	0
CYB5B	0	10840829.1072125
PSG4	2767065.57079164	88199743.0103937
IDH2	0	14958033.0346484
MFSD3	9653325.02919466	46505746.2678376
CERK	36316551.2889589	35624046.9593977
MED11	558179185.766984	56205453.5097027
0	0	175023120.898898
ERGIC2	0	0
DEPDC5	349436423.827275	1135186.77812566
DNMT3A	0	28607426.9572517
MAPK1IP1L	16860612.6588868	1095313.91805265
DIO2	0	25473974.7571302
NACAD	55038400.3531687	0
C19orf47	77300966.3346098	117207493.849676
COMT	248185347.862005	752035.682290939
STAU2	70097029.3702396	0
ZNF592	144432097.272285	0
CFD	7139187.33130985	955324.140603118
GRID1	22108520.9475961	19583851.141863
ABCB9	0	8382931.27192522
PDHA1	152320452.173015	9308330.60026765
FBXL7	66683208.427248	29646450.5643408
GRAMD2B	66080436.7604503	1147794.78520124
STRADB	3240463.58231406	7715974.78798812
MEIS2	14907667.2313249	0
ABRAXAS2	102618712.064749	15994041.3003428
PTER	0	134172666.425305
SLC2A10	12574192.7533546	0
CENPU	7172450.45779792	19314720.6600713
RAB13	0	39811618.3997262
AFG2B	622830949.108253	1713288.6639611
SRA1	423555347.814323	6534171677.04101
POU2F1	0	13640375.5690716
NDUFS7	23340852.2476533	0
PRDM8	50491520.6145353	0
BCL2L1	0	7364323.30005224
OPHN1	0	0
TRAF2	12558977.0604879	64456919.8448909
SLC16A2	5269913.58071498	8187870.30163485
CYTH1	1735754.68989693	2251958.20452801
DECR2	0	188089663.725635
OLFM1	0	0
MCU	770933.833709815	2616785.2273445
RABIF	105985492.630167	4514121.37691566
UNC13D	1621102.91326703	103048062.329933
CXXC5	75973062.3910682	5117332.1155281
LRRC57	102630817.696842	8742810.61014914
RNF113A	2919652.14387011	12377867.9993415
KLF2	814203.247669947	5337983.20239662
AP3S1	0	0
PPP4R1L	3303236.79710422	14582675.81657
H1-10	6101905.93830931	592813628.296789
ARSL	58857097.9356796	1492585.11737124
TAF4B	66005177.9063215	22617449.0371252
GNPTG	70615462.7799077	26179264.5575411
NUDT16	2176508.284949	3249550.72153246
CELF2	0	778514.308637976
MRPL58	0	4365209.53751759
GRSF1	6727180.25769744	31965595.6746088
UBE2T	370264367.800532	111442825.970761
NECAB2	0	23781308.0166473
SLC35B1	0	16202482.3666835
MTMR10	3244590.86804305	9227218.50713874
TP53INP2	95789466.2514567	1551814.15868522
MKNK1	2510963.65211041	2985962.80534687
NOTCH3	12016840.9670454	4826822.17626362
TAF9	2977252285.84145	87818475.0793073
RANBP17	0	0
CBR1	3093617.06704439	71401784.2793364
PCED1B	0	32046573.961067
MCUR1	0	11771780.1925642
RUBCN	5065092.56844037	80727585.0536213
CADPS	4022580.14241882	0
TTC21A	0	18196393.7191198
PTGR3	11825225.292315	6698404.27688244
RNF19B	29985553.9461604	6301176.56149147
CYP4F11	0	20401303.4125597
SMPD1	233280501.89756	28353218.6021132
CCND1	1811596.43065468	25932187.1546719
RNF181	3353704.23859571	431254163.132106
NUTF2	0	0
WDPCP	129588210.636482	14396105.3097141
CARD19	40057264.8461209	360446.560623402
ANKRD40	473706995.086842	44499539.9155214
AKNA	73026263.6969498	0
GIT2	53353327.2439744	26787975.1555241
TERF1	0	0
NMRAL1	662993.079994931	117747727.908668
SORT1	0	68474702.0412879
PANK1	0	10272098.2990054
WDR77	42242367.3099215	419481683.6596
TTC12	0	102894898.683415
ITFG2	2406077.56420411	34988212.1923303
DMTF1	62920702.0484398	22947830.0786344
E2F3	0	21461295.3230607
TRIM9	82190243.9447082	0
ARSJ	645026.301183293	43051256.1436974
ZNF12	2702623.71909922	967345.911905251
UFL1	3308875.92868918	7433372.28153462
MFAP3	29103643.5724026	1291354.73507529
ZSCAN20	151931049.441893	0
GPBP1L1	0	1590028.69463038
NAP1L2	25300871.2414389	0
ERH	851906014.533635	29467007.4172849
0	0	11938876.9773003
CCSER2	125401956.273099	0
TBL1XR1	7274234.82300838	12708594.0143657
GRINA	2314546.34065132	13091757.3126009
SNX9	8156662.59434866	11274939.4020637
ALCAM	22023102.074731	0
ANKRD50	23274255.4000424	0
BCORL1	26092814.0313898	26322486.8358175
PACC1	4370508.33453615	3388491.96895837
EIF1AY	42132437.6738249	114066915.625816
GCH1	1370975.60294967	0
THUMPD1	0	6311238.41810478
LTBR	20086435.9396619	14039612.4254782
MINDY3	0	47050744.0328928
ARHGEF9	0	3267162.93207514
MSL2	0	12200203.8240417
ASB8	68803094.7666369	9850942.04366573
ZNF213	10219809.3895864	0
MEST	115553642.412735	0
DNAJC18	0	57691458.1211563
ULK4	0	4869523.40883706
TEX9	0	0
MRPL38	1845713.67145787	1059053.61946842
FBXO25	0	531317632.227192
TMTC1	238856792.822034	5052849.64922368
TSEN54	19134790.0757718	0
PELI2	109683882.332104	0
PTH1R	0	518409.935985402
PID1	0	22182267.3880495
MXD4	103243068.319053	1669632.82582468
ARMC5	167373778.036855	7372765.55197679
OGDHL	17392461.0473904	615939.153294003
NCEH1	0	0
TICAM1	259374619.233307	0
ZNF695	4179960.26804048	19335340.4900631
AFAP1L1	34481163.7726994	1416985.26332618
0	0	13126936.6047324
RNASEK	0	13333591.4480261
CHCHD10	0	5086114.13472694
SEC22A	775188618.346433	0
FAR2	0	0
DZIP1L	0	1631137.9136812
WWP2	12123998.0517442	8434644.56544862
RPS9	698165821.826429	42073265.3149418
ZBTB7B	5419847.29626201	103928947.005115
HTRA3	0	0
ZFP30	0	5022136.25060724
PRUNE1	0	0
CCDC149	36767300.2405234	11181983.7460436
LDLRAD3	19133286.8688148	2372944.9475203
MFSD13A	17041473.1310761	6112283.30476219
HLA-DPA1	3149727.79612186	32680606.4517239
NKAP	145645133.475141	1120873.58752689
SRM	1832950.48223054	3740148.57231454
HSPA13	149792902.454166	0
OGG1	0	136155725.507955
OST4	826594.317366987	6591236.69280058
ACBD4	12317249.5040708	6923707.06605741
ZNF337	127851080.408375	29268837.5250449
NLRP11	11929357.7894871	21072719.7132043
DPY19L3	6283209.55842793	694647.796099229
HADHB	30274384.6945372	8565895.03109733
PSG5	0	3383423.09649007
MLF1	11391266.5419649	614589507.365398
GRN	14483887.6501276	2430848.93554202
IGFBP2	448896803.574421	0
DIS3L2	294202586.215165	12308887.879777
DCXR	5845898.70878353	23335990.1131678
PPIG	13930423.8196054	0
SPEG	2401642.72555726	0
CADM1	141140265.98574	0
TMEM161B	0	0
RIT1	0	17058879.199327
HPS4	2305209.50231644	71887588.4424759
LAMTOR3	9595860.8322718	788112.444053633
RAD9A	586835.068737961	30505640.8686634
TRNT1	2553354.85902838	1727480.66660834
CDC42BPG	2719161.97296759	2431910.10186924
CCNJ	14924275.1798018	3116164.71830576
0	3252646.5264415	0
SLC35A4	14945046.9404209	2368889.17103641
ZNF564	0	694851.208909784
MPHOSPH6	0	36106817.6257879
PPARD	0	0
RAD54L	0	183461713.092099
RASGRF2	26271321.4391147	0
ELOC	0	476407819.927751
C2orf42	10048979.2008486	3309113.32212747
ATP11B	100961885.742605	5307596.75176258
COX7A2	4016570.55699688	38392349.5888554
GALNT1	0	0
CEMIP2	0	14494342.264214
BPNT1	50433604.6734896	0
RCE1	127772027.982867	0
SLC22A4	7496991.31832952	6326684.07163343
ZNF112	0	23783736.7963395
EFCAB11	20845913.3392404	0
PIP	2431574.47919837	458768.720656146
LZTFL1	1404776.61184033	205278836.360342
LRP4	292123721.940781	2058829.17712422
MAP3K15	0	7521584.76823583
ZNF664	2601340.17931881	9218527.41368953
CCNY	0	30603781.0295067
LRRCC1	0	170536051.989588
CSTPP1	10214402.258666	0
NPL	9091154.64398501	77596721.2496576
PGBD4	4686135.23922072	586131.269168864
GDAP1	922961.379415967	89058949.2861255
CAPN15	35117591.8464463	0
METTL18	0	0
SEMG2	0	0
MRPL49	5499199.1348006	0
GGA1	116935359.424855	1107093.5850922
ZNF516	0	23564882.8147241
KIFC2	37163569.6471575	1815994.19900352
IRX5	229823485.137646	2155061.23696129
MPPE1	1117098.91818987	17319228.3496752
CDX2	47762262.8770251	0
ZNF107	0	8696581.83905278
ZNF138	0	8122204.03208163
SPSB3	37602044.5518057	15073434.2182305
MED7	12382945.0569863	771199.5919358
UBE2QL1	1438144.78219462	0
DENND2A	0	0
NPAS2	19922189.4631099	0
RPRD1B	7716031.52687088	73157577.4933919
PLIN2	0	20031882.5391038
PIF1	95698858.9035403	10536303.063862
OSTM1	43575505.1413406	4597248.92490484
NKD2	92796754.1764632	0
GPC3	53027360.44476	9824922.34371431
SLC35C2	0	67167413.6010963
MIPOL1	0	13100085.3044425
TMEM94	0	59741946.3867279
SPIRE2	150582940.576457	0
NPHP1	6680623.86223131	64345519.0116264
TAF3	126993045.173586	0
MFSD6	7529185.42434298	19175224.8569038
PLAGL1	106690855.700054	19119165.3037994
FRRS1	40493931.6793084	0
FADD	31682517.6456724	22754573.3063849
KBTBD11	5267123.77614507	0
MTERF1	57923557.8207546	4544985.28184681
GOLGA8IP	12660787.9655597	42666448.09832
RASSF3	61093664.2095119	0
ARSA	50503409.4556328	8965895.58840097
GLI1	73178582.6312308	331270.916005038
GSTT1	0	0
PTRH2	0	4584398.46600164
NAB2	34259929.966939	3130040.93864518
NDUFB6	15222408.8128282	0
P3H3	48292315.8868053	10423077.6580478
MCPH1	278881.334435427	10960488.1678333
BCLAF3	481032956.805475	7699827.29719081
FAM3C	12149563.1377687	90707814.2980609
SEPSECS	43212377.7057083	1665484.04622931
TRIL	16296733.8112153	0
MRPS2	0	5549379.65720626
ZNF606	0	32802934.0411686
DYNC1I1	0	0
PPT1	0	2913285.05739206
MCL1	1496736217.66846	673151.963555824
CGRRF1	34544511.1736015	12976862.3072916
SIRT2	66190219.4475343	192013109.160577
PRCC	164395118.235778	3246814.05670558
ANKRD12	5579500.47781931	52511102.1856076
FAM98C	11866571.5699	11455037.0391475
METRN	3069286.48919711	0
SSU72	0	650096287.172045
RUNX3	41218093.3601673	964709.029737346
ARPP19	54048376.9118546	0
CHCHD3	0	241770751.673606
LIN7C	12956595.1412632	0
GGA3	4768329.61821234	48926242.3174436
RFT1	132761237.703508	153759432.032126
TMEM50B	0	0
SCML1	62419343.7657916	0
CACNA1I	16814639.4271234	7996261.79161672
MAMDC2	0	7084165.24661777
SPATA2	33253308.0171843	0
DGKE	9610935.16739483	0
MRPS26	9416561.65036321	11221116.4346295
PCDH10	330302069.429323	262547385.424868
FSIP1	0	16744409.0122439
CFB	3364999.42025749	25368967.4272141
PIERCE2	17805496.9463598	29126077.0676875
METTL27	179291291.76652	799633.900632594
ZNF675	0	0
HOOK1	26630742.3577865	5237218.8930224
DNASE1L1	0	0
USP36	0	0
TOR3A	2014085371.14648	3241630436.8577
PAK4	0	8048946.85097383
ARGLU1	0	0
PPIL3	3297884.36251543	8728612.70867775
GPR158	0	37698198.4433944
PRP4K	0	0
NFRKB	5777500.30066016	2474243.55492782
WDR7	1235716.35647169	9751514.85916759
ZNF404	1349715.72843463	0
INPP5E	8280586.16728762	8791491.76600547
ATP8A2	7422999.38552399	1665499.5439031
MKS1	0	11808552.7875961
EMILIN2	0	1226157.61678159
HLA-DRB1	0	0
ADAMTS6	661502.940358015	2454721.62587584
SH2D3C	10364548.2417944	4970534.04754924
MRPS14	0	3276614.50253381
COQ4	369617325.495058	0
GXYLT2	4060858.95120602	1147699.14322464
CYB561D2	0	56825418.5891916
PRKG1	3232982.93097443	84463389.2703382
NDUFA11	6253482.73212725	9743561.29035303
ATG10	6748339.31463675	268108636.863397
NDEL1	173660090.163007	0
CCDC97	5027583.27562785	1212022.95453188
CASC3	0	27463056.4065626
C18orf21	12293584.3314779	0
MSC	144822717.630902	12175528.0121137
SLAIN1	4404467.45312048	0
CLMP	83980839.9065485	53251931.5397463
CAMK1	2225388.95805766	38463126.5299848
CDK10	0	30699577.1948532
BARX1	56797889.8914401	0
DAAM1	2965801.847804	319068561.623125
ZSCAN32	9932999.9312796	0
HYLS1	0	6690077.84538862
CTDNEP1	3639050.55908809	17302198.0608784
ZNF74	17111375.2056944	13053368.1232412
FAM117A	56210718.2839866	0
B4GALNT1	0	3816492.33169862
DCAF16	0	102649129.539046
ANGEL1	9924552.10719487	40382337.1567747
IFT43	367863482.095306	0
IFI27	0	10230198.0558158
BTD	0	138044672.150161
RNPC3	1194463.18866545	172661449.165015
DUSP8	86713279.7694191	0
IFT88	41575326.8656843	0
AMH	325097909.532572	9414532.16828756
PARD6B	33829218.7126659	0
ULK3	5720865.39106281	97796181.178579
HOXC10	39015994.179029	0
PPP1R8	8564522.47911212	10796663.3768908
CEP72	0	3388714.07980162
NUP35	0	24800885.8285635
DHCR7	2940387.53384436	3631758.90056767
PRPF39	32566305.9586347	5550057.90977476
BTN2A3P	0	0
ZNF317	9457884.33393557	0
THAP2	0	14184364.2704406
ALKBH8	0	0
PAQR5	208177683.837357	0
UPF3A	6286673.30247995	823731.125246561
LRP2	10786168.1092773	0
ATXN7L3B	0	196217555.609099
RMND1	11587581.2568171	0
NR5A2	0	0
IKBKE	0	0
PANX2	8589042.34068363	5636421.70281791
EEF1AKMT4	116680543.920119	0
MAP7D1	2558769706.08534	0
POC1B	12070898.2839609	313808572.82396
C14orf132	0	20771876.87342
FANCF	14458095.4800668	5728116.53031966
FOSL2	26381926.5962013	0
MRPL40	54606574.2452431	991165.442829181
CPT2	297801.263312335	216594.525211148
AADAT	8634957.50683891	0
LCMT1	3608002.01664043	385942.301408267
INAFM1	10116672.2271163	0
STAT4	276994.65504534	0
LGI3	38969484.128325	59085009.7869928
MYRF	77703210.3195574	18835600.2724728
RAD23A	56955509.4868115	3323239.95041133
CFI	2422070.98040024	0
PHB2	295308160.234191	38481199.6960751
SLC6A1	62618810.9967604	5018915.8951111
ZSWIM9	1668843.69376167	7960679.38536178
ZNF121	0	0
MT-ND1	13244113.6710947	17032288.1606783
CLN3	0	3484337.93649835
MRPS12	776557134.769666	29970611.0206367
GPRC5A	1927855.38218834	2406062.50129746
HMBS	34087018.0889749	955488.29303722
SPPL3	12206678.6910832	3594897.93340677
RANBP1	4370037.95941648	0
PCDHGC5	0	42498977.7805592
XKR5	167827648.108266	8144860.26792967
RAP2C	3166326.65454164	0
ADRA1D	4666984.85545651	2459225.53102894
TXNRD2	0	0
ENTREP3	90495968.1546178	2765602.99801505
ZFP82	0	0
PDPR	21819001.0886661	2557882.41512191
POLD4	1871313.20850202	24093219.3314334
LHX4	0	0
COL4A5	2361618590.63477	122799923.892834
ADIPOR2	0	3794712.46238518
SLC25A30	0	9385244.37325773
RWDD2B	24809721.3144633	3475317.99019728
RAB35	0	4438052.8730059
CCDC77	25158741.2400043	40277024.4201595
SLC35F5	0	6127092.06881817
MAP10	0	1830721.07435511
NDUFA3	22454969.8091535	3129386.47388673
F2RL1	0	0
PPID	7123647.27137628	0
MESD	13373040.617477	1440884178.45352
MIEF2	3225969.96915102	31745284.4180836
RING1	308688814.094654	2163891.59742693
MAEA	1415443.19127258	95120653.6340333
BCL7B	0	17403732.7588803
ELOB	48674364.2301012	29251630.0477129
CD68	0	106914428.209489
RAD51	10105744589.6201	0
PPP1R7	43105565.3099186	27970098.649205
ZNF365	3270959.66258423	24960775.7249074
CAMK2G	0	1518802.01449716
BRD10	1380576.5204913	7288616.88034815
MBD3	143970.491346114	54044640.6174171
ADGRV1	145202667.274172	0
KLHL3	556805.957717219	22583937.6360445
CCDC184	34965739.4255688	0
GPSM1	2770607.18347806	251711.9567831
ERCC6	5066145.06426629	15740554.0753681
ZNF706	0	0
RPAIN	0	10166111.4731356
SKA3	86388921.6161493	11067183.1159612
WNT5A	1528929.85351285	302473851.326078
TIMM10B	23061103.878819	0
PLEKHN1	2714849.24505778	5247289.47013723
MAPDA	0	89765288.1418133
ARSK	1988089.6605836	0
KIAA1191	23281616.0756812	0
ACR	0	0
0	0	3354919.94250438
WHRN	0	17656826.1368817
THBS2	0	9772026.08481578
GBA2	0	8301417.96098499
FRMD5	0	30246649.8087124
CCDC152	0	62005447.8063733
VRK1	334822.804028537	1412970.18265991
ZNF561	46180318.4331065	60250016.8646627
NVL	4247705.08548481	7607644.4407512
TBCEL	57752615.6015779	3299528.48084147
ROBO3	11961561.3585961	0
TIMM23	169717308.88382	0
ERBB3	0	20369947.6402638
CD79B	0	11830382.9530822
GUF1	0	14987734.2638284
ALG11	3828729.75243043	9711296.10854191
UTP11	0	33657694.561026
ISL2	48011042.7732871	0
TMEM14C	2251054.81147627	34741912.1917629
MYBL2	32116015.6198939	0
PCDHAC2	15940222.1321605	0
PLXDC2	0	10838841.1489555
FASTKD5	24506388.0959444	20219094.3034429
C1S	3615206.70357292	0
SIRT7	70298554.1868232	0
TRPM7	13077509.0441605	3144279.34361783
INSIG1	0	0
ZSCAN9	21303309.4128698	0
ELAPOR2	7877981.79880502	25941012.5893037
IRF7	25215454.3316614	0
EGFLAM	365163160.262796	0
C2CD4C	24831606.4340886	820445.899728393
AKAP17A	0	40477696.5758775
COCH	7298141.50660454	283984.410040957
XRCC4	43164642.1987691	58916442.047093
AMPH	4886302.05660426	6611545.58981032
B9D2	0	0
ICA1	6686986.89983433	10568024.3011292
SARDH	14170282.8644668	12386126.3028284
PDCD5	550871845.095411	568143046.720238
PPP1R18	6593616.39301114	1354616.5293326
BAP1	1008888278.91334	0
TMUB2	0	18123369.2721247
RIN3	0	4730994.73929929
SLC25A16	0	8768273.31157927
DOCK3	0	2411892.00046737
MDP1	0	24138289.1047221
IRAK1	12039202.3860052	15025409.284024
ASPRV1	8219075.00893041	18637691.4140259
CALHM5	29007527.0039198	13850347.8652041
CYB5R4	13682320.8457093	3973386.43913911
PDK3	4641397.93209341	0
GMCL2	0	9439359.73655692
ME3	0	3485553.94581326
HDDC2	0	0
LYSMD2	0	10505623.9093129
SLC25A25	252015.216289007	0
SPIN4	0	5447246.78474065
TMEM132E	123948988.662282	0
ZNF205	10053321.2087465	0
DRAP1	400472.64191409	143901491.601877
NHSL3	0	3787964.47564763
ZNF777	52475976.6934667	0
RPLP1	930218017.122713	200019751.11893
TMEM186	462102.504613717	3975760.53187694
NR2F6	10273423.0394065	0
SKP2	12626064.7565031	112533153.7122
DNAJC24	4123519.13686698	93989945.0541087
JADE3	54340073.6538451	4199014.99694552
VAMP7	5145097.54554637	0
FBXO10	0	0
ZNRF1	42781218.2272613	0
AQP11	0	0
ICAM3	6659042.04477268	123139376.629342
EPS8L1	8870179.66173213	0
KBTBD8	5467743.73388359	2464435.29213504
MXD1	81096840.5539332	1706919.42487771
EMB	58827618.6153008	423732.691781527
ROR2	17961836.8368985	18052297.7950372
AK5	0	0
ADAM12	0	0
RNF8	6728169.75286054	0
RNF25	1098875.1516623	0
ERCC1	0	46553294.4821938
TRIM3	0	11669175.1828387
ZNF322	0	0
SLC52A1	2411317.68042719	0
TRIR	8679923.87854182	1551182.43999375
CENPS	0	31954220.6890405
ZNF432	0	2642427.23895478
SLC25A10	0	72024394.6559755
ADI1	23304055.5581229	2335146.6359034
SLC36A4	2281971.99704823	18606638.3443844
NR0B1	0	10330814.9990219
PLSCR1	380290.214521527	7935489.95103518
ZNF117	2501687.36997562	8382021.71108503
ARRDC4	686197732.8941	0
ZNF550	0	6369245.20201955
FHIP1A	1546626.1323372	1107921.20018636
BCAT2	28101474.8768024	0
RIPK2	3782658.80467097	32559831.8593127
GALNT17	0	0
DUSP22	0	7660256.43128937
PLEKHA7	16163560.0765357	5861789.20360263
MRM1	0	98093252.8710454
DOLK	9515957.03476634	2942164.42009172
CLCN4	72026010.5054494	0
EEIG1	0	13778420.6725118
NMT1	6329472.71816207	3635183.58256642
TIMM10	1377724658.4236	2173964090.61472
AATK	0	6957301.74145073
FAM171B	0	5299836921.3576
CHMP4A	0	0
FHAD1	1886281.97730997	58066332.2793384
TICAM2	0	41453602.687539
FNBP4	5667347.53159541	7809624.43766458
THAP12	0	2759465.56854083
RAB18	0	0
SV2A	537942916.818953	8457639.91490879
ARVCF	0	47768981.395204
MRPL41	0	13933229.5158046
YKT6	0	13983781.5301243
CACNA1A	0	0
ZNF707	20641804.136499	22324457.4440289
TBCC	0	27682725.9239959
SLC35E3	364492.233425736	611397.813967101
AP5M1	1199339830.20303	104240627.75643
PBX3	15492400.4213655	0
ABCB4	124852471.787231	0
DLX1	185778466.352826	24328747.9382166
MRPS16	720039314.506124	0
PCSK5	19997568.1733856	0
PIMREG	2931373.69563687	1327228.26263985
PIN4	20157309.0413258	32284176.4764843
CRBN	8467760.05656896	76659541.3976392
ATG13	0	2634686.1078694
ARMCX6	3144526.95448557	0
RASGEF1B	10720283.5356835	0
ADGRE1	912778.96040196	652626512.767581
PEX26	7863970.74265461	6221816.72571752
CHMP1A	0	40764947.8559423
FAM83G	5298830.08157844	3261636.80372105
PLAT	37560875.9542072	24900577.5609289
ALG12	13988675.4249765	0
ISL1	25015765.6158329	0
POLD3	28809547.7561144	5736735.73392202
TIGD6	0	649612.879316961
ZNF611	0	0
ARL15	2516098.68911198	42971665.6739812
FCHSD1	25328553.5868368	67929754.0535802
ATP5MC1	10068787.6169919	0
ZNF215	35777316.791993	0
C16orf89	0	21942499.8259223
FAP	0	7190191.77445106
PDRG1	11590098.4276835	0
TRIP10	224268182.285398	0
0	16999072.544111	2040899.58130257
MPV17	25219225.2387515	4196209.95926248
PDSS2	0	27937727.6171824
C15orf61	71054390.6292258	8489844.82497069
VANGL1	0	16853887.5987365
TBCCD1	3191230.04440152	141748161.245421
CDKN2C	0	0
TRUB2	0	0
CEBPG	3004815.23064009	5514211.23859606
POMT2	0	19531750.6190054
SAT1	0	1607869.80868497
PRKAR2B	80602804.2202733	0
SNRNP25	0	2735410.57457909
NME3	0	168036052.650644
IGF2	95993904.2253059	0
NAA11	0	16025165.3931316
CRYBG2	5614774.59368275	0
ZNF570	2610468.44782158	0
TMEM14DP	590342.710035575	31592696.3804593
SNAPC3	65971626.6085508	0
ACVRL1	1057342670.54578	0
NT5C1A	4124351.73981694	0
COX10	19552940.3309713	26488260.3346696
FBXW7	4870468.63336787	0
PDHX	12235913.2655795	34351339.4282044
RHOF	370695141.007613	8762642.85425234
DIXDC1	0	0
RNF115	92752483.9676383	6508918.36611859
ZNF77	10445896.3916194	0
SELENOT	0	0
RAB39B	39096319.7822315	8350163.69061948
SPIDR	55271709.300157	2210266.57749366
CHP1	0	0
ELAVL2	31996466.7990375	0
CCDC121	0	0
GMPPB	0	0
LEO1	275254472.436164	2786367.7656581
MBOAT2	13699669.4744767	0
CLK1	3990969.64923628	33350670.6436543
SENP2	18714872.3313775	0
NDN	2013992.92366972	0
SLC15A3	0	0
WDR72	11593128.2911009	2712628.41457878
HADH	0	0
ZNF236	0	849164.766858239
OXR1	0	20687180.3417511
CENPT	5483424.86291441	10726282.0860451
NPR1	5202799.97482176	5354206.32773037
B4GALT5	128920875.530875	0
C5orf58	630995.064273114	140711656.479537
MRPS31	0	0
PPIB	0	138001747.846695
SYTL3	0	3016493.21765973
TMEM98	28429028.5043346	12949616.2965771
SCN2A	0	5447076.03420016
SLC27A1	47333672.3497534	0
PGBD1	19894584.3408835	35886384.6375079
SLC23A1	0	3545415.51580326
TMEM268	0	2645592.08699618
AMBRA1	25229450.4561643	0
PITPNM1	663909994.274099	0
MGST1	0	13431207.7499072
RAB11FIP1	65276172.5217043	4929157.01717287
PAFAH1B3	20349972.2770245	0
SLC25A40	0	106521579.895011
NPAT	395887.622874277	94110705.4928556
CCDC86	8687576.00853942	17339406.6889161
GALNS	14369810.5846541	0
ZNF688	143989759.048437	2583212.10533632
FBXO33	94416074.6356279	0
AKT1S1	15476078.0048144	273264842.110563
MTF1	0	51643837.8602501
APOE	0	46464521.4720358
EID2B	14949678.502387	1694693.31810301
LDAH	0	450764741.36451
CEBPA	19283367.8895183	4905092.64361073
INO80E	10897532.4034726	1780343.09122998
ZMPSTE24	5803443.6336784	26864361.9965147
HAUS5	96202.2685536984	3959135.06973612
CACNA1C	3230107.89882576	0
TIMM13	0	0
ST3GAL5	88408524.4342165	481158.0153307
SKA1	0	3126889.1147663
TOB1	170779.826851039	0
LHX9	258594.490912928	0
MYO18B	0	1490038.14678302
SOX18	507527538.26016	0
USP49	0	609668.388033165
AGPAT4	562907260.731084	15465533.806616
ACER3	11748768.561098	11272383.1129494
H1-5	0	0
0	0	7616308.9501101
KLHDC8B	10731212.8094959	235810239.159654
AOPEP	0	4003619.319028
HPSE	234473164.623654	3133375.68265516
OLA1	98306652.4484639	0
BPGM	0	19274988.2820858
DNAAF10	0	0
LRRK1	34891798.5635609	0
LCOR	5704991.96942177	2418575.35266028
RNF5	6105232.16324578	8507761.68588851
CORO2A	0	2512203.83986155
COL4A2	37832647.8971704	0
THEM6	15666955.4775762	0
ITSN1	0	36895869.9098949
LLPH	3252992.03246388	142941920.621355
FAM118B	5993403.22424885	5281295.67158992
SSR2	3286953.49976777	0
GABARAPL2	0	0
ZNF786	0	10319137.5028099
ARL13B	194201037.407094	0
GATC	0	34662741.2785187
DNAJB6	0	17826978.7171348
KCNH2	83804146.5958544	0
TDP2	0	10811156.9371554
UIMC1	9976981.31406819	24563550.7131721
TRMT61A	13229160.0955594	10206857.9077236
BRD1	35778939.8044799	7047806.35615468
C4orf33	0	14707142.5089026
GPR137C	0	0
SPTY2D1	1464560.92866044	1690521521.67156
EIF4E	0	49196605.6927247
MCAM	0	0
PRKD2	6385716.24481041	0
STX1A	0	1371036.07740046
NKIRAS2	2035276453.45077	0
NFXL1	11866600.6526228	34277246.832997
SERPINB9	1568175817.84463	0
LNX2	64003721.5091265	22302879.9186423
DSCC1	0	2305065.16240978
ZNF852	0	3285822.4100351
ZNF99	1260707.90140155	0
CMPK1	40133787.0445372	87841861.8321924
MORC4	46569754.1408719	6987312.7787381
MYZAP	32376465.3287488	0
UBL4A	0	24565545.3849765
GSTO1	53549410.5699728	0
RAB11FIP3	556094.966901907	7941226.01301912
YJU2	285466176.670221	4011509.4558061
CNPY2	0	0
RIN1	0	0
SEPHS2	849513.367526703	57089781.2286913
ILVBL	105058676.032095	10656664.8711769
PTPMT1	0	0
ZNF732	29831999.6295969	137761161.968298
PSPHP1	0	1148687.37209996
HOMER2	1527964.75514805	1773330.56965083
CPOX	0	7126845.11278418
SERTAD2	488334411.267517	0
LMBR1	164744.886284761	16086506.8730101
PISD	0	3581872.51073346
SRC	12143478.5506244	0
TMEM120A	3817033.68192458	0
RASGRP3	1458934.51158506	2012649.14653372
MTERF4	0	0
ITPK1	129110455.055008	9251168.14164026
SLC43A3	0	190256677.500471
CEMIP	8641200.50592341	10719918.3908171
NLRX1	3284810.76028943	1291529.69095641
SERPINB6	1700459692.93815	597000.350379524
SURF2	13488519.7459519	0
ZNF445	105964633.673393	0
MRI1	98683048.5331397	5112248.56024188
TIMM21	3557488.21257435	0
GALNT5	0	0
SLC7A3	20765159.324053	0
MICU3	140614272.139496	7506143.35399759
SH3RF3	21608683.5623415	0
MEX3B	16735154508.7572	0
LRRC17	0	0
PLEKHA4	0	31228912.9473111
TRAF4	2913784.2065232	18444677.1348278
CRADD	3852328.22555488	9080897.40345808
GSTP1	0	18021846.7328872
BLOC1S6	70640154.427363	71231844.5435017
FSTL3	1560850.85372555	17815048.8281915
FKBP8	1393598153.25294	0
MFSD4B	1860244.33844173	8032683.34260755
NFKBIL1	0	3091680.04249572
VHL	140322554.909805	0
FAM20A	4893344.4528783	0
EMC3	0	121420422.114583
RAD51D	1436599.98206368	11381758.5685433
SLC39A11	61246557.4096216	12761345.7078323
SSNA1	0	2101812.73395523
ARL4D	0	47182683.8651986
SP9	0	0
TUB	1702367.99764027	0
UQCRQ	436222304.265432	3821081.52966693
ELP6	0	0
PLSCR3	6428077.64527564	0
STK32B	48578727.1019846	11041629.7165871
ATG2A	1049957.44058353	7170466.07456617
ATG7	421379.344084626	1305161203.35793
ARPC5	39967803.7180222	4456113.7310862
EVL	0	0
SLC47A2	0	102535503.510503
MYBL1	0	49343854.6126869
MTURN	720807569.56518	0
H1-6	15937434.0745967	0
NXPE3	7507615.61710252	19394161.1079043
BMPR1A	841501395.14481	0
RAB11A	0	1192488937.67908
FITM2	0	119994555.559305
KAT2B	19696808.1231723	6062966.6634456
C19orf81	17464363.0792588	8181459.13725869
LSM10	0	11527978.8733563
NLK	93769639.3837832	4863910.74498693
SLC9A5	388714.837762506	3561428.76850988
SAMD12	0	0
USP45	2600023.16423929	9289127.6056719
JAKMIP2	19005067.0272932	90708020.5826205
AASDH	135566.496034219	75503116.3796451
NT5C3B	1182989.76019513	5953680.04677102
NMNAT2	25484091.7232099	0
P2RX4	0	10990716.0918402
INTU	0	0
SLC35E4	520125700.093477	24467968.9109653
TBCK	0	4949767.91920936
WASHC3	0	14146113.7826008
ZHX2	2661918.48291847	23406503.0553444
ZFP1	0	0
PPM1B	0	0
ISCU	0	178705548.217723
FLYWCH2	23537469.1313333	13164430.327081
CNNM1	28908535.1553388	0
BMF	103038852.051316	0
TMEM151A	266404208.097339	0
NUAK1	8668853.23269274	13055803.4237732
TMEM39B	508002988.147138	0
CCDC174	0	5279511.85661408
FHDC1	0	4358760.7780658
CHSY3	0	0
BBC3	46466689.0584484	0
DMAC2	15959491.7893532	9783784.93282157
KCNG3	80326204.5564405	0
OSTF1	17574184.1593908	0
ITPKB	28427656.2830415	0
NIT1	28639949.6702637	23808625.8052326
PITPNM2	1293309.44120355	0
CBLN2	135897549.620043	3932828.72216804
CCDC186	108348178.760007	7120637.98568312
FAM20C	16004512.330668	9270666.51823117
PIGM	5163582.49372905	0
EMC7	2549043.448714	19582041.1893085
CIAO2A	32633410.5175101	1698097.2325673
0	0	23660189.0399697
UMAD1	328376548.749046	0
CCDC9	6564073.32600771	4860608.64833047
GNPNAT1	28001357.8275834	5309254.71838747
SLC25A33	557135.988302792	5145787.06984498
TEX264	23200562.4646948	0
TMOD3	0	997960173.777872
0	1626609.22253745	8462894.84265164
POMGNT2	0	70369557.4478755
LIPA	924633.532480062	29398923.4741118
VMA22	93641581.2707487	3338700.71216603
NREP	10563676.0055188	67316442.596219
ATG4D	12671501.9789134	0
MLLT10	2978492.09597071	0
EPC1	21539394.3497843	0
SLC1A1	0	6569127.33194478
DMRTA1	6671811.91177785	0
SLC39A3	100913240.685709	0
SPNS1	0	11487514.82768
SP8	524888.929297861	0
ZNF697	22021078.741298	0
EIF2B1	0	745214.965207676
FIZ1	0	0
PQBP1	883595115.629193	7584573.77777254
IKZF5	0	47625303.7865277
0	62981859.0035572	2029171.76952951
MED20	0	0
URM1	65977642.1986454	209926.001501663
ZRSR2	0	1579196.2064401
BMP7	347636.45566173	0
NDUFB1	0	31475298.3817281
SPINT1	2552867.98297845	0
TYW5	55453291.5656744	0
UBE2D1	26519340.9155896	0
RTP4	3006640.78954954	0
PGP	505344645.52454	709975.637518545
R3HCC1L	67931656.2116674	2442606.19869742
PAIP2	0	651127332.191765
NAIF1	17815900.6095802	10883167.9714398
ZNF787	0	4256033.87857699
UBAC1	10781064.1720287	56524896.0456099
HYAL2	0	8277625.7871212
TSC22D3	536108.453601617	373637982.833641
VPS54	0	36374996.4906634
NDUFB9	9136053.16064025	11477755.0747302
PMEPA1	0	12275620.1350257
TMBIM1	0	0
APOBEC3H	79854462.0032941	0
SEC11C	1368270.42547612	970804.613540551
SERPIND1	0	7653116.05798938
HDAC8	8075831.32422205	9847276.35916485
SHLD2	0	9870414.31202892
DNAJA3	976869.779887889	40129696.2876602
ASPHD1	0	30346183.0618664
UQCR10	2132373.94345271	1636268880.63745
MSANTD7	296744.234548922	0
EXTL3	31307872.2049336	0
USE1	1711473.17881291	67977405.5977368
TMEM116	0	8740084.81549979
ANKS3	343812614.555154	0
SPCS1	4687639.92244228	0
ZNF804A	42052639.1726591	0
CLGN	32514056.7825266	0
GEMIN6	0	35563064.7283968
SLC6A9	36986279.6941737	0
TRNP1	491485.138420632	103290724.987319
ATP5F1D	0	4054173.55787832
CERS1	0	81417849.9865841
CDH6	64369213.9728322	8808842.75686436
TOM1	2583165.5555749	10396938.0323024
SLIT2	3810050.63375243	0
CD74	837273.422806001	3456110.71582012
BMAL2	5025337.4460667	0
EFNA1	20508227.8697184	151089404.03706
VGLL2	164752311.749964	0
NIF3L1	10941718.1752733	0
PPM1H	7920739.62725145	2388201.19571316
LIN54	2955007.96622248	0
TIMM9	0	32378234.7989069
ZNF202	768646041.20301	12100148.6394237
MME	0	2647092.55082377
PTPRE	17472230.1969607	15895732.7119286
FHL1	9102356.68061269	0
MMAB	0	10360254.6433732
ELK4	25086290.3413995	26378250.6173131
NUMBL	0	0
PNKP	0	8532092.4652985
CBLL1	0	143764268.451841
SPECC1	0	0
TMEM187	0	4110098.34895267
TFAP2A	7501941.71387992	4015433.07132672
IL31RA	0	77073220.7700716
GOLM1	2222006.11703409	9104564.6821136
WNT6	12313525.0426551	5362077.08205297
CYBA	8700966.65271701	12641724.7200423
FAM43A	53265970.9151487	0
ZNF496	280845916.606905	5349066.86444863
PI4K2B	0	4242657.66545297
F8	2421073.87463986	1345648.76250952
DUS4L	0	17735425.412074
NADK2	77596783.143205	0
NDOR1	894292049.147054	13370611.6536711
AEBP2	3417301.53301076	36580263.6020889
LAGE3	0	4273331.86610501
IFT27	2547606.77423738	0
GGCT	275362.763539353	0
CAP2	127923.008996173	2855098.02551071
MNT	17739221.1056342	16567036.3696328
0	4746588.42088841	4161492.17578064
NDST2	0	0
SIKE1	2851583.71341372	0
ADAMTS12	0	5772838.33737774
LYN	5637010.37175763	317890713.972949
MAPK8IP1	383328556.17406	1030638.95036934
ZNF766	0	14106410.68999
FMN2	0	13084033.7569513
TMEM165	0	2432620.33274412
AVPI1	12126341.6512555	0
FAM131C	0	3627869.41539268
STING1	11537371.3266219	12193840.5768045
TTYH3	256514455.036718	0
DCLRE1A	0	0
SLC35E2B	0	4836573.94030077
SBSN	1447883.22690835	4215643.17043728
SPOCD1	0	94883650.8002779
BRINP2	44099222.6338812	4094394.12170913
CUEDC2	8033107.85061572	1671745.05515155
TPCN2	37866652.5855626	5608713.07094846
PURB	0	0
SANBR	159281796.603031	2689553.88658506
OGFOD3	0	17079553.5539189
RAB9A	5082258.83339656	1245975.57315296
KIF16B	0	1662881.42993959
ABTB1	0	90840642.8200106
LMBR1L	2742125.28118809	0
GALNT14	0	7595254.7716861
SMIM8	70477799.6163193	14789812.955532
NOP9	3352280.48094636	11304232.6034929
FAN1	10944048.0557527	25483434.7170715
PDCL3	0	0
GLT8D1	4033291.07824267	0
PRRX2	9377030.48120496	2265089.56826494
SLC27A2	5323151.28532812	0
NOTCH1	8636240.88474014	548635.500093292
ZNF346	323066.076859484	11802519.5514636
ZNF532	0	18284688.7452995
DTD1	0	211016557.069005
NCKAP5	81298857.6340656	7907515.5740117
SLC6A8	10010092.7801609	0
F8A1; F8A2; F8A3	3922076.40999991	2498075.13558434
ZNF235	0	0
SALL3	0	0
ADPRH	2800061.96119246	6566938.22781653
VPS72	25223565.3522819	0
HHIP	3168750.76601452	3447205.23219243
GRIN3B	4395584.46455779	0
RCOR3	3947928.09303097	0
DGKQ	36572729.8630698	0
RASGRF1	0	0
POLL	2155963.74870924	15741646.7794786
ZBTB46	5568585.65372944	3297111.76595289
TFB2M	11418005.5917771	0
ZNF607	5343230.98657982	2044819.638987
ARMCX4	0	0
TMEM130	17884018.1068306	0
NKX3-1	1424997.21220161	792531.220673431
ENY2	31250040.8651554	37059865.3277348
SLC7A8	0	65338115.9136984
BCL6	1280511.83673269	0
CACHD1	12664044.7651948	40701257.6851459
F12	3565477.942885	6399180.54797164
PPP1R3F	3056794.19837818	0
ENOX2	122447771.105852	1957967.02519117
RAI1	0	0
XRCC3	68722472.6531965	0
PIERCE1	0	13938729.0596011
0	0	2690619.59515474
S1PR5	3373930.6481495	13074202.3162567
SNX3	0	144087311.515627
PCDHA9	0	3550606.35543491
GTF2E1	4900642.1781389	1600312.7814971
MYO7A	0	30215225.362158
PLCB2	0	7398996.08350676
GLB1L2	34155998.0462294	0
ATP5PD	0	97667473.0530683
EXOSC1	1035242.27218297	0
INPP5A	29010506.3563195	11214181.2558864
SLC47A1	280543528.876334	0
COA4	0	0
PSMD10	0	29456979.7860978
C1QBP	517275107.799801	0
CTDSP1	3770110.6010624	0
RGS4	0	16562366.673727
SRPX2	2563130.63156533	3712055.50314906
DGCR2	0	21804157.805467
PLPP6	23581649.4435037	0
C19orf25	5494749.86793316	3111643.38692715
ZNF677	12132330.6102277	8872964.02209375
SH2B3	237027413.016391	0
SGSH	326598972.294198	14169399.8354053
PARP12	3110991.68033702	0
SLC39A4	419330286.692251	6848954.12109864
CCDC12	1060465051.45968	0
ADGRA3	7974967.05461778	24926104.5451701
RNF121	12940503.930783	22994091.0655988
SPPL2B	0	139007501.095292
TAPT1	0	35678731.843178
CHST10	2346566.39628081	18072274.5763376
GLO1	27329418.2420789	0
SPATA13	95855752.1337915	0
KRT32	0	0
TRABD	89121768.1635235	0
HILPDA	0	11172526.2330922
MAGOHB	0	720246.218992733
P2RX7	25728515.5655136	0
PITPNC1	8813574.72435046	0
TTC9C	0	13448477.7886001
BBS12	1198129.60766969	15260093.0275968
ARL4A	0	0
FUT8	527371.452398077	45223983.7706641
RWDD4	0	13908687.285942
HSPB8	0	28265272.2268638
GRID2IP	59016617.8843039	679553.695283937
ALKBH4	6444024.92685078	8201833.35462474
SLITRK5	4080172.83391028	4819286.1172769
C2orf74	0	314866160.623615
CCDC74B	13223081.3736556	11249467.1641283
FBXL19	1995986.3266341	0
TMED1	0	26981931.6869801
NEU3	0	223612896.083684
RAPGEF3	0	60658616.6851747
RTL10	7103941.73741486	21602172.4511509
ACAT2	4571866.82382601	5632318.54741226
GIGYF1	417857570.814035	9181138.58475515
UVRAG	0	276450.021459967
ELF1	7785624.5710085	27556352.2536598
LY6E	6698760.82726846	31778495.4511523
TMEM9	1478891.58156176	45556065.6425408
NFS1	143724862.064747	0
PPP2R3B	726148442.065321	0
KHK	16581728.3180761	0
EBF3	3665073.56844091	0
DCP1B	22060207.5312463	0
DCAF12	161263466.143668	4724438.8103749
CD163L1	2143857.5396917	0
ACHE	7772635.32771956	0
CFAP410	23341439.0870019	0
PRTG	3615901.55395409	49703199.5009848
F2R	2341714.56939207	196371991.394238
CDKN2D	0	0
ZNRF2	19978662.5115339	0
ADAT1	0	22181233.9758354
ZNF736	0	18665089.5027423
JOSD2	230710965.236663	34422139.3802533
MED29	3288541.67863054	8030393.18089118
BCL11B	9432311.19719984	0
SHROOM2	1129944.33230004	0
SLC16A4	1828016.05711724	2507940.22473654
SELENOI	5271630.34434659	28662131.67592
LRRC15	171023.985133426	0
DDIAS	109702727.03565	699543.714601867
PALMD	1105851683.02345	5226616.55306605
CDC42EP4	0	1664126.05731316
DLX4	2837710.53583718	14079475.8998259
GALC	26177325.5474623	0
LRP10	2167134.27252943	41816900.6663603
CEP70	42579829.1852514	826977.281160686
CD58	0	0
FAAP100	10689905.290027	38317971.7818969
FBRSL1	41218112.3701948	0
SLC37A4	596557.862022117	3737854.00768856
MAMLD1	1314118.01013466	7405843.63803734
ZNF714	0	12259652.6755615
RTL5	0	0
AASS	5458523.12142423	75777075.0444726
ITGB3BP	0	6994459.0436124
PLEKHM3	11432236.1185917	0
CDH20	9549437.2302323	0
MERTK	7866018.48999233	0
KYAT1	0	3400938.61089599
ERFE	4261785539.5318	0
RCBTB1	0	46173910.9375401
RASL11A	3063961.86385895	2000042563.50169
ALG14	7313469.86151248	0
NAT8L	1864953.08858024	17145521.2975102
TEK	0	0
LYPLA1	0	0
IRX3	643908730.419994	0
PCTP	1692406.75957695	0
RWDD3	0	3387997.89364104
SNX12	16256607.4444528	0
C1QTNF1	0	0
RETREG2	0	11728778.7224249
COMMD1	20192652.8095767	0
LUC7L3	1002928.4173624	10506688.4912236
CCDC138	0	53420400.9752125
LSM2	0	1055320736.46864
KIAA1958	0	0
ZNF76	0	9760881.3830544
CDC34	0	0
FLI1	4746314.83634704	0
ACAD9	0	2488600.87678593
DDX55	4673104.92311927	23987757.4273216
MPLKIP	17162798.2315636	0
SPHK1	42744492.3460535	4954576.38835678
ZNF618	4105059.25641158	0
VASN	77595886.0976337	22935332.1395379
C2CD6	18323159.5995789	9189303.57490968
SIVA1	132927326.157069	0
AMIGO2	0	96299413.1912819
ADAM23	7856949.88105694	0
WNK2	67696999.2125471	1717769.55553709
FANCE	12230039.5495983	53419247.2332714
GGT7	6678613.12511306	0
CHCHD1	84484331.4093474	0
GPR39	0	0
ZSCAN18	0	17490779.3110339
NT5E	0	0
ODR4	6067203.38317774	0
PGBD2	15068764.5950267	0
0	0	0
ATF5	1166081194.50123	0
SPIN2A	0	0
TSEN2	1948313.41383685	53250249.3192311
MBD6	426970613.492761	1454217.86270265
ANKRD13A	0	68661261.9421514
G6PC3	1961370.62275386	6783186.05318626
MAFF	2370785.79075435	857730.068464806
NR1H2	0	1473263.09304133
BCAS3	0	27491698.881912
MORN2	0	0
KHDRBS3	6211292.42215591	0
KATNAL1	0	18755651.1588796
RIMS2	109509288.040304	797692.678297104
MRS2	0	4923159.56850587
AGPAT1	216476.106111667	65004565.4549351
STAC	1186962.98777373	1208545.44264194
REXO1	0	99698603.2639402
AGFG1	2656660.0461149	4467721.74193994
OPN3	0	0
DGAT1	3292178.66024726	1718199.18118633
RNF146	0	13525133.9488306
CDX1	0	0
KCTD7	0	0
SOCS3	75856849.6318397	0
AUTS2	713020997.326594	0
RBM6	28709165.9954933	27746673.1080711
CRISPLD1	974433.510462761	0
NAA60	0	0
THSD1	11725602.6403819	3075001.96217333
TOMM40L	0	5448101.0176098
PDP2	20748344.8781012	0
ASH2L	501838.976416806	1123471421.95769
COL5A2	0	0
SLCO3A1	40611652.7129872	2997211.27192609
DTNBP1	0	45140082.0405816
CFAP263	10519094.8866498	22124168.066888
MAB21L4	5208784.70953372	33344016.1843261
CD180	0	41523855.997219
HLA-DQB1	0	0
MRPS9	5203915.30564064	616413342.934784
ZNF879	8077217.40164892	0
MRPS28	2021842.29603173	6040408.58167557
HSF2BP	234044.17539732	15501415.2812459
CISD3	0	8993957.87423046
NXT2	0	0
CDK2AP1	3057007.53955002	4631681.22111279
ANKS1B	0	0
PABPN1	0	25428304.521107
THAP10	0	458774.944761391
HYKK	146724089.100365	1824837.64676018
0	7240858.04833452	125406493.628837
SIGLEC15	48976324.4956022	197572841.357496
CADM4	66209652.542972	3446697.43211677
MRPL39	23563888.9317845	0
0	0	50685897.7552653
TSPYL5	8962287.174651	0
AGTRAP	1937743.31632426	5385110.82585461
TMEM258	5290262.25345616	27237479.0794284
ARHGAP28	21988427.3926737	2027917.16758594
SLC6A15	19239071.4257597	0
CATSPER2	131659885.401619	86809423.0797647
TMEM38B	34006690.5121979	1754844.0279702
FAM114A2	885998.570208259	14342115.5212416
RGS9	2462603.60451415	0
SEMG1	3253503.2323113	1405701.88261132
0	0	0
NUAK2	20810003.9663328	53403502.760756
KISS1R	35946537.6237972	0
MCRIP1	14131409.0224784	2710552.9323236
ADGRB2	30974777.3344661	0
TPGS1	49000564.2393099	18983320.1082125
RHOXF2B	0	5917945211.38621
LUC7L	2721873.1348493	0
SLC30A1	0	0
MED12L	0	864908.63680876
MRPS22	56431757.838844	0
SURF1	7546289.87508	7842216.2210987
TEDC2	10051719.4448037	0
MCTP2	13506988.1635769	3653350.99359008
CTSH	0	61982165.579547
ZNF416	0	0
CCN4	0	0
ZC3H13	78088641.0591334	0
ARPC5L	1249123.43705548	0
SDK2	8150361.37221219	35784041.4408563
WSB2	251682.619674761	10007850.1344586
SERTAD1	0	3799938.5846699
SERPINB2	0	0
XBP1	3130041.65496225	0
ERI2	515821.174900642	0
FERMT1	0	1425325.05086474
CLPP	0	0
ACOX2	0	9794858.87677128
TMEM18	3318636.21815947	0
TAF1A	1807337.84943133	8590964.01157366
C12orf60	0	4164194.6448788
ZNF670	0	0
SLC44A3	3540853.11908892	0
PREB	3454220.06431894	2330805.70878859
REST	2337309.3964125	11354357.2799287
RAB40C	2524012.62035374	13326741.6357721
ABHD6	6589689.55147264	10744747.5228571
ZNF319	136405365.221659	0
ZHX1	0	794896.363360359
IKBIP	0	42157426.7344944
HOXB7	63533369.3892928	0
NDUFA2	0	13122900.4124546
PPP1R36	1751622.37939559	9670852.10990654
DYNLT1	5092124.23038402	8915555.35471199
SOX12	0	168056493.893288
SLC19A1	38720804.9702957	0
TSPYL4	0	18321683.5442466
MAP2K3	0	16125672.9386423
PAXBP1	13608040.4702641	0
MTRF1	0	0
ARL3	8365577.50612709	0
AIMP1	10311774.8146895	0
B3GALNT1	20580682.1469591	0
CYB5RL	0	0
WDR73	16478028.2016964	46805677.4993502
JRKL	2161277.69395324	17368806.3727991
AFAP1L2	0	1165415.0938982
TRPM2	0	14056608.7778752
IGFLR1	12557704.6960684	10737022.2278968
SERPINB12	428838.059396643	1341920.23893733
MRPL21	941824.421793465	2504612.23356805
ZNF275	9804028.1217368	0
ZNF565	0	19910902.8391216
HMGCL	0	5619241.35723555
TEF	7982460.26773696	0
SLC8A1	112524958.37773	172152348.052583
ANAPC13	20492876.4993538	0
CA5BP1	57500385.1330209	0
FAM171A2	0	29082350.3421269
ITPA	0	2716532.43655156
TPRN	16582102.7180997	25108233.8786164
MLPH	6634195.69103177	0
STOML1	0	14103001.0124103
ICA1L	0	6765993.54591997
MACIR	10296879.3005165	58573537.5556466
PHF10	16291220.1680527	10503318.8712908
COX16	0	2467417.23942249
CCDC3	158713672.827135	0
SUB1	1080677501.53047	1210303.34449625
FBXO16	33405822.7878419	1434830.72624517
ACP1	14032954.7033707	25072927.8908721
NDUFAB1	264083685.954603	2576091.94672717
METTL17	0	0
AFMID	55816520.7742575	4427880.50936071
C17orf58	44303599.2262862	0
NDUFA10	0	0
RAE1	22314803.9174844	49554299.9858112
ECEL1	48397987.0233147	9491136.68736062
FAM43B	10088083.3930342	31024081.6775781
CIDEC	0	12186582.795044
TLCD4	0	0
FLAD1	17886313.5817893	0
ABT1	5970726.30976106	0
MGST2	0	0
SLC25A28	0	1791745.51882697
FZD5	3048140.14904784	2320830.37406101
FGD4	689141.64499119	0
RTN4RL2	0	3101263.55124078
HIKESHI	0	0
SOWAHC	3010033.69716015	8930830.08523665
CUBN	1114140.11563114	0
YIPF2	0	7791512.89598209
MFSD11	38303878.0231881	0
TFEB	0	0
TTN	10848589.3061813	56658882.5722223
SLC44A2	0	9817592.78148804
SCYL1	36989851.3643359	320721788.58813
RPP38	155904707.196082	1802009.87944872
HSD17B14	230158.087897318	385064164.520955
CEBPZOS	0	830911.718368987
COQ10B	5045238.87562024	0
NAA16	0	0
RAB22A	0	0
CBX3	0	1471450.93507501
GPR3	9849839.94753437	11671127.0912198
REEP3	0	150873745.033913
FBLN1	65225151.7218742	14495994.9082815
MCTS2	1115454.44026758	1513478.20317667
PNMA6A	164453131.58873	7878724.19157893
TRAIP	5624617.96569119	138501905.987366
LENG1	10630245.254373	0
MLYCD	0	0
BTBD8	1477028.70776284	2188391.63548955
CPEB1	24578889.7080917	0
SYDE1	127168268.802146	0
GEMIN7	100147174.981689	0
RYR1	0	8207405.50128793
ZNF571	0	693889.396952652
UBE2F	1206894.11136871	17404723.2825842
PDF	4856018.57225954	0
GALT	0	30865002.1982589
ABCG2	72722007.3909947	2147400.03848076
SLX9	3540060.11369853	2159151.36413447
TMEM97	0	157213090.955497
KCNQ5	3950078.73108001	14943080.9072464
TBC1D10A	2300848.53609678	0
EFNA4	582106115.851512	0
RFX5	39522526.8741402	8411610.77445686
LIMD1	4647678.93914833	0
RPUSD3	154292220.664879	0
FBXO34	0	1598497.76926718
ZSCAN29	0	18705895.3917024
ZNF100	3154525.57036773	0
DAP	33035269.3145314	1327706.44521939
DYNC2LI1	649128759.660581	9866691.16610017
NUMB	398864177.00794	0
FBXL16	5984167.85019375	22423633.3853285
UBFD1	245274376.815488	0
ZNF66	0	0
DNAI3	21120627.4220293	0
VARS2	0	26818874.6412051
RASA2	3662468.36094202	17493832.9466556
ZSCAN26	1655274.32694629	5399259.91900713
0	10817659.2959464	0
MSANTD2	0	2361083.6698468
TMEM231	0	3281216.65902237
SKIC8	0	0
PPARGC1A	11059949.259905	0
MORN4	0	44265496.4552098
PRKX	26569802.7983851	0
MDM1	0	2066461.72199034
USP35	3488055.29561703	0
CABLES2	95925152.471174	0
ZC3H10	9424508.96751656	26921261.9530507
HMGN2	0	0
ASIC2	0	6380318.23545099
PLA2R1	21739102.0931651	7241166.25753516
DPF2	0	3501138.36712805
WNK3	341283.474080459	0
GBGT1	0	10543381.5172603
SIRT6	184935548.828969	0
TMX3	0	8751271.88724436
INTS12	0	6293357.38550591
CCDC117	160736363.143725	0
UBAP1	9345405.48295131	0
GK5	0	0
REEP6	30425949.0434097	0
RMDN3	7991708.3441632	2710167.51527516
MFSD2A	0	6724949.11387195
PLEKHG1	36233381.4672923	8238587.24504924
AGMAT	0	2097281.27850234
SLC25A38	0	3555649.26079485
TSPAN18	1959164.77785301	0
MFF	0	79230236.8664051
C4orf46	5974215.70277449	9145136.74909163
PDAP1	8407567.10470333	15944746.3008443
ADGRF4	3371709.93176713	1955017.33693419
ME2	0	55115918.3639657
DERL2	0	25507524.8217309
CAMK2N1	0	108482867.889842
HACD4	93747.1803273874	0
CCHCR1	4705958.71470565	0
EBNA1BP2	0	274978293.931866
GPATCH11	0	251587161.131184
SWT1	65508132.7931308	36615707.7407002
HENMT1	0	0
PUS3	4011272.56766654	147639246.141097
ESRP1	197651679.038089	0
PVR	6877835.16997402	0
PEX7	0	0
C1orf52	0	6029611.66625052
SP4	0	7404767.52744226
FLT3LG	545349.120714455	0
PGRMC1	7425408.55637973	4038002.72517319
TFR2	0	0
PAXX	22411514.6170581	41870177.9991229
TMEM14A	3154701.50830725	59916619.4863937
KLK4	0	0
PDK4	9281756.3313407	0
PGAM5	0	0
PPP1R12B	38305361.6512348	0
ZFP69	0	0
CCSAP	27756906.0318056	5893093.43753249
0	400218532.65087	0
ICAM5	50913944.0328872	4267932.14735175
DRAM1	2196894.50291176	6614632.58044325
CXXC1	60412054.0527877	2177014.3865162
RIOX2	2439386.86779641	1661272.82777334
NDST3	8829823.58721804	7372034.94587846
ZNF444	5094523.88055732	11363050.2408203
GHDC	48701290.5122602	1225298.81166814
ADGRL4	528150.892063108	177537369.227441
CHCHD5	7654664.47300228	0
LHFPL6	0	0
MAGEE1	24811766.420698	0
NCAM2	3576838.53181513	0
EZH2	0	0
TMEM53	0	12554549.6879546
PPP1R12C	21632752.466422	5341971.43570236
RAB11FIP4	35522812.4114884	0
PARM1	36026060.0295176	0
DSC3	24229914.3904535	0
GLB1L	18662302.8159617	0
ENTPD7	7155714.77860539	0
SLITRK4	2703538.24728701	0
MIER3	753979.937058876	4384415.95143255
RESF1	428171.682370187	10429288.4751775
NME4	298832332.568418	0
CDC26	12474964.9048278	443491.618441345
ATP5ME	26087436.3738279	217217684.02822
ZNF790	1009263.40307272	0
QPRT	7052710.94211031	88600503.6815679
ANKRA2	91882683.9960374	670656.321432533
WIPI1	0	0
RBMX2	103168.165990047	63450992.3307883
CDK14	0	16046710.7097165
ACOT11	0	7432292.85969966
FZD6	20182017.9686742	0
LCORL	5368615.03639263	0
ATP8B1	0	27941341.6494746
NFX1	17502649.2761536	0
CDC37L1	0	948046.438107372
CYP1B1	4228827.46365456	9127045.23639555
DKK3	775623090.515313	5214737.29986535
SLC41A1	5416122.65387026	0
SFXN5	143978647.426443	21996717.9633376
TMEM183BP	0	7408695.07927127
MDGA2	0	0
CDK5RAP1	0	0
PTPN3	491004.14939873	0
ICMT	0	1883218.190972
CSN2	344059.230058631	526174.599651769
TET3	3096826.8548044	0
VAMP4	4352865.89126144	37242920.2172519
GUCD1	1789024.61340116	0
RAB12	0	0
MAGI3	3723331.21532428	0
STK39	53002980.9595725	0
MFSD1	0	5762246.49813421
RRP8	0	0
AMPD3	0	0
TOMM40	0	8821378.68257719
SARM1	0	1761580.09823048
RASSF9	0	0
NAGPA	0	14635025.4614427
NIPA2	0	16138420.6778783
RPUSD1	159164225.649238	0
CTSL	0	3306338.13855377
SMPD2	0	37602646.8765371
GATA2	33541437.2354944	0
USF2	0	0
RNF38	1179454.44663892	0
TNFRSF9	0	0
ADCY8	0	3993556.4679313
CYP46A1	0	0
GPR176	0	3084400.46929137
HAUS3	0	3028737.19750911
DENND11	0	8687888.24481161
ST3GAL2	0	0
LITAF	3025989.94978038	3504871.18652533
PLPP7	0	19046752.1565556
ZNF585B	0	0
HOXC9	28995087.4371859	0
NFKBIE	33118358.6593915	0
CBX8	255007308.641677	5506594.74508538
HAGH	0	31030531.7718715
ERP29	2553986361.37573	0
PIGZ	8170576.54468956	2258299.85407609
ZNF8	0	0
BLOC1S2	360324.249381705	0
CYP2R1	0	16459338.6312208
OCIAD2	19609464.770954	0
SDS	1858314.00523758	44141267.6380735
MOB3A	0	0
TEX261	38094278.4362175	15246399.6927571
GCC1	0	0
ZNF282	2916432.17881431	15848775.1441102
LYNX1	0	25216328.098787
SCCPDH	476292.594661915	9725853.84971087
MON1B	4227990.73613795	0
CIPC	638278.324647463	13668058.7794334
SHARPIN	0	9526891.18564617
STOML2	8235633.62972835	0
BHLHE40	1316900.22104398	474348.427410818
IFFO1	0	0
ANGPTL6	1266146.87286942	0
CHRAC1	3270476.37412523	20096436.0450726
0	0	160951051.474515
CHRD	70564226.0341773	6293615.51885893
CDR2L	4725127.42910907	3903777.58773878
CILP2	27938270.2999976	1216840.87404781
NEXMIF	0	0
GPBP1	0	48300836.8553765
RNF130	0	381950985.590571
FAM228B	7095557.83347205	0
NPR2	9732230.6664861	2847392.53306344
CSGALNACT2	7618196.5430821	7914862.65423241
PRAF2	15259593.5822031	12605784.7082989
ZBTB18	57877621.3986642	0
CPPED1	9517555.94020388	960610.551213108
FBXW9	5409421.46939737	21082029.9590102
PXMP4	0	42634336.9721227
ARHGAP9	0	21728407.8324407
SPRED2	28537472.641785	8179534.43656545
DDRGK1	0	3141498.68729582
MOV10L1	1917242.81068115	5419292.83658037
SHOX2	0	3885409.88347939
CBR3	0	2153876.25731228
OSR2	5911601.17800531	0
ZRANB1	0	15061120.8932081
ZNF613	3191207.190818	37907671.538158
RORA	1293261.32382605	10270110.1661797
PGAM1	0	2918001.86915773
ZXDA	3452216.56634752	0
CLEC2B	0	12962499.3127359
CENPC	765538.35583743	4699388.52356656
MAGEL2	72882290.2958509	0
CASP8AP2	0	937962.040271739
PERP	49299131.3545869	0
DHFR	3690030847.9838	0
ZNF716	0	13661611.3003566
ATXN3	419677230.055248	116432983.402006
SNRPD1	0	56375603.1755081
FBXO46	0	27363436.737436
WDR83OS	0	17199258.9591724
EN1	0	0
APLP1	0	0
TMEM175	0	66826253.2714473
ABCA3	7018890.28121817	2847788.83141824
TDRKH	134452434.804584	14784663.550287
RRP9	1520002.88448597	11418428.9280386
TBL1X	10148023.6715466	3884215.55271999
GRAMD2A	0	35088762.2187651
COL6A5	7515293.95611004	436952.827314693
NPEPL1	280306446.019063	0
ZBTB26	0	5337728.68388289
SELENOM	562610971.166172	4459019.18422605
BICRAL	5886553.00244044	0
RBM38	253512789.126969	768727.257890434
PALB2	63282678.6776517	922380.562909528
SUSD2	0	6654430.13497676
CH25H	0	0
STOX1	121842758.747219	22826157.799186
KCNK6	10003631.5620997	0
MT-ND6	221241881.89026	0
INSM1	5058750.7763797	0
RILPL2	5819242.73705111	87500497.9112576
EFNB2	0	4286488.40556803
SPAG6	5100188.47077841	10235719.1508153
PLCXD1	0	48460309.1340389
MYOD1	0	6260993.81440372
USP44	0	9045692.98983853
ZNF703	24076375.2738275	0
ANAPC10	21159834.8049279	9119985.19879298
STAMBPL1	0	176775925.057748
CWF19L2	0	46820555.8098319
ATE1	0	14830886.302919
IFNGR1	0	8829050.69572844
UBL5	12955717.4768553	2233566.09327891
RORC	0	0
APBA3	371152668.957435	0
FSBP	40803698.3654607	1157327.02524309
ABLIM2	969458.009497532	0
GADD45GIP1	13546662.3299961	34426036.3297662
RGS17	163723326.804589	0
GRIP1	12833388.8522045	0
UBXN1	110465236.711049	3340841.43217886
PCMTD2	0	0
SHC2	0	0
SUSD1	9357146.44518517	5054927.68668987
CCL28	23566263.3957872	0
0	6167194.02637685	11253148.6693784
LURAP1	0	36215890.2766673
NALF1	0	17279547.1955485
EPHX2	2362261.11341825	0
FN3K	21811594.6066149	0
TMEM127	59791260.4591858	5270497.03268887
FAM210B	58131531.3767129	0
MRPL20	0	0
LTBP2	1083652.07854137	0
PADI1	0	31243432.2963938
RTL6	23454609.7199736	648010.105209995
POMGNT1	2456081.12265931	999840.922911069
0	2366911.95158149	0
S100A13	0	104758410.661472
PHF19	0	30086819.9747049
RNF26	0	25955554.0288037
GJC1	0	3567591.476441
STXBP4	1109468.11722292	98447324.5140657
ADGRB1	489859.572380622	0
LYRM1	1908154007.73949	4471154.53616988
MRPL27	94679248.0371557	10214446.7599365
GNB1L	1111206.18011066	53301104.3776451
PDE8B	391080330.301239	13041522.1948486
PLEKHG6	0	0
IFFO2	25366227.8440138	1908987.87893432
DMAC1	0	20280925.3727317
ZNF212	3705824.36737	40357338.5352496
TP53I13	123847800.215077	2449473.48337553
NANOS1	13815179.853171	0
CCM2	0	3617264.02281407
BAK1	1898241.88147525	26510352.5647532
UBD	0	0
CDH8	0	6999952.81134235
MMP17	0	34493247.3160087
ZDHHC20	4837963.5234766	3115443.95559653
MT-ND4	13028026.1575448	0
CDKL5	60855244.1101893	17344775.0757505
PPP1R37	4696696.6799474	55652373.9197913
CEACAM1	8914363.05363962	0
SCRN2	51018682.7237769	0
PIGF	8196417.94007745	0
BACE1	0	65646056.9406938
SGMS2	0	13560976.7491566
CCDC85C	4177392.85389333	0
DGKA	66535952.9110647	33795085.0344714
ANKRD54	5063111.43830853	42214044.3680711
NHP2	235576632.715869	260743263.871742
ABCB7	0	31475573.3557673
HNF4G	0	12073772.1987273
ELK3	145024100.484842	0
ALDH7A1	0	16881150.7561512
ZCCHC9	0	7610767.50736204
MAB21L1	944098.620925089	0
CEP78	2473428.98009659	0
NAT1	27876128.279763	8015326.88222285
TWIST2	8184957.64485903	0
ZFYVE1	52838448.0456616	0
FZD9	19990880.0951944	0
APLN	47896249.480151	0
ASPHD2	7516597.61468316	33799079.7658012
HAPLN1	0	0
FEZ1	421976.716303171	0
SLC39A2	0	22316590.1000787
DNAJC17	0	6373964.84506642
CD24	549028985.841868	0
SETD1A	50037856.2657155	0
AOX1	3010380.67799237	18105081.2671797
DNAJC15	3526590.6997979	0
CD36	65765206.9363497	0
PFDN4	2995040.30894338	32327398.3543242
LINGO3	34074785.549177	933179.987219918
ITGAX	0	11720419.3732812
LARS2	0	0
TP53I3	549661.550758824	9260758.88177487
C20orf96	2992800.702854	459529.053501763
TRDMT1	6324121.00844941	47793292.3533372
TBPL1	0	33469074.4407475
GEMIN2	0	3393074.19577571
NFASC	11936835.1496742	0
PPIL1	0	0
PHF11	0	0
CP	22570490.014479	0
FAH	0	7349725.29542981
TRIM7	2010694.68297594	6146732.14051842
EXOSC9	0	40878382.1581822
NFE2	33007186.1264232	0
LIMS4	11282700.9355072	0
OAZ1	194549.893516838	0
CWC27	19098808.5902837	1021994.01440746
NYAP1	2921155.98886659	0
DAG1	0	200560036.540671
TMEM254	6855649.29696052	6605304.09302964
MED6	0	3064480.3567774
PABPC5	6647134.94518044	13300709.5908439
MRNIP	18681790.3896509	0
LRRFIP2	6135150.07437151	0
SLC35A2	0	4157307.34686151
PARL	1746558.8031879	3079764.56925083
APOA1	2596594.40965359	1175213.03305038
TRIM62	0	12752938.3685917
RELL1	114919730.397963	0
PRELID3B	0	12459446.3205729
TRIP4	486075793.644126	75003222.0471917
FREM2	6965084.02883031	0
FAAH	0	0
CTBS	12293950.6924496	21467757.7067202
ISCA2	0	0
DDO	0	16949149.1504732
APOM	18066937.4463407	12097927.8793863
CAST	10262280.4546153	32894279.9427667
RAMP2	256826575.746987	0
TRIAP1	0	11937902.3617994
MMGT1	11171909.7810924	208812026.09952
ZFYVE28	52304127.0323144	2840690.80736937
ANKRD36C	2185085.2151857	0
MSRB3	70796878.0543753	0
PET100	0	0
MT-ATP6	0	23951111.1440858
LANCL3	0	0
MED26	15295285.3547846	895293.909074574
LRRC3	2934252.28360399	0
GDNF	0	0
IQCE	6253186.14027524	16039104.9586679
TACC2	0	3074857.34995887
TGIF2	4345378233.74744	0
MIF4GD	0	15892520.6671896
TRAPPC14	0	811126.34048967
GSTT2	6172950.54601757	0
RAB3B	0	0
RHOC	0	0
OAT	0	0
TEX30	0	0
C17orf75	2592995.70626044	1549879.6753255
PPP6R2	0	0
KCNB2	35407975.985109	0
MRM2	0	0
ST6GALNAC4	0	0
ANO4	15214117.2449924	0
PXMP2	4452532689.33481	19796878.9976216
FOXO3B	0	5631327.72606041
CCDC102B	1272174.76080275	11210782.9833382
PMM1	225319683.378461	0
PSD2	0	0
USF1	12015495.2603795	0
GID4	0	0
TMEM102	0	3724174.21280334
CNEP1R1	0	0
GCFC2	4535987.04344952	2934034.06616646
OXSR1	0	30820943.5602558
RNF157	63774548.7553642	0
FASTKD3	0	2020489.31265047
CDCA7	0	23517167.7786994
ABLIM1	32788499.4905847	0
DERA	0	0
PI4K2A	8853478.73676253	7258124.92071127
ACADSB	16015004.2930258	0
ABHD13	9264766.75203639	169439953.265757
ATP11C	0	395755955.358883
SERPINA1	2006263.76308932	0
OXCT1	0	0
PAX6	41295516.1207473	0
ALG2	0	3773538.08573584
YIPF1	0	759218.098153226
LRP8	14679854.4281851	0
MZT1	0	78878959.1721177
WDR74	0	6204758.80030841
ZFP90	9847035.75738528	2954003.52706627
CASTOR1	15722174.9812369	0
MBD2	336510.665925128	5614527.55588113
MED4	0	18346643.4543892
F2	0	0
TBL2	463881893.272645	7671933.57738831
SLC25A26	0	12318946.2400846
ESPN	3350289.58755917	0
DPY30	29388585.1073181	0
ZXDC	0	133455333.885183
PAMR1	142610620.734975	0
TGOLN2	20010434.23276	0
SLC2A12	0	661251.585872693
MMUT	7187029.79157532	0
EVC	10484920.1751817	0
EDEM2	0	9427864.079767
SFT2D3	31142531.1582656	25403593.6594095
ZNF410	10920054.3740422	6369125.40145706
ALG5	8682667.99741583	791019.93349267
ABCC10	14465495.1492028	0
RSRP1	2752093.29711394	0
UBIAD1	9606371.93460351	106285234.505828
RAET1G	10981735.4092869	8875878.27135543
SRSF2	75048911.8672071	4298938.90925511
KLHDC7B	4700130.12637796	0
LY6K	89478834.2683478	0
PHACTR3	23134626.9578249	0
TM6SF1	144865695.790926	0
ZNF841	5742669.9703258	0
DNASE2	19944119.2726456	6200379.64917145
LHPP	10374748.5044105	5630902.42996832
SCAMP2	0	21945338.9650671
RAB3IL1	260888976.597326	0
BRCC3	0	29462610.5139961
SART3	6643172.81429832	90880816.1910006
PIR	0	0
CTSV	0	10267784.0233338
TEX2	3658720.64671772	18996263.1090117
MED19	84473206.7106199	130148659.31742
USPL1	3482424.36972746	0
TMEM169	2573530.9982431	0
VDAC2	0	16128454.8982227
ANKRD36	3212366.36433579	0
ZNF385D	845483.572077635	4753473.26748953
FYTTD1	747220870.173542	6174479.99070831
APBB1IP	0	5326465.45482848
TMEM234	0	163887013.658978
CENATAC	7003182.36492789	39335538.7076386
MEX3A	268230586.681074	0
ZBTB48	0	26039628.8616953
S100A3	0	33004744.4896998
SMIM10	50513465.1760356	63343013.1044919
CLN6	0	15122551.0172912
SPON2	2458555.89584201	30084359.7549804
WDR53	0	28331692.2234533
SNX16	0	12137091.423882
DNAAF19	1649538.67085103	22881409.6492172
ARL10	0	0
SASS6	3738610.70447494	4000901.99790993
GGT1	0	6355158.44587288
PRMT2	27343589.3434339	4720116.20438109
TMEM229A	5647959.51134542	2525058.46540611
BORA	0	6056878.27121961
HSD3B7	0	2637979.13862402
ZMYND15	6965203.27911585	0
RAD21L1	4236193.32574753	0
ENG	21990233.4111121	0
GTF3C6	0	4773620.99591737
TTF1	0	6449224.50297809
ULBP2	26559795.4490275	0
HEXD	0	1639989.38539395
SLC35B4	357995.553996789	0
CYP2U1	189501753.384121	7323989.98265422
DYNC2I1	0	1489239.57639387
LRP1B	10561290.1598656	0
CHAC2	8435329.53300493	2182523.46641273
QRSL1	0	0
0	163071778.501836	0
SIGIRR	14304717.8756377	496685.436369394
ST3GAL1	0	0
MTFP1	0	95992732.0247526
POLE4	91537686.7623252	0
STC2	4238950.27685287	27904444.3682253
CTSS	5045304.26032106	5936351.06530786
ZNF181	970340.383081659	1206774.67097621
MCM9	0	8024083.13056714
NAF1	0	0
SEPHS1	0	18775148.2238287
AP1AR	0	63853793.7403611
MCEE	889299.195697916	0
MAGEB1	2364697.27286605	4175344.39651577
MINDY2	0	0
EDNRA	71810477.5015374	0
FMO4	559300962.474241	0
SCYL3	11207591.6525005	4655567.77746405
MBLAC2	206637.67851434	0
DZANK1	20656313.9678181	0
GATA3	35176781.1945989	505188.951338245
ATP13A2	0	0
ZNF800	0	0
PTEN	0	22279697.9427441
ORC6	462246417.514169	0
ABHD11	1219443.13187315	5131136.22855464
MYD88	6894928.75611431	0
NSDHL	0	5899999.33905573
OTUD7A	0	0
FJX1	1366470.64911525	0
PHF1	15689606.0573761	2448573.53534645
ZNF646	25539459.7212278	1084386.73272933
PGAP2	0	15525340.1556973
SCN9A	0	6203472.94589838
OTUD1	74939319.2584237	1473352.6436823
ASIC1	0	6024069.36260026
PLPP2	4470292.25831934	0
METTL25	2999384.01308854	5106161.56467529
ITK	0	0
FAM24B	0	17461814.359906
SOX17	16310651.0495513	925883.855283459
L3MBTL3	12902855.846608	15302752.8184703
FAM117B	248812212.538435	11048998.3745009
EFNA5	12280416.9144744	0
RASGEF1C	10082143.7152232	7045501.43716928
PELI3	12069519.7692473	0
SLC7A6OS	0	40274168.1448545
ARHGEF16	0	0
GRHPR	72011926.9120603	54134965.9611237
CSRNP1	0	31532794.6293577
HELQ	0	2999742.94449501
TMCC1	0	1834260.08329481
C6orf62	0	0
CNRIP1	54456207.0346649	2513158.20152716
ANO1	12860263.7955597	0
APBA1	4435528.7404463	0
TMEM63C	5665110.36128864	9384266.34981674
ACSM3	0	4629387.49585854
ADAMTSL5	0	26938209.6795484
DEDD2	34903054.8883355	0
JTB	2258825.32837912	0
LONRF2	6487357.54247752	549580.95186603
GLIPR2	0	0
FKRP	43268982.166703	0
FOXO4	0	0
DCUN1D4	0	0
STAM	0	11623511.0209434
RFPL4B	0	132390897.930547
POP4	14367921.3601599	9839181.36221598
ANO2	0	2747969.9621965
ZNF250	50808144.2918171	0
NPY5R	14791936.6661212	801626.034420504
MTMR8	0	0
UBE2M	11751809.780478	0
TGFB3	0	0
PAAF1	267319625.400013	8755697.1577518
SCOC	0	40244629.3544241
GAL3ST1	6860119.14947998	97875863.4332308
SFXN4	0	42234525.7145925
ECHDC1	0	889408926.789031
ZNF324	28619730.1980321	10612375.1916251
ZNF436	0	0
UBE2G2	4654164.12855158	0
CDIN1	0	12060522.9064081
ENTR1	2456004.78484855	0
ZNF526	4440588362.08501	0
VWA5A	32523936.8904774	7290734.27802107
ZNF441	0	0
BIN3	20512618.2911123	5383262.10270758
AP3B2	87926536.9235029	0
IMMP2L	0	12291484.1004926
SORBS3	0	14722131.0556426
CSF2RA	0	467932438.601227
CEP20	7512957.34317636	0
SLC26A4	40712819.0197012	0
CCN2	111095754.714436	83712144.3693537
PRXL2C	31664128.535412	0
STK38	4592516.66019365	0
SPACA9	2424765.97605133	0
LY96	940124.643651217	1598799.29987263
GDPD3	0	0
COX7A2L	1017185602.50081	0
OPA3	1597736.67021014	0
ARSB	68067984.1042017	125624982.699198
THAP1	0	4004605.57075142
PLAGL2	4930806.41117022	9438154.96173027
MATN3	0	0
STEAP4	5094185.27584762	16885054.4371831
ARRDC2	0	0
WDR4	0	33472922.8352941
NKAPD1	3370525.38852295	0
TRIM45	27698429.6013741	1442662.98746269
CDH4	50279536.1506736	0
CMC2	0	720348.101202083
ZCCHC3	0	21029737.3238411
QRFPR	14362963.6751081	0
ARL14EP	1203218.16278755	3441191.69055072
NANP	20921476.6871191	33132653.6001081
ZNF667	0	0
TAX1BP3	4700595.45865942	0
TFAP4	0	0
SLC7A6	0	0
MAGEH1	97743366.3690048	11001448.6004792
TBC1D16	0	0
BATF2	4394261.75907469	5424582.45364392
ZSCAN21	2249457.15456233	0
XKR8	0	28775195.0361965
PPP1R26	1652170.0013139	19875814.5912881
ZBTB2	0	6620785.48672451
LACTB2	0	10697371.7431608
ERO1B	10117101.7974046	0
ITGBL1	0	4522487.83462291
CLK4	0	138574221.806678
SNAP23	6266302.28798113	72655218.3770851
ZNF287	17014868.8948453	0
PDCL	0	3746988.19230872
ASB1	0	476256.456351614
TYRO3	0	5898258.32042913
TGFBR3	0	2660864.36585233
PRPSAP2	335241.880226662	2954448.33206736
NAA30	10904693.528377	222470443.066531
CCDC144A	12977673.2086501	0
STBD1	0	7422919.83757561
TMEM42	401475.749939312	0
LSM6	0	0
CYB5D2	0	51145871.5878226
CHL1	104400089.480552	0
ADGRG1	0	4081068.88598398
GEM	0	12085432.9707249
SEMA3D	21088366.1565589	0
THUMPD2	0	0
ZBTB45	0	3991719.71368196
TMEM167B	21909396.2825341	0
MAP2	0	7219235.70247405
PRDM2	0	15156369.081283
EML5	0	0
ZNF33B	0	418893.36328646
LHFPL1	0	7607756.38975591
PIANP	0	30005344.8703288
NEK3	0	14960602.1794583
PDGFA	144679904.62116	0
TPD52L1	0	6559431.94916262
RNF169	127755112.913512	0
RECK	14166268.8282068	1780930.05484473
EGR1	7216639.57148792	0
ZSCAN12	2821921.32102919	0
NACC2	6529692.01220167	0
ZNF473	0	0
TRIM8	0	1552255.33807456
VKORC1L1	4674838.62450253	238709140.749463
NR4A1	257433.085626709	0
CC2D1B	1749776.72538912	0
HSD17B6	0	0
RPP14	0	0
TOE1	0	0
FXYD5	81699478.9927177	0
AEBP1	0	0
ZNF658	0	1443534.34115032
TMEM219	3553019.75478969	0
JPT2	11538232.2483094	4718694.62776592
BCL7C	3202542.02038263	2235218.63028506
LDAF1	8662464.406902	0
HUNK	33449632.5789256	0
WDR37	13582143.6891633	0
SUPT4H1	814611216.011956	0
KLHL35	0	0
PKP3	0	19810089.6548585
VCF1	7726398.72715088	0
CDKN1A	0	40422170.6453377
ST8SIA5	41971936.3721944	13492583.1016056
ANKMY1	62418928.5299071	34975609.4143079
ZNF24	0	8066879.08289881
ZBTB25	0	0
MAPKAPK5	3314621.48315324	33096901.7538269
DACT1	35357010.3937707	0
NT5M	0	941379.976346293
UPF3B	0	0
RNF166	31788443.2974691	0
NOS3	76134258.9254718	107314640.053569
HLA-DRB3	67947789.3473433	67935735.9168518
METTL6	53807802.1899378	43698204.8357554
ALDH1B1	0	0
NCF2	0	18700302.1841807
MRPL46	0	0
SACM1L	145451915.367342	0
PPM1M	2193588.90572978	0
CDKN2A	0	1801226.53336711
GATA5	1117783.5004557	0
OSR1	35985813.7351822	2979099.49069654
MBTD1	0	0
EFHD1	3258831.55840217	0
RNF19A	0	3298873.08776763
ATAD3B	0	0
ZCCHC8	3080332.70119264	0
DCTN6	160363533.318269	17762144.6086967
GLCCI1	40718221.0743518	0
FBXL20	0	0
TRIB1	0	8170485.9188304
TNFAIP8	0	0
TNXB	0	16723143.8213477
TNFRSF10D	0	0
LCTL	0	0
ULBP1	19102139.1478507	0
VIPR1	0	0
PLEKHH3	2529741.71693804	0
LAMTOR5	0	23762447.8102362
MMEL1	15216135.6839654	756609.283327616
TAF13	0	12455694.0278203
SDHB	0	0
LYPD3	15512669.8630601	0
B4GALT7	37581436.2712837	0
ZYG11A	0	0
MBOAT7	1161968.23096399	190011189.953469
TRIM54	0	2072184.66914325
SERTAD4	458724.934208378	57562021.2700074
GAD1	954322.756576008	4710659.95784166
SNAI1	151567454.2991	493617.37935111
ZNF214	0	0
CYB5D1	0	6351597.7019769
NCS1	0	0
LPGAT1	1027337.50383276	2898490.04385005
RNF175	0	0
PGGHG	7000600.85685244	0
CXCR4	681348.720046636	1138645.38831213
EPS8L2	0	0
UNK	7231599.34074363	9078311.31759605
VANGL2	10340306.4467248	0
CDC42EP5	21266061.0516742	0
KISS1	0	6287682.75725852
FAM72A	284991.117106233	3971690.25802913
CRELD1	0	780461.186183871
BACC1	2087442.62340508	42188603.9116512
UBAP2	23821259.8729131	1486975.36318772
GAS2L3	307270325.161297	0
RALBP1	0	292468982.355663
IMPA2	0	0
PYGO1	13889664.7148899	0
AGAP1	0	4442308.80112698
SHLD1	130851271.763185	0
RNASEH2B	0	0
MDH1	100807465.921688	0
CSF1R	0	3321599.13503352
EFNB3	12895036.5039772	0
TMEM256	88853252.3018916	8827237.81450121
CHLSN	6905371.94158888	62486478.9014366
ANKRD18A	135788165.006828	0
AIRIM	0	9036079.85002858
MGAT4A	0	0
RUFY3	0	0
KLC3	127756317.967536	0
TLR2	0	0
TMEM62	7878744.50391935	0
CITED4	791125993.481097	1373384.83452251
TAF1D	0	10778895.6582953
NDE1	6225424.85988303	13330191.2059545
SYN1	30941213.7184882	0
FAM219A	521733680.241547	0
GJD3	0	0
CALB2	0	6647117.8956966
TMEM11	0	11084431.6853042
CUTA	0	77755361.1230942
DUSP23	344349.258576205	0
PLPBP	28939886.8749646	0
RAP1GAP2	0	1207454.98214649
FAM222A	9897140.00934653	0
NKX2-2	6819551.50490435	0
LRRC45	0	3672541.8562645
OGFRL1	0	0
MKX	0	22808071.5048759
PARVB	8421809.99144838	0
TMEM242	0	45979374.3344453
FLVCR1	0	24433639.5850381
POLB	0	5451443.70980535
COMMD9	0	0
CNPY3	26802819.7627382	17099162.0262851
MRPL14	58136653.1793226	0
PEMT	0	50576505.1146452
HOXB8	11603085.882738	0
TASP1	0	0
SMYD5	2878402.02859087	0
GPX3	57953450.4110449	0
AHRR	18055129.8157246	1339539.16179115
SLC39A9	8265045.68526773	0
ZFAND3	0	0
GRIN2D	11176978.5035906	0
STRA6	43036922.3029146	0
ZNF555	0	316188230.584642
LRRIQ1	2163727.03361891	2295911.23664741
DUSP2	0	13555023.0753822
GLP1R	44524835.3543519	0
DHRS7	32037256.0533114	0
COQ5	0	55046419.1242287
PRAG1	105533069.110313	4284024.74179577
CEP131	0	0
ADAMTS7	8093671.50064046	0
SLC35A4	4084011.72141849	0
NDUFB11	0	2165328061.1163
FAAP20	0	188323798.148352
PTCHD1	8149500.09938039	18983031.5404656
SLC12A8	166813.002779953	5712782.46977994
CDC25A	0	34475714.446419
SOCS2	11259674.8265885	0
REPIN1	704415.782447648	31581550.2947726
NUDT15	0	0
CDYL2	3755837.66160334	13692230.7844844
ACP2	10570033.2500713	0
IL1RAPL1	10392083.788081	1333625.69332274
SDSL	675553.465793191	33517613.5485517
MRPL44	38021417.9205841	0
LIN7B	3922522.38167471	0
ECSIT	899363.44725878	0
DEF6	2815960.10189092	3101528.29845926
ABHD14A	0	8054749.74490384
ZMAT4	13688195.9089206	0
SLC37A1	6204806.92496686	0
CDCA4	161843877.14908	0
MVB12B	38954174.4423777	0
RBM43	1404550.61329478	1227592.32807438
GPRASP1	3539429.15177456	0
SLC27A3	7752271.96252931	7213990.34400333
MTLN	1438542.67245754	4626116.60744118
COLGALT2	29338294.0248129	19997533.0125294
ZFP69B	1293752.90126615	1950509.99820302
TADA3	0	5210038.43115976
PKD1L2	0	14640199.4393864
ZNF804B	0	0
TEX15	18129790.5275405	0
AP4B1	1439824.98541009	7911321.89292142
PYCARD	46218397.771231	0
MTMR11	0	3159433.43292957
SNRPA1	3613280.22600337	0
DENND2C	0	849402.854408992
FOLH1	0	0
HOXC13	496449.919644073	3506730.88585988
OXGR1	3076849.52090996	0
HDX	0	0
FBXO24	51619782.3424703	13321174.8156536
PTTG1	1816144529.84765	24471695.9690613
FRA10AC1	0	20700362.6236961
CDHR1	4665751.2941226	0
CSRP3	0	17769335.7774608
GCA	0	0
RUNX1T1	3585821.29292061	0
RABGAP1L	0	8299641.99944349
RAB3IP	3718102.99334422	0
MAP7D2	4362098.63808915	0
SLC22A31	127895176.493381	0
CHRNA4	0	0
RBM17	5008586.77298749	0
POPDC3	9583656.82363787	2157022.01960253
RND3	0	141435642.2567
CINP	0	21566501.6649826
ITGA2B	723488.875805445	2047604.02731219
CFDP1	1818363.56207091	2699427.8565274
PXYLP1	3270769.36719736	0
TSPAN3	0	14210557.2052632
TPH1	109658603.953003	56719789.2513265
NMT2	0	748650.298429675
PMP22	0	0
GID8	55080621.4624205	0
CDCA5	10983645.4169478	0
POU2AF3	0	542279.917301183
KIF26A	62106900.0288428	0
VMA21	0	0
CASTOR3P	0	0
CISD2	0	0
TMEM50A	21429801.491851	676521.895386316
NABP1	0	6842450.75162701
FBXO45	4046046.26111349	0
SDC1	13451593.3002853	0
LYSMD3	1342623.72331595	26987968.8084828
GSTZ1	0	8150699.99501467
NDUFC1	16539877.5259972	87393090.6563552
ADAMTS16	0	0
HAUS8	0	20537778.7893077
TLCD3A	854875.803150251	0
SLC10A4	2208229.39739537	4454570.58293811
IGSF3	0	0
ATG9B	0	0
PDCD2L	0	15207423.8074656
PFKFB2	14805398.3888114	0
MT-ND4L	0	61703213.8911248
MYO16	2883419.82338837	0
CACNA1G	14351010.8041904	0
SDC4	4161834241.16638	0
NBL1	0	12271305.9390949
SARS2	0	5984447.83416222
GSTCD	0	0
MBD1	22130695.2297453	0
PRRT3	19828539.8382002	0
COMMD5	0	0
CCDC61	0	10670252.5520392
ZBTB5	2755918.28990849	0
SEM1	9116683.86256048	6066914.76896667
GCNT2	0	11366737.2092187
AMDHD2	2566968.31977702	0
SNUPN	15303869.1698103	280014221.339535
TRMT44	0	5777636.84988311
ATPSCKMT	0	6647073.82007064
ACADS	944165.902018081	0
CFAP69	0	288400.51374559
TMEM255B	10685961.4998006	0
GULP1	0	0
BCDIN3D	0	6898795.18969235
POLGARF	91975351.3332735	0
SLC9A9	56833112.2473465	32304792.3807842
EBF4	1003118.31019993	0
B3GALT9	0	5373261.5962505
TRPM4	112536757.264401	0
RHBDL2	0	11702844.4854805
ZNF709	0	2012870.53658482
OXLD1	3568133.95470023	8865267.45223616
RNF10	364814.083595362	1507862.65779117
TRIM65	0	0
MTRFR	0	31831133.1117405
0	13154061.9093722	0
MYL5	1256047.58202717	0
NPC2	0	1811410.69383773
SNAPC2	618725.303504894	0
NICN1	70090788.4609309	789741.652640931
RNF4	100883386.708251	100031696.675808
SUMF1	0	0
FBXL14	14148165.2707942	0
TBX1	0	0
HR	4342039.08494586	0
ALX1	98103290.683723	0
HNMT	0	0
KATNBL1	0	14597137.6283423
RAB3A	0	0
GRIA1	0	0
ERP27	3459001.65967746	0
EURL	138294416.792015	0
SIGLEC1	2469894.17766238	3680282.11678079
SRGAP3	10959719.4720722	0
HCP5	0	0
PAK1IP1	1323765.3719846	0
TCF19	45340873.2718253	0
EIF1B	0	21119422.4572702
PTGIS	20515212.3997976	0
SLC19A2	1310869.51535168	14902024.7311383
CEP112	0	35962017.2279727
ENGASE	0	0
TMEM201	8658627.27316129	0
OLIG2	14088311.8110857	0
SYT11	25969274.3175393	3340162.76625257
FOXI3	3344454.51898008	0
SYF2	0	0
C2orf49	4319077.46142624	0
SYNJ2BP	0	31846156.0032657
RGCC	0	0
KLHDC4	0	0
SEC14L2	19961847.1138153	0
ZKSCAN4	0	0
SCAND2P	65453294.1631615	1165368.47469545
CNTROB	5645148.00883146	0
MARS2	0	0
ZNF316	13966669.7790531	0
FAM169A	40666987.7871888	0
AGPAT2	192553.292469538	1859542.62515998
PDZRN3	16789581.5190883	0
PWWP2A	63932493.6890428	0
LUM	0	0
0	8451081.08232979	0
RNF167	192152359.087499	0
CPM	0	0
HDDC3	0	211935039.926436
FKBP11	0	0
CYP19A1	167493436.757762	11905183.6464656
AAR2	141686230.59491	14319769.5502389
COA7	0	13760897.9179514
CREB3L4	0	4289425.24979697
HROB	26966363.5357302	0
CEP128	0	4313781.17836612
KIF21B	0	0
VEGFC	5593488.50703914	7790208.80412343
ELAPOR1	0	0
VWF	7414396.13042684	0
ADSS1	0	8086345.26528406
JOSD1	0	6282260.22171132
NAB1	1869290.60118245	0
BBOX1	0	0
SLC31A1	0	0
SLC28A2	0	7060958.91084533
EFCAB2	0	8903440.47474753
TIFA	0	11069935.1192151
NMNAT1	0	0
NATD1	5264329.3990438	0
YIPF4	0	0
ZNF665	0	0
MRPL10	0	22748777.1098344
RRAD	0	35376563.0696091
TMEM44	4083004.34072486	2289694.07935677
RIMKLA	0	2551622.21430385
MYORG	0	1795520.80595372
ZCCHC24	1187500.37608271	22774886.9140694
ZNF330	10040580.1032734	726837.642878654
TCAIM	0	0
GATD1	2812917.19071284	21273088.9877489
CFAP68	0	0
C5orf22	0	20814695.2948285
TFE3	44141995.3788433	0
TSC22D4	0	13331726.0064253
KDM4D	0	0
FZD4	8592200.23027099	0
MSRB2	0	3236959.14882785
RALGPS1	0	0
GATA6	21863084.9342094	587267.266817121
POLE2	19012773.0347002	0
CCDC8	2358118.68055996	9313470.03953274
NME6	0	16855197.2276936
KIF19	5908040.00658038	0
HSPBAP1	0	34506242.8382901
RCL1	2924402.81440422	9556682.58194238
CYBRD1	89374107.9583388	0
FAM227B	867816.359858476	10321234.7342555
LRRC14	6815951.58856719	11402215.3010446
MRPL12	7038630.40727491	3279494.66226636
CENPV	0	21575561.6731713
AREL1	0	24173353.6347704
POLI	0	0
ZC3H4	92826139.7118539	0
RAD17	0	1557891.61178014
SYNDIG1	4382054.80840088	4134835.71447031
SLC5A4	202652677.017234	1246600.92809775
HMGA1	0	0
PCDH1	11006571.1572901	0
GTF2H1	55519968.7140088	5839444.41616846
SCO2	0	0
CLCF1	0	41223667.9365494
COA6	0	61105760.1904668
RPL39L	10616001.3042291	0
ETFRF1	0	0
MYPN	0	0
PLEKHF2	0	11406437.696989
HS3ST2	1150061.77795087	0
RSRC2	1332475.0290831	16703663.2293397
PABPC4L	654744.108974214	1634379.2030479
RHBDD3	9781129.14905996	0
MTHFSD	36223224.1400666	0
BNIP3L	0	0
UQCC1	0	1925072.23897213
HIBADH	0	21153754.6845623
TPBGL	15449386.3092712	0
LMTK2	2354536.36395384	0
ITGB1BP1	0	0
SLC27A4	10294490.4996882	18854899.3570419
NMRK1	1324385193.91801	11393580.773197
HOXA10	336942.140767876	234645.453873248
METTL8	0	0
CTSF	39178961.0507814	0
TNNI1	0	27733431.3728659
TINCR	1086724031.70303	0
IL20RB	0	0
SMAP	2091846.36873229	514369.593714925
ATXN7	0	0
A2M	19704106.6017464	0
PTHLH	0	0
NECTIN1	0	9082820.70959722
MRAS	0	0
TMEM54	0	0
SOBP	0	0
SEMA6C	0	0
PCYOX1L	214600190.033295	5311481.73329358
CRTAC1	0	0
GFOD2	0	4621288.66514788
TTC39B	0	0
0	10249366.4016565	0
PIGBOS1	68276597.381107	202606.846394625
ZNF182	0	0
TDRD3	0	0
C3orf33	16176238.4583048	2793108.07399343
WDR83	0	257708728.810849
0	0	0
SULT1A4	593344.28286771	283899600.557498
WWC1	210749353.209113	0
TNIP1	0	3677756.60537689
RFPL4A	0	93779886.2501194
STARD4	1919795.82015275	0
MAP3K12	0	3127900.22856462
S1PR3	0	0
HSCB	0	0
IL13RA1	223955944.641644	3560106.37662232
SYTL5	147901.314369012	0
TLR4	634678.14163604	1004049.32926047
NTRK3	1441393.31375037	0
NRIP3	3641699.85084164	4741835.26318068
ARMCX5	31917308.5811509	1596988.48449498
CES1	0	0
PROCR	6169555.31316499	0
IRAK3	0	0
CYB5A	0	0
CHRNA1	79399.0685831656	0
CCDC142	1421961.95482896	0
FMC1	0	1374120.23076682
STAP2	0	31401793.0377301
BICRA	1846213.22966675	0
DNAH14	35514783.9232457	9606458.68299447
FOXN3	0	8174485.63245247
EIF1	933430.470487493	0
FSD1	0	7141525.62317658
SFRP1	33827121.0695854	0
L3HYPDH	6897258.111831	8466890.28776144
CPE	588419.569143526	2870331.1907734
THTPA	0	20682282.7294086
TIGD7	0	0
IL1RAP	7766976.81856292	0
FUT4	20789239.3524198	0
ANKRD63	70566826.0705673	0
PDE7A	158042481.10905	0
ZNF614	16829429.7087153	0
NRXN2	0	0
ZNF174	3244204.51667828	6119733.68708511
CUSTOS	0	1822820.77421755
GOSR1	0	14806549.1721704
PTCD1	0	0
CCDC91	20125128.0147206	1740164.8757824
TMEM87B	2407566.42301368	0
SULF2	15947856.7486046	0
ROPN1L	0	15260682.5196018
HAAO	126912359.00153	0
GNG4	1029374.08446471	24310923.2998939
CLYBL	1690540.64299023	13130279.8933726
KCNN3	180609.561910176	0
SNX24	0	471933053.627866
RSAD2	0	0
TRPC4	0	1124158.12426128
LYPLA2	1160245.83794598	1583134506.43468
PTPRZ1	0	0
FILIP1L	0	521998.158284447
NDUFA9	0	6704992.11968784
SDCBP2	27363827.2651134	0
FSTL4	0	0
RAD52	0	3819174.94275394
0	0	0
JPH3	0	0
MRPL22	2204369.62681868	0
CWC15	0	0
TCF24	614320.100071912	0
PNISR	0	1477034.00133072
NIPSNAP3A	0	0
GCDH	0	0
XPNPEP3	1663610.34277011	0
NGRN	0	3552057.83063849
PLTP	65799106.9754712	2273558.01519775
ZNF513	18802222.8784704	0
IFT20	0	661866.004776216
RAB29	0	0
TBX21	19113325.9921621	2128200.80305871
SOX5	0	2795167.31136787
CCDC71	0	7313988.59291686
TRIM52	1843371.31938099	0
FGD5	21969949.1884931	1370337.09336566
TAF8	0	62683043.6899196
MOSPD2	0	696072.322648117
COX14	0	195697588.365917
SYNC	0	12462258.6743395
WWP1	715052.096419661	0
TPRA1	0	32653281.3530512
GLYCTK	67768763.9934151	20567445.5788532
TESPA1	4159713.12568706	1607710.92903391
PHLDA3	0	6141170.82671854
ATG14	0	51905635.86486
ABCA12	0	7796451.08835947
IFTAP	0	52473128.6984115
HABP4	0	0
CMSS1	0	18366284.1453502
MSI1	21558686.2039855	0
KCNE1	13541274.2043259	0
SAC3D1	328503928.031287	0
SEMA4D	2339850.10514265	0
HOXA13	33825508.1610866	0
PDZD7	3380213.75966477	3994777.39706433
C15orf40	0	0
EDIL3	0	1432533.70379367
HSD17B12	0	1911343.97218946
BRPF1	3537512.11972299	6905004.73451366
KITLG	0	81332892.3549894
RASIP1	0	1755874.00001128
NKX2-1	0	0
CHURC1	1154600091.96251	0
SOX13	1623898.24902212	0
0	0	11361736.1162007
SETBP1	0	0
TRMT13	0	16139726.0174123
PGAP4	2557987.58975617	0
GPR146	0	24818867.2863625
RNF41	0	10295935.060544
MRPS24	0	0
C19orf44	0	34318902.3671408
EOGT	0	11705024.7215241
MTPAP	42707984.9798421	3359968.58414294
TBC1D7	0	0
FBXO36	2533882.88968001	113255359.507721
MCOLN1	0	1766292.84391647
EIF4ENIF1	52340354.6991107	0
WSCD1	18328602.5285695	0
FOXG1	28379873.4575453	6789995.16771746
AARSD1	0	0
ST8SIA6	0	13634774.0723
RNF128	5731937.50867252	4138788.82903209
RNF17	24800155.2729549	44491279.5770069
PEX14	505181.942324178	14613900.9870994
ANKRD36B	8075291.89140593	0
ZNF140	0	5665633.24993432
SECTM1	62850200.762954	0
ENTREP1	0	0
ANKRD46	0	1261859.88478229
SMIM10L1	153916002.946592	0
PITX1	1874950.34185843	0
FAM133A	198602770.988592	0
NUBPL	4657016.98404261	0
ZNHIT2	65698603.5315083	15823974.9198551
EID2	0	0
0	0	2592089.58702356
CLSTN2	0	0
ZNF394	11192414.5719996	0
NCBP2	9204006.22956283	0
ABITRAM	4585256.2824646	23636830.7125165
HSPB3	1813951.63080557	20239369.1383307
TIGAR	0	0
DCUN1D1	1986635.66686711	35880444.8058244
GOLIM4	0	17671599.202758
NARS2	2271683.9513641	24654075.8578749
TSLP	16559386.2201112	0
SMIM15	0	0
PODN	7436337.96068573	0
MEGF11	1646779.51848289	0
ZNHIT1	0	14819526.5714913
RCBTB2	0	0
CCDC150	0	3938956.58060226
KCNN2	818724.178496966	2457516.98202448
NOSTRIN	22553312.1108145	0
STX4	154540663.801026	0
0	5510652.10648309	0
SLC16A7	0	0
KANSL1L	247047.535443083	0
UFC1	0	0
UBL3	24006539.5245132	0
TMEM68	12936176.3808679	0
CNST	20245283.6208001	90631292.5283419
ZNF615	0	0
RBM3	2737077.60543557	95064078.3520239
CCSER1	2805963.20603998	0
KCNJ10	0	0
0	0	12958068.6225282
ACAA1	85852713.8613537	13775251.9592365
E2F1	61144776.5424212	0
AXIN2	2979235.85001729	0
CA5B	2359736.22974715	0
CXCL16	30515664.5572178	0
PAOX	0	50699270.3505167
DNAAF3	0	0
CLEC3B	0	0
SCGB1D2	1776390.30298755	1956066.34880554
FAM162A	0	0
DDAH1	0	48137170.71082
DBF4B	1020874.57123102	1049421.47318285
GRIK3	0	0
JDP2	41976633.4050904	0
FAM217B	0	0
METTL14	425147.023807595	0
HOXD1	10524065.0051277	0
SPAG4	0	7694399.42003465
GATB	0	0
MXRA7	23185077.8227338	6923787.96521846
SHTN1	0	0
ARG2	1213302.66417581	796862.330816242
MRPL50	0	3648790.9354026
0	0	8394125.32700229
SOX6	16135352.2893918	0
NKX6-1	4913373.0610158	9084913.33615256
TSR2	0	0
TRA2A	812737.168333028	0
CHIC2	5814258.76200307	0
PEX39	12627646.5198342	0
TNNT1	0	12613762.9347655
ZNF503	137830422.356978	1030460.70184225
STS	0	111634985.114014
SRSF8	119508185.054328	0
OAZ2	7589325.76795479	1571484.12973567
UBASH3B	1018704501.94589	0
CDON	0	0
GPR20	8339791.61663824	0
PITX2	0	8040209.33416981
TTC23	0	0
PPM1A	8064429.03143429	78978331.2893069
ANXA9	0	37995899.4039269
MCUB	0	0
MRPS10	0	8445277.16924393
SUSD3	43080764.3402879	3987147.72365841
ZNF83	0	0
CFAP36	0	5889980.84779405
POP5	0	0
COL4A1	35797431.8374342	0
NAPEPLD	0	0
ECI1	914466.982326675	0
EDARADD	39985670.0776829	19270791.9854519
VPS37C	0	1652467.84690672
NOL4L	374148.594372551	12600377.8650969
IL36B	0	0
MFSD4A	15193826.5957393	0
RPAP3	5373829.61130619	5095740.53178746
TRAF1	53347494.8364262	0
RP9	235357679.388003	0
KCNQ2	17078936.0084714	0
MDH1B	0	0
ICAM1	0	21290115.5411758
TBC1D23	0	0
ZSCAN30	1145352.76494113	0
DCUN1D3	3086974.07877461	3613506.12955416
MRPS18A	1008483.10463962	0
NSUN4	0	9333158.36740884
MLLT6	0	0
ZNF623	922217.255144967	0
CTNNBIP1	0	173175759.088322
RABL6	0	15937195.8179252
EPCAM	6967906.81747918	0
ZBTB22	0	5222380.18821327
TLNRD1	0	19853096.5960117
HIGD1A	0	379903787.627562
ANKRD42	0	2135038.56137849
HSD11B1	0	10246906.1276523
PRR5	5597828.53664607	0
CSK	0	1996593.08548359
KRCC1	0	1354635.87158221
SLC35D1	0	9432447.06797148
AGPAT3	0	6263546.69487886
ODAD3	0	7122181.19081533
ZC3H11A	0	4530449.95482559
MON1A	1235592.70118227	0
PLEKHO1	0	0
PDSS1	0	9082223.19967586
PHLDB3	0	5767524.09011189
CTNND2	0	0
THAP6	0	10503821.6925109
TTC7B	0	1020284.04895634
RAB11FIP2	0	45268428.0102492
RAB32	3248219.75745416	3793421.09857382
TNFRSF10B	0	12428124.3650337
SCN8A	0	0
RGS2	9980590.39126013	0
TCEAL7	0	46701008.9544176
REEP1	132659910.161036	0
SUOX	0	0
DLGAP1	56983765.6194564	0
SUCLG2	0	2702157.13952461
CGB1	0	4222999.23283097
HINT3	0	0
XNDC1N	56591490.7283159	4812891.0545363
TPD52	6617170.02032974	0
CYP7B1	0	1345278.57681015
MAP3K21	7987192.71729955	0
DNAL4	0	15319671.7346286
TRIM29	0	0
MAIP1	15501963.8639434	0
TNFRSF1A	0	432836320.776542
PELI1	35477973.6439836	0
GATAD1	0	0
SYT6	6893238.89883078	0
ZNF589	0	0
TOX3	29968334.3115424	10446284.3270022
ERG28	0	0
PWWP2B	5909278.9958959	0
APOOL	656397.314009605	1239681.70494763
HID1	0	0
WDSUB1	0	0
CLEC10A	0	25789705.1845865
ZMYM5	0	10260250.0688451
LMOD1	31147195.5204809	0
SIX1	1023388.42656881	0
SLCO5A1	0	1964876.06718033
LMCD1	2505558.5401689	7008953.15749156
PAPPA2	0	0
LCA5	179227285.183112	673708.721377995
COBL	32240673.1169863	0
SRFBP1	0	8495168.03970847
FREM1	0	0
TOMM22	0	11981049.1544327
SLC66A2	0	0
BRPF3	0	35366741.6767484
SNW1	4825201.50054778	3180387.79139176
PSMC3IP	0	5431200.34214033
GRIN2C	11968163.9392234	0
DNAAF11	17910099.0731957	279542560.133515
PHLDA2	0	0
IGFN1	0	0
PHOSPHO2	41912749.7801723	0
ISM2	0	0
CTSO	8937683.69762609	0
ESRRA	16634999.6316232	0
ITIH5	2037532.20049956	0
RPS6KB2	0	11448709.2580155
AGAP3	0	2412972.78305327
COX19	66339708.0283762	0
SLCO4A1	362065.898134544	8515180.15551543
TTLL1	0	0
JPH1	20900178.9190269	0
BUD13	3157186.73595576	33483327.3649432
ETFDH	2966549.66986756	8845840.12018682
CRELD2	0	0
C8orf88	0	3699532.18903713
ZNF467	0	0
KRBA1	0	0
CARD6	0	5466612.86548037
CDA	0	0
TREX1	4752105.81017908	0
DUOXA1	12920795.111775	0
PPOX	143371830.951578	0
ADARB1	0	2204383.05250184
GTF2A2	0	0
SP7	0	0
GYG1	0	0
TAF10	0	28818817.4471953
ZFAND1	0	0
PARS2	0	0
FMO3	2972370.40268228	11749639.9570421
RNF7	6620097.99614536	0
RERG	15962475.5625511	0
CFAP58	0	4483151.14597609
GTPBP8	0	10108856.7890623
RAB40AL	0	0
LHFPL2	25657349.6268027	0
DHRSX	167711939.119704	0
NXPH4	0	24124985.6050406
SLC25A45	0	380135.660746717
ART3	0	0
C8orf48	30883790.7110864	377149.618954243
MEIS3	12432006.1381418	6055865.50491771
MAP6	1519538.05595094	0
TMEM241	0	0
HSBP1	0	11316585.0829642
RELT	5971435.55448266	14693553.4344194
TIPIN	259687.786925268	30751137.6884665
RASD2	7978284.93272383	0
ZC3H15	36279646.9184856	0
IFI27L2	0	0
ELOF1	0	155329158.931141
ZNF671	290562583.029564	0
CBX5	0	0
TMEM86A	117755598.726236	0
SLC46A1	0	0
NRG2	29439983.0852955	0
IL20RA	6924725.3615757	0
SOWAHD	2173060.52434717	6129888.56113663
ARHGEF10L	29094454.7267728	0
C1orf50	3648590.06291451	9590611.74123718
0	0	0
BOK	1224088.26191417	0
EDN1	0	0
ALAD	0	6001546.15462949
GPX7	0	0
PSD4	0	18903327.969069
SCAMP4	0	6962569.72503885
CORIN	0	538060.268425714
GRIN2B	0	4233231.71313732
MIIP	10450588.3948372	0
NIPAL3	1660056.29017207	0
NOD2	1147921.59543234	0
CNNM2	0	0
CES2	4535580.54742294	15167385.3382663
FAM216A	2640403.70165374	0
ZNF385B	0	0
AXDND1	0	9547912.74242277
PAX3	0	0
ZNF440	0	0
GPR68	2814181.14037512	0
LIPE	1284617.88416076	0
C7orf57	0	57303516.4162816
UBE2R2	0	0
ZCCHC10	0	0
NUDT9	0	40836029.6270796
PCCA	3823131.46648659	0
SGO1	4909721.56260441	0
TYMP	0	2150591.16543522
CUEDC1	0	0
CEP19	0	1387248.2630563
DRC7	0	0
PNKD	3091183.19161556	9277116.34727431
0	5134217.80682487	0
NEIL1	233749594.311773	7566191.44142854
TMEM51	0	48842738.4292393
TMEM17	0	0
GRHL3	0	0
TANK	0	0
POLR1H	0	149750288.547798
SNCAIP	25658466.5314182	0
MNX1	15648674.1772585	877812.099032005
KIAA1328	0	0
SREK1IP1	1769492.62077982	0
TSPAN10	0	8471834.13701101
DLST	0	12510325.8089575
RLIM	2525192.73874121	0
BORCS7	0	0
ARHGAP39	0	3190275.35190167
PTGS1	0	8519067.08173739
C9orf40	0	18975188.4814524
FAS	9561371.61876706	4350269.87126342
GPR183	0	2076984.2648219
PTPN21	381117.137646596	0
IFT22	11745767.8328149	3761835.396184
NINL	0	0
DNER	64834928.4581196	966325.544740029
MMD2	86229825.00997	0
DDX43	0	375435.377204303
BMAL1	6410427.29352624	5753317.60656883
RYBP	11318345.525724	0
POU2F3	0	0
ZNF628	0	9882670.61234425
NBDY	0	0
HLF	16450251.4477044	0
MENT	1934249.99846345	0
GPATCH3	0	284695.465070964
TEFM	0	5639385.68074488
SEMA5A	87444218.8755942	0
IQCH	32653091.292301	0
ITPKA	0	1225885.15984754
AGMO	0	1590120.37371712
CENPP	0	2984543.36841247
TMEM41B	1098722.53216841	2808559.36278709
NUDT4B	277990.564737342	0
COX11	0	951023.8365993
NHS	0	60087460.8085788
ZFAND4	26312807.670058	0
LAIR1	2885617.05103435	7984937.28734501
TRMT9B	15043818.7110062	0
ACKR3	0	0
FAAP24	211876.944989276	0
DNAJC25	0	11681801.5091567
CENPQ	9298864.36116007	0
ARRB2	27650558.7210601	51875608.1157356
PDE2A	26863490.0553168	33820042.7197316
NRDE2	13916627.6006282	2696829.59367487
PTRHD1	0	1871907.26221235
LRFN3	101128056.876236	10473758.3050651
PRKRIP1	136454590.93514	0
CFAP184	0	0
MGME1	0	1178015.67479528
GALNT11	20321097.5606789	11872364.5612205
OXNAD1	957372.585049998	453672.169409854
TRMT10A	0	0
TSHZ1	0	0
WBP1	33541030.7607105	5010517.93401601
PTPDC1	0	0
KCTD2	0	0
GPR137B	568361457.616054	0
ZSCAN5A	48386795.185704	0
ZNF784	0	12173876.6530295
CLHC1	0	9804373.74428403
PYROXD2	0	2239195.03191622
DESI2	0	26290569.7920404
ZNF14	0	0
ATOX1	2435126.70074592	8133368.5814077
ATP7B	0	2135053.2194346
GASK1A	19633942.0056769	14893942.3265909
ENKD1	600345254.832967	0
SERTAD3	0	0
RBBP5	548624146.249097	0
GAREM1	0	278230.130444553
CAPS	0	2088000.81381286
LURAP1L	0	21629197.2472164
0	0	6237936.52887039
PECR	32596517.7515505	0
PAX7	11762549.4837189	0
WNT4	15145730.6476011	929546.310606459
ADAP1	20686805.6315017	6375135.25868452
QNG1	12912524.3775114	1058936.7586731
ERCC8	15432186.750234	0
TP53INP1	12427880.9916835	0
IGFBP7	55417350.8071554	13484064.8415309
PIGB	0	12363030.0795478
MSRA	0	37001169.4949348
SSH3	3160643.28922801	10359617.6740288
CHKB	0	62622915.9263786
NEBL	0	0
ATP23	0	0
PHETA1	0	8815591.3638892
CTSZ	8636756.73767549	0
LRRC23	9778181.90292689	0
ETV6	0	0
ESCO1	0	0
SDF2	0	0
PDZD2	0	96825856.3870412
RGS16	518389822.861522	592331.55750512
ESPNL	0	1724709.69198782
0	5105798.84472446	3383854.84817332
P2RY11	8722325.48847364	0
NR1H3	0	7727780.39752604
TRAF6	447814.894754359	0
EFHC2	12502788.3513772	0
TCEAL4	0	580335.389711058
ZNF780B	0	1828723.68262825
LZTS3	1832379.33877864	0
COL24A1	0	0
CDC14B	3323817.92526841	9654915.12311685
TRMO	39663726.2380901	0
RET	9637348.584465	0
IL4I1	0	0
E2F5	0	0
KCNH7	7507875.44144447	0
ZNF566	0	4632752.26474996
DISP2	0	1303680.21397406
FGG	0	2063475.38800626
URB1-AS1	0	24666222.3157865
FILIP1	4952280.620875	9028545.05463993
ZNF700	8031298.7705437	0
NOS1	0	0
ABCC5	0	0
LEKR1	0	0
ABHD10	8347837.66480629	0
CACNG7	22533605.7135388	0
CCDC69	0	3884533.12480089
TMEM200A	22156264.4742178	0
CLDN3	0	0
ZNF211	0	0
LEPROTL1	0	0
ATP13A5	2753982.44339094	9368735.64651049
0	0	0
MLLT3	0	0
DMPK	0	38500081.5961188
LGSN	0	45853138.0693342
ZNF549	0	9701118.93666283
APOLD1	0	0
TOMM5	0	15423926.5980247
NDUFAF1	0	0
DRAXIN	35136385.3476235	0
RBM24	2041743.54399683	0
SCART1	0	6758717.69672739
MEAF6	14478258.9521401	0
ANKRD49	0	31548244.6368224
0	52846089.3808783	0
CCDC122	1313822.95566417	978664.350021172
SFRP5	4504695.8536226	0
LRRC37B	0	2356080.66305524
CRIM1	0	9300468.78771016
MT-ND2	0	511598357.270432
JHY	0	0
BDH1	0	0
IGFBP1	113371054.301212	118014220.695312
CAPN5	4415029.92447588	6661613.83090297
MAD2L1BP	0	0
PARP11	7349375.74690679	0
AK8	0	0
0	0	0
MAOA	0	3470414.80785378
RHOV	12465065.1116705	0
BIVM	0	986218.507798234
ATXN7L1	0	0
CCDC34	0	0
DLG3	199816.862769472	0
MAPKAP1	0	0
CBY1	0	0
CDH15	0	6911034.9418733
NDUFS3	1549368.63747688	0
GABRG3	21510961.5967423	5497267.78501106
LIN37	0	13050139.3762259
CIBAR1	0	13471718.8500997
ASB7	1284345.56725046	0
MR1	100542169.877954	0
FAM13B	0	5378806.32329582
TRMT61B	14765321.9775629	5208406.24353873
CYB561D1	0	7044375.90527793
ABCG4	620505.837745937	0
TRIM13	0	0
SYNGAP1	0	0
NICOL1	61270472.0219262	0
HYAL3	434219.619628201	1505770.98352519
HIC1	7448403.04745035	0
SLC5A11	0	37084232.9144438
EVX1	3946046.39618053	0
SLC27A5	0	13517895.8622517
HMGN1	4978787.10682512	634052.109951787
DUXA	0	33529034.5049293
NEK11	0	7468610.59839137
SCUBE1	11473911.4088566	13212738.8744289
PDCD7	63318848.3356213	0
SLC17A9	3547504.5666477	2875116.34353654
KLHL29	3852912.18241856	8321478.76850444
MMP11	12230901.5140237	0
SCLY	0	0
ANXA8	0	7071305.03017345
BEGAIN	178679639.783107	0
MRPL48	0	0
TRPM8	0	0
CRABP2	0	2299824.09696463
CHST11	75513032.928712	0
GLOD4	0	0
STYK1	63705159.6310957	0
FGF21	154105163.565354	0
SOX2	17683453.5926804	0
ADAMTS5	245414.829923637	0
AQP3	184549.194729767	0
MT-CO3	0	0
NAXD	355528.827049308	0
SYTL1	20652686.6499479	0
ARHGAP22	0	1705025.80984908
TTC9B	70314180.1406079	0
SGPP2	0	0
FAM199X	12041685.724336	0
RNF149	0	0
PLXNC1	12290739.2347218	0
CCNG1	0	0
ZNF830	0	0
CREG1	0	0
ING1	0	0
CFAP299	0	7342017.59276492
IQCD	0	702202899.903391
DCAKD	0	0
COQ3	6713687.20609162	0
ZNF449	35035099.6791668	0
KIAA0825	0	0
PGAP3	0	1122357.45330827
NHLRC1	2061674.03283965	0
NDUFB8	0	0
MXD3	0	32116276.27101
RSRC1	6665029.85131847	12401359.0723884
ORM1	1595937.48919377	0
IFI27L1	0	0
CDCA3	3999265.34874208	165274888.979232
TGFBR2	0	1040412.31174417
NBPF3	30500146.419309	0
MCF2L2	0	0
0	0	2730063.82052948
MMACHC	0	2419884.24675858
B3GALT4	0	7089661.64478693
CCDC127	103504034.197159	0
ZNF599	6002909.444009	20350306.5044353
RTL8C	12316938.4373826	0
ARPIN	622907.617781848	11053330.0963501
OTX1	0	0
PNMA3	1860199.48878723	0
TST	0	0
GRM4	23095468.0977465	0
HOXD11	0	0
OAF	0	21004857.6483918
MRE11	1670388.6984726	0
EPOR	3729232.05904878	0
CD47	0	0
DISP1	21561031.1302797	31834176.8790204
ITGAL	0	0
SLC24A1	0	0
E2F2	46935632.2383279	0
CBR4	11464173.5505852	0
HLA-DOB	5398225.67974719	32471119.1108139
CNPY1	4425741.95579292	0
MKKS	8172045.12659259	0
ZDHHC8	0	0
PEAK3	10543590.0780578	1818663.30615505
SYNGR3	0	25980125.1332841
ZNF491	0	0
SS18L2	0	10212142.057854
WARS2	334895.883503234	1569471.08855605
ZNF134	211657.362625412	208051.503291604
GRTP1	0	0
PMVK	0	618405.827703762
SFT2D2	746796.813847693	5027671.01673108
JPH2	0	0
NFKBID	0	0
ZNF582	0	0
CD1D	23586216.4694147	0
RGS19	0	0
SEC16B	0	0
ABRACL	0	0
B3GAT3	0	1414582.10561755
CCDC28A	0	0
SRD5A1	0	5827392.97727821
ZDHHC3	0	0
MTFR1L	213769.326602498	0
INPP5J	16055384.8022109	1115233.58015393
SIM2	0	0
NMES1	0	0
APOF	3964941.35701256	0
ANKRD13C-DT	2389297.63971524	0
TET1	1367900.67958205	0
EPB41L4A	8306942.56450427	0
GTPBP6	0	0
MZF1	0	18475961.7983437
HLX	146252009.339861	1909584.00632269
TNFRSF11B	0	0
ARMC7	0	15223393.062602
TSTD1	499170.171171755	0
IQCC	5009954.09562096	5337107.72286825
RRS1	0	192065.157593908
CDKN2AIPNL	5231642.88620793	3939161.90699774
Mgu	1840313.01355103	4667932.38535313
TBX5	11882092.1899804	0
C2orf72	0	0
TMEM37	0	7335942.01756312
IWS1	2057267.22650586	106557712.944897
XAF1	0	0
DDX23	0	0
ABI3BP	0	0
SLC7A14	0	6441284.81242136
NECAP2	0	16090003.2512533
C16orf95	1146076.80107435	0
NHLRC4	0	3577641.67686767
EMC6	0	8612949.28711225
ORAI1	1290703.29107228	80229192.2281277
RIDA	0	518787932.530801
ACBD7	0	0
ANKRD10	6366377.115904	0
SRP14	0	383688262.882849
LEAP2	3692224.90830486	6720517.72641841
GALNT4	1098665.12669697	0
SFR1	0	0
PZP	88121247.3318395	0
LIN28B	0	0
RPS6KL1	9594883.41166761	0
TMEM218	2682656.35964142	5807051.52354944
SLC11A1	9700522.93605126	22652635.8768714
ALKBH7	0	0
HGSNAT	0	8149753.80010345
SERINC5	43308046.032107	71702824.5516055
ACP5	14560689.0521092	0
LRRC38	9116693.2409276	0
PNPLA3	5499898.26320909	0
SYNGR1	0	0
JAZF1	0	0
MID2	0	0
AGBL4	0	0
PEX11A	0	5407638.73983793
MRPS23	3321125.33313054	0
PABIR1	0	0
TMEM59L	36829156.0471093	0
POLR2M	0	3915254.69919119
PRPF38A	0	0
CRCP	35850475.7179264	6538256.40843993
ADAMTSL4	2885434.64424821	0
VPS37B	0	0
GPD1L	8597563.16746793	0
ABCD4	18825255.7413289	0
ZDHHC12	0	0
ZNF398	0	0
ISG20L2	42019356.5853921	0
PADI2	2106050.84886238	0
PLEKHB1	0	6043498.74961856
DUSP13B	0	0
AK6	0	290636.808946535
FBLN5	11227124.2455827	0
TRIM17	1527822.40164487	0
CD59	0	3532234943.47144
MMP7	0	0
DISC1	164547705.097558	0
PIGC	0	0
SERPINA6	0	0
RNF152	0	2467262.62596957
MOCS2	11448783.1717901	0
PPM1N	7747870.41287376	0
MB	0	0
CEP43	0	22074938.0513835
TMEM101	0	12137041.9796242
ENOPH1	0	3290718.82092541
ATP5F1C	0	0
EMC10	0	0
VWA5B2	0	7332181.13323922
0	0	0
AP4M1	40142591.9777625	0
ALDH1A1	1024323.11690597	0
ZNF577	0	0
PLEKHF1	0	7587464.11688682
0	110448338.962919	0
ZNF490	47918340.3471396	0
CACNB2	0	1191151.89525331
MAN1C1	0	0
ZFHX2	129128.03050119	0
RGS20	33687857.0131088	2502707.18030808
C8G	0	42193097.8556702
ALDH1A3	4906510.45563973	1238585.27377223
0	183540578.665764	0
ECM1	1843246.08464334	0
LRP5	0	0
SMDT1	0	0
CASP6	0	17580860.7062452
SDF2L1	75165969.0379395	0
DFFB	0	51323006.4394881
IGSF11	3533872.90894012	30944893.9166934
LAYN	16434226.0496821	0
ADPRHL1	0	0
RNF126	3744735.83814231	0
PCLAF	42451330.0009847	0
JAM3	0	2471146411.47918
MACROD2	0	0
CA4	28491576.6676054	0
SPPL2A	1704353.42592638	25391986.9284356
CACNB3	785557.255895656	0
ZNF37A	0	7057405.60621006
PRKCH	8832210.69704944	0
DNAI4	0	0
PIWIL4	0	729873.183681565
XDH	0	0
CTNS	0	8193407.121416
TH	0	0
TMEM60	791814.099650044	16566168.8766358
AK7	0	2889083.2646648
ANKS6	0	1238884.01647515
EFNB1	482986.177729659	0
RPUSD4	0	12729312.4652592
GPR143	0	0
ST3GAL3	0	18934634.6210134
RELN	36856970.3402947	0
FAM3A	0	0
ELL3	0	5369619.00434632
MTHFD2L	4954280.08165649	0
FOXL2	0	0
TMEM222	48438442.6412084	170903602.766865
ATMIN	0	1846649.46688355
AZIN2	0	4636289.70746251
SCD5	36133529.469664	0
MATCAP1	0	0
PIP4P2	0	9338563.42301692
0	0	0
QTRT1	0	2469400.31497219
0	0	0
PEX11B	0	0
GPX1	3614800.52394871	14311569408.107
HHEX	9947420.81843069	2435759.62111261
CFAP54	392684.622812194	0
DNAJB2	0	0
ZNF75A	7240712.34353315	0
EMP3	0	0
CENPM	0	0
HDAC10	0	38101092.2850463
YDJC	0	518848564.041886
ASDURF	0	0
STAC3	0	10565897.6849924
NPY1R	183452116.186813	0
POLR2M	0	0
BAALC	12348473.831486	0
NUCKS1	1936129.11580754	4231434.02916985
KLK1	0	29308043.5302908
TTYH2	1976916.54191081	0
IRAK4	3024176.31031221	0
C1QTNF6	0	3102585.79871895
PXDC1	0	0
0	371974613.260746	1738208.92175318
SUGP1	0	0
CEP15	0	4172113.75406712
C2orf69	0	0
C6orf141	0	0
ATCAY	4269903.21357334	0
STEAP1	0	0
EIF3J	122984482.66859	0
SLC22A23	0	7357790.33392381
BTN1A1	0	0
RANGRF	6623133.53047579	0
LTO1	0	8602157.22356124
ALDH6A1	0	39359897.728005
NEK8	0	1282800.42954731
LIPG	428686591.964093	234801.659068429
SDC2	160590559.803341	0
DHRS12	0	0
POLR3G	0	4137246.89729808
MEFV	0	2060620.50347018
ADAT2	0	0
PLEKHJ1	0	0
BOC	0	0
CBARP	940408.794228689	0
MOB2	2187312.46018986	6462333.61287075
EXD3	0	23796765.7953555
PIH1D1	1342032.24461627	0
ARHGEF25	7748191.1501691	0
KHDC1	44577417.1337407	0
FAM149A	36889345.7601802	0
DHRS13	99351323.3518387	0
LGALSL	848167.593687611	2457675.72498177
LSM3	0	68171280.2728682
ACSF3	0	14606839.6200268
STOM	57276476.1079282	80077816.1201232
BGN	66178.7832432176	0
MALSU1	0	536865.323749315
LYRM4	0	7273810.06998757
S100A16	0	0
KLF15	34936230.580453	9306190.48639366
MEGF6	0	0
MIS12	0	0
C1QL1	0	0
CLXN	0	0
PRTN3	0	3542406.75739547
CNK3/IPCEF1	0	525920.401616926
DOLPP1	17131734.837198	0
OXSM	0	0
SLC35F6	0	6155934.61731169
AVIL	38408644.8354768	818066.799877472
MTARC1	8550462.84821023	0
C5AR1	6337990.08107663	0
DCTPP1	480383049.339084	0
VWDE	0	0
SORCS2	85522912.3537998	1752525.68991311
ST7L	0	0
HRH1	32088431.8277706	0
MESP1	687123.178539981	0
CA11	0	991746.618781549
PRXL2A	110423989.715484	0
ZNF594	1755342.91662528	10638080.9548625
TNK1	4769174.81634802	0
IL6	0	0
RAB26	1024297.46417326	2297084.58764947
IL13RA2	0	0
NIM1K	2104152.49914773	549175.76690292
SNX11	0	1569780.78209254
RSPRY1	109952278.390592	0
C8orf33	0	5740896.49862627
NDUFV2	2798963.07342766	0
TXNDC17	0	2049487.84569271
ZNF559	3987762.69617986	0
NR4A3	0	0
RETREG1	8122368.29432573	0
NRXN3	0	0
ZNF891	0	0
CLC	0	453955.465434322
CDC42SE2	0	0
STX8	0	0
TMEM117	125429074.064032	0
WSB1	0	6469632.74495243
0	45265914.5765711	9389245.85512714
GPATCH2L	0	1163869.98340692
FGF5	0	0
HMBOX1	0	19677521.8694782
SRRD	0	0
TMEM208	0	0
ADCY1	2768103.89110341	0
MEIS3P1	5268131.8023564	0
CSGALNACT1	0	3401630.68515649
KCNAB3	0	0
SEZ6	25185659.6874999	3675431.8452066
RIPOR3	9106413.77024463	2758572.75875553
LRRC75B	66473088.3895667	0
BAHCC1	0	0
0	0	0
EEF1AKMT3	0	0
URI1	0	0
DERPC	9817216.6520869	0
CTCFL	0	11501367.4883939
IMPA1	0	0
ZNF711	0	0
DNPH1	2890820.50024242	5678539.55513996
NDRG4	911540.279749565	8983126.41687749
C11orf24	0	98573319.8208775
NEMP2	0	0
CTIF	12528345.5198413	0
GADD45G	0	0
PIK3IP1	0	4402519.46602133
ZFP64	504518.386371156	0
TXNL4B	0	0
ZNF385C	0	3041110.88442252
TMC5	0	0
TANGO2	155177593.135124	0
ARL17A; ARL17B	2908004.37934198	0
ANKRD62	0	26526987.2526209
RNF185	0	0
WNT11	24508729.3699639	17528288.8714485
FRAT1	0	0
ARLN	241505515.280505	7955610.04719241
NTN1	2049995.92607846	0
ATP5MF	0	0
P2RX6	0	0
CD81	0	0
C1QL4	27737542.0595755	0
NCF4	2158552.47129803	5839178.99793849
ASPSCR1	0	0
GVQW3	41440557.2859689	0
POLR3H	0	6397881.2186728
BBLN	7727085.48807092	8876211.85372611
IGFBP6	10922623.9785429	0
TM2D2	0	0
ZSCAN25	0	0
ZDHHC2	8740400.03755048	0
TMEM126A	21533022.5487266	0
GFI1	5389056.10279622	0
DPM3	0	0
B3GNT9	0	0
IHO1	0	8047445.27254563
CYB561	0	603103.622859692
RPS19BP1	0	12031018.5287913
SHISA7	2235384.1973215	0
NOXA1	1550144.18995577	0
THYN1	0	12604857.4725084
PBDC1	0	0
LPCAT2	757851.052466762	0
0	303387174.691631	0
CT45A6	0	17270232.3562443
RNF138	0	0
TINF2	0	0
DECR1	0	0
MROH8	32341363.3788153	0
ING2	0	0
MDM4	0	10614919.4294176
MARCKS	0	0
RAPGEF4	12315861.0350862	0
TATDN2	8831428.96918075	0
C11orf54	11500733.8052763	0
FDXACB1	0	0
LPAR2	31946939.5131133	0
ESRG	9375212.62671497	4347432.37534518
AFG1L	974411.284083929	0
CSMD3	5107449.55924184	0
PEX16	0	0
APCDD1	32365964.1146914	0
CTAGE1	71070945.5256305	0
SFMBT2	0	0
GLRX2	0	0
GLB1L3	0	0
MSI2	0	0
MOCS1	0	0
TUG1	19538255.6076817	0
COX20	0	9775743.97654823
LIN52	7305064.9699587	4484901.63260177
LRFN4	0	0
CLN8	0	0
ARL5A	0	3470943.74633543
FNTB	0	17226936.6210202
DENND6B	1440790.36400329	0
NOG	0	0
GLI4	0	0
CTSW	0	0
CACNB4	0	50086205.9516668
SLC6A17	20925078.7705472	0
KPNA7	0	4233995.50329851
OAS2	0	1872144.31133044
EBPL	0	0
CD83	0	0
MAPK11	21222355.4527818	0
LRRN1	0	3181983.90557421
NRN1	11183632.2097113	0
SPNS3	906714.192390855	38635539.1229997
SMIM14	278932129.223448	0
AUNIP	6088322.19533872	4658806.1530333
LGALS9	0	0
SLC25A53	0	2634396.26207432
0	20962213.2603007	0
NR5A1	33491178.1769662	0
0	0	14588795.4341879
ENDOV	0	18047370.0189101
NKX1-2	4398689.46632127	0
RPIA	3197919.60400774	0
CTHRC1	0	6370617.77487606
ZNF114	5359138.01636857	0
FAM110B	55195881.9840734	11017587.9039859
ARFRP1	0	46178380.5430253
MRPS11	23125417.7536944	0
SLC66A3	0	0
RNF220	0	0
CECR2	0	0
ANXA3	0	0
FPR1	0	0
MOSPD3	0	0
ZNF580	0	0
TMEM74	21249468.0397253	780471.145990988
TRIM55	0	0
AHSA2P	0	4634092.46814461
PLEKHH1	0	38195677.1396352
CYP1A1	0	2438828.11994832
0	1013961.52397095	0
TMEM156	0	0
SLC50A1	0	68704780.2311851
DSC1	6436289.25977943	11920825.2503094
ARMC2	0	25360717.4096791
SELENOK	0	0
SPATA2L	0	53029614.5032044
LTBP3	14584359.9873217	1871752.13721773
KCTD18	0	5567637.40004975
NUDT3	0	0
SKIDA1	0	0
CNKSR2	0	1454434.32301109
CLNK	0	4774146.58562965
RAB34	0	39199272.0412774
MAP4K1	0	0
CD151	0	0
IQCJ-SCHIP1	4905878.13805254	0
RASL11B	0	0
GIT1	0	0
BEST3	0	0
CDK5R2	3490531.42141677	0
GLDN	6563934.10618439	0
DET1	0	0
AIDA	0	0
ADAMTS8	1484415.56188165	0
NUBP1	4072683.6002117	0
DNASE1L3	0	0
CRACD	0	0
OR51B5	0	9182821.46915431
RASGRP2	9888898.78030675	0
CD302	0	0
FSAF1	3197782.52408056	0
PNPLA4	16746789.317658	2083579.55144358
NALCN	0	1483648.27088306
EVA1A	0	794410.292030475
IKZF2	0	7667067.46724558
MDFIC	0	0
LAPTM4B	0	44042810.3496986
DNAJC4	20844888.4126066	0
RNF170	0	0
C16orf46	0	95947.8625575534
SCGB2A2	0	0
SLC4A11	0	32162593.2153447
AK9	10371373.8249758	0
ITGAD	0	2031037.91966966
PRDM9	7046975.25416193	0
BRI3BP	0	0
SLC25A21	0	9338805.60458271
CHMP2B	118890914.89237	0
LRRTM3	0	29640376.1919092
SEMA6B	0	6999105.12358139
NINJ2	0	0
FCGRT	6048791.35355722	0
LSM11	56723117.6982931	0
UMODL1-AS1	0	0
SNX10	2045049.62408841	22299592.5111059
ENDOD1	1920643.14298805	0
UNC5C	6604109.55527418	0
SHB	0	0
BDH2	2274564.5114584	20453585.6275107
SNRNP48	10960135.2823005	0
PMS2P1	27813225.0478426	0
BCL2L11	12756323.7979976	0
ZNF768	0	3630806.37857539
ATXN1L	1095317.62202886	0
PAK6	364512.035187361	1027049.96315636
RHOQ	241204.755779587	0
OR6C6	16003741.7939246	0
NEURL3	172605.650668337	0
PLCD4	0	18534283.5810935
CHRM3	5378110.67809599	3264012.95611911
ZNF586	0	7266179.99736571
CD320	27167256.8420381	0
IL17RB	7242339.84772651	0
CCDC120	0	0
CASP9	0	0
LNPK	21828786.8722577	4292086.21979529
DACT3	552525.413102775	0
VDR	0	0
CKLF	0	26951623.0787506
SZRD1	0	0
A4GALT	85039531.7045862	0
0	0	0
MRPL11	0	0
TMEM119	0	0
KCNF1	12548164.387462	2473127.27221149
MIPEP	0	0
FKBP7	0	1975258.23753608
ZNF536	448374.907685371	1916312.66222559
CIART	0	0
ARID3B	887275.340386559	0
SERPINC1	0	0
PRB2	5242024.98758607	34846903.1321776
RELL2	142630435.892303	0
SPRED1	0	0
PTPN18	49677975.1535112	0
B3GALNT2	0	23418914.8343411
PRDM10	329403582.741046	0
FAM222B	0	0
SLC45A3	0	0
RASSF4	0	0
SHISA8	8424128.22280594	0
CCNC	0	0
SYPL2	3865038.3935383	489088.48092203
GINS4	6406210.38240314	0
EIF4E2	0	0
CDHR2	1151633.35137256	0
PRRX1	0	0
CMTM3	4575694.57823866	2508028.43653737
0	681393.190896943	0
FAIM2	2760964.7985035	0
LINC00269	0	0
CAVIN2	0	6818057.65522575
TP73	58187065.693599	0
CPAMD8	1647699.7659176	0
ZNF286A	1569144.2114145	9636595.52900974
VIPAS39	0	2439638.36626016
BRINP1	412546.908961087	0
CCDC9B	0	0
MISP	1522965.80260411	3107956.42126513
ZFPM1	0	985691.773029342
0	1172676.1680544	0
0	2002770.01447525	0
ACSF2	0	0
TMEM176B	1668531.57033743	0
NDFIP1	0	3246170.55979109
XAGE1A; XAGE1B	0	0
MAJIN	0	19969050.7037638
C1QTNF4	0	0
REEP2	0	0
PLA2G4C	0	0
RIMS3	9136704.26037173	0
LHX1	3823132.70387861	3377040.21778648
TBXAS1	96420210.0762275	0
KLF13	994942.454418614	0
IL10RA	0	0
SLC29A3	0	0
TRA2B	0	3125091.09898282
LAMC3	0	0
ARHGEF5	0	10779882.1849179
SLC17A2	0	0
HOXD9	0	0
SNIP1	0	0
RNASE4	0	0
PPIC	0	723456.360071416
TRPV4	0	0
TCN2	0	0
FUCA1	1575369.31479558	0
HAS3	0	0
TTC32	0	0
SHFL	1010103.84393989	0
MSRB1	37447717.4015913	0
AARS2	0	193686.711574944
MLEC	0	150668.183779895
FOSL1	0	0
ZFYVE19	0	0
HIRIP3	5495664.43202733	944165.459991891
COQ8B	0	7717429.64406804
LBP	0	0
PRADC1	0	7710374.87869179
TADA2B	5478903.47412318	16334714.0672802
TRIM46	0	0
BTNL9	16057612.7515412	0
PGPEP1	4953657.56957492	0
GPRC5C	35880680.2411208	23319865.4451318
QPCTL	0	10952170.0005124
TMA16	0	911349.610980505
CD2	13740100.7530097	0
LINC02693	4037535.48918303	0
SIX3	1108281.42132067	0
ZDHHC14	0	0
CDH11	119275265.264084	0
PTPRA	0	0
KLHL30	0	0
IGDCC4	5106404.014543	61941102.2797054
TMCC2	0	1377663.88688441
RMI2	43405303.0689633	0
TMPPE	0	4585297.34353062
IGFBP4	0	0
0	267809717.003115	0
ISLR2	6433563.10025936	0
FPR2	261202.696453682	17349267.5490513
CPLANE2	0	0
HOMEZ	0	0
GTPBP3	0	0
IRGQ	0	2272831.32776456
PTGES3L	12184055.7781316	0
RAB38	0	7664581.93921477
NPW	77089719.1117761	10945169.6527758
KCTD19	0	0
GPR157	1957700.05272927	0
ANKRD34A	9161462.12451777	2622346.70976457
KIAA2012	9648259.75383667	0
NRIP2	0	0
VAMP3	0	7033351.45491076
MPO	0	14040424.6082819
ZBTB47	0	0
TBC1D28	303672.212314661	59340146.4094229
STX7	0	0
GTDC1	0	13282623.9792536
ZC3HAV1L	0	0
SAGE1	0	6835003.57517705
PTPN4	12622457.0371505	0
TAFAZZIN	0	3156968.63302379
GUCY1A2	0	31566623.9752157
DACT2	2188616.17924978	0
LAPTM4A	0	49687996.5518134
TTC39A	0	0
FAM181B	250626.145484907	0
RYK	0	49186037.4602049
FBXW2	1860612.07845153	1522069.65924375
AMMECR1L	6310439.83345266	6261463.60613046
PFDN6	0	18113415.432644
CEP83	0	0
GALNT10	0	6004460.33378102
DNAJB11	0	0
STOX2	1166615246.12601	1661106846.56483
SEMA3B	16476155.9546845	0
GLUL	0	0
THAP8	0	11228609.8182607
MICOS13	0	0
TSPAN19	0	11407340.7370171
WBP4	0	0
ZNF862	0	0
STK33	1501275.91040931	4275587.02183698
ISCA1	12634937.8228772	0
GPR171	0	0
0	0	2297484.01060813
NAT16	0	0
DNAAF4	0	4867643.27270088
RIBC2	0	0
0	96869344.3096202	0
DCAF4L2	0	596248018.889352
MFHAS1	0	0
IMPG2	0	8131527.43777254
RNF24	0	0
FAM90A10	0	0
CFAP206	0	0
CCKBR	411965.275771252	0
GALM	51811248.9104129	0
PCNX2	4005867.89396079	0
SPAG7	0	135445486.615772
ARHGAP6	49565934.7536297	0
SMCO4	3502258.50268084	1025702.64390472
GSAP	0	0
TSPAN7	0	0
RFLNA	0	0
ZNF687	2129058.07124461	0
ZSCAN22	0	7139750.33677053
C19orf53	0	4792575.02822195
KSR1	5695713.73630913	0
GPALPP1	0	0
ADCYAP1	8768676.41182648	0
CCDC137	0	0
SCAMP3	15311870.9712131	0
ZNF470	0	0
TPCN1	183967799.552936	0
DNAH1	0	0
SP2	266512.239583115	0
0	34890315.0293578	5225670.16951492
ZNF428	152080558.990244	0
KIRREL2	36441398.9339412	0
GUCY1A1	0	0
MCHR2	0	0
0	9234712.37786776	1403561.92303697
COL28A1	0	0
ZBTB24	0	0
COL17A1	0	0
PPT2	0	0
TMEM273	0	132020202.24806
SDHD	0	0
NFATC4	0	0
METRNL	0	11490795.2025185
CD96	21333437.1979891	0
PRR4	3797830.37024178	0
ZNF684	0	0
CD164	0	0
RNF144B	0	14184557.1351585
PDE9A	0	0
VMAC	6719396.27889334	0
RYR3	0	39689952.4422582
HBQ1	0	9979318.20620297
TMEM108	1316889.94676569	0
FABP5	0	0
PPP1R11	0	22215794.2998151
HEY1	12942085.7574684	0
PITPNM3	2251247.65068203	0
TNFSF13B	7006798.31833623	0
SLC30A2	8566721.93084341	7904228.64701229
LRRC37A2	677191.451404246	0
SLC5A2	10925101.75992	0
INPP5K	0	0
C2CD2L	0	0
TMEM143	0	0
TBC1D12	0	0
ACSS1	3268344.89023081	0
LRRN2	15944110.1966804	0
IKZF3	4780874.22171782	0
CNTN1	0	0
NMU	135624293.476057	0
C1GALT1C1L	0	0
NRAP	0	0
SEMA6A	337341.279052185	0
CDH22	1260961.03466892	7250818.05307506
CLCNKA	0	22982923.0765986
SLC25A1	0	0
0	0	0
TCEAL8	32168860.8242425	4516843.70836302
ZNF296	66854694.6380484	2224292.39421538
APTX	0	0
TOR4A	0	9027657.86084144
MLNR	3226300.07509295	5913360.71363613
SLCO1B3	0	6733788.72176217
FREM3	10742024.1572901	0
SRR	18859246.379523	0
CDH3	5602932.49740949	0
IGLON5	36626412.4818806	0
GDF10	0	0
PDGFRL	17116815.1548457	2535158.987637
IRF8	6686758.72118424	0
ABCA10	0	2267217.5795591
NPAS1	0	1840561.90013286
TMED8	0	0
SPRY4	2889463.85011708	0
FAM219B	5514664.39440878	0
RHBDD1	0	0
SPESP1	28275129.5425834	0
EFEMP1	816417855.954285	72936252.9211806
ZNF839	14339576.282943	0
HSPB7	0	0
MFSD5	0	0
MAZ	275025144.069233	0
ZBTB12	0	0
PGLYRP2	323647.015817548	1236871.1277911
JMJD8	693599928.892893	0
IL10	0	5054499.7308168
ZNRD2	0	1830125.55539883
SP6	18976265.0454587	0
GCLC	6041882.52556982	0
TYW3	0	6152949.38109075
DEPTOR	472059697.619809	0
PTPN6	984811.530642375	0
ATP6V0E1	8254403.58470072	0
DCN	4923095.95815385	1879231.04790694
GAREM2	51131966.3912147	0
RAB5IF	0	355134.473789324
0	183906541.75651	0
BLCAP	110564656.728619	0
0	0	314928372.065046
DHTKD1	0	0
0	0	0
EDA	1802777.00760381	15573383.3572545
SLC32A1	0	7775799.93012891
TSHZ2	11955492.0583814	0
MRRF	0	864812.8615943
SH3BGR	0	0
ARHGEF33	16846625.0297832	0
PCDH18	0	0
KIF9	0	3445754.94770966
LAMC2	0	0
ADGRF2P	0	0
TRMT2B	5602579.5574741	0
0	0	133527465.7072
MGAM	27976860.7472481	0
KIAA1549L	25779429.8324252	0
AVEN	0	0
CEBPD	9873739.12933939	0
REPS2	0	0
GLMP	0	0
SLC66A1	0	1351201.12635785
NDUFA1	0	1788396260.76662
LINC00587	0	52984341.6267487
TMEM140	0	27973866.386991
TMEM230	0	12583224.7523889
NR6A1	0	537151.702236287
GCHFR	0	0
OTUD3	0	0
0	0	0
FKBP2	0	0
CZIB	0	0
PEX2	0	0
IL11RA	80032702.9040602	0
GFER	24436499.5277286	0
TWNK	0	0
METTL21A	0	7348151.34130384
SAYSD1	4819497.919829	14878497.9863011
JAGN1	18613658.6530446	0
SERPINA4	0	0
SCARF2	0	0
SPAG8	0	12164775.3074441
RCAN3	0	2378984.91219439
SGCA	0	27676802.2335088
DNAH9	0	0
ZBTB3	0	0
SPOCK1	1837054.71592147	17720999.2310749
PLCH1	0	0
CENPBD1P	0	0
STK40	0	0
EYS	0	15604707.327001
PTDSS2	0	0
FOS	1272517.44223643	0
CBFB	455100.591543689	0
KCNJ15	0	6483817.00063484
CAMK4	5970069.82765239	0
CUTC	0	0
PUDP	0	0
C14orf93	0	0
ALDH3A1	0	2894147.28666605
PFN4	0	0
FAM136A	18169770.4197903	0
FRMPD1	0	0
FABP6	0	0
COQ10A	0	10723462.9189506
LPAR1	7621172.76158511	10556252.0241631
SLC25A43	0	2872794.36713738
ATF2	43643002.8877609	0
CILP	0	1168813.71331798
DCUN1D2	0	0
RAD54L2	0	0
FGF2	0	0
MYLK4	0	0
TESK2	0	0
BPIFB3	0	0
PRSS29P	13163259.8369256	0
COL3A1	1336703.7530822	0
NOD1	2708799.77004874	0
DNAI7	0	0
TSNAXIP1	2756232.95715511	2189882.67042828
MBD5	4080132.59884745	0
SOWAHA	4163215.87082089	0
DNAJC12	0	10147932.1164246
KLF11	685067.6262359	0
GM2A	0	511373269.717708
C2orf81	0	1099853.92882238
0	0	0
PRDM5	0	0
GPC5	8597158.30856521	11755726.2856188
CSAD	0	33550973.7892175
EFCAB12	0	398547.225320853
TLR10	0	0
ZNF438	0	0
IL12A	0	149504215.403947
MARVELD1	0	0
HTN3	0	0
CHST7	0	0
C11orf98	98843872.9138988	0
TRIM43B	0	12553092.3324537
TYMSOS	755154318.307367	0
OR5A2	0	11928656.3467697
SCUBE2	7384665.0102925	0
PLGRKT	0	0
MAGEB6	0	8603896.27028055
CDK20	0	0
PSMG3	0	0
NAALAD2	0	0
FAM174A	19811760.8795859	0
NPM3	0	3809165.69036998
NXNL2	0	0
SLC7A10	2499444.55261102	0
TMEM168	134969788.525846	0
GPR85	15242866.1652214	0
FAM47C	981985.597354913	0
LCT	0	0
TFPT	734902.108048911	0
BCO1	0	8681442.82695657
KCTD11	29508023.5571473	0
MUC12	0	0
MC4R	0	11014490.2299517
ANAPC15	0	290564.535132241
KANSL2	3904446.98000585	0
PCSK7	0	0
KXD1	22831055.0480149	5335870.88368932
IFNGR2	0	0
VGLL3	812392.909001091	3987682.42657532
MAX	3134738.26233183	0
OSGEPL1	0	7076627.15943787
SLC17A7	0	0
FRS2	3127373.3768317	0
FAM229B	12463212.0907301	13341830.3637265
MAP3K10	119355481.485443	0
ZSWIM4	179848.857241167	0
WDFY2	0	2959407.59371229
ANTKMT	0	0
DBNDD2	22523474.9263617	0
ZCWPW1	0	10015860.4003406
ZNF696	0	0
ATP11A	0	8839980.30063901
WDR31	0	7938316.87184753
MSH5	37430602.1493655	0
PHF13	0	25318121.8777283
FAM107B	22121772.5105012	0
LXN	0	1912735.9403461
DKK1	4480963.56888934	4980218.31262123
MRFAP1L2	0	0
ZNF169	1992531.3607875	0
MAMSTR	0	9059530.10971363
SPEF2	0	0
ULBP3	24895703.2389145	0
SEMA4A	0	597873.088457541
TMEM63A	0	0
CCM2L	2474429.56868739	0
ADGRE2	0	0
ZNF581	10872267.4266793	0
NXT1	0	0
TBXT	1613870.40159221	0
PTMA	0	0
AKAP7	0	0
EFCC1	217598470.927609	0
NRM	121624313.213149	0
FZD3	3025344.4994539	0
GPR162	34816327.0472383	4822089.89989781
MEA1	0	0
ANOS1	12578413.9006216	0
FAM200B	0	0
SREK1	0	6717299.01037641
ZDHHC6	0	0
THY1	0	0
CASP10	0	0
SH3BGRL	0	8041342.45013518
REX1BD	5748578.3049528	0
COLEC12	0	0
NFATC2	13862743.7544042	6447800.54526352
MATK	0	0
MMP25	16519623.7066792	0
SLC31A2	0	2911745.92463099
ARSG	0	0
CPNE4	1124058.2525033	0
GPSM3	96680208.2943775	0
DPYSL5	322929.784765883	0
VWA2	7372697.23575404	0
TLX3	33571844.1691006	0
PPM1L	0	2882960.02487356
ARK2C	0	0
SPRY2	0	0
CCDC27	0	4950480.08908672
HLA-DMB	0	0
MMP15	1871596.31664252	3640184.15003509
TDRD6	0	13348239.4729067
CYP24A1	0	0
GPR35	0	263356.163979261
RGMB	3962995.3558243	0
FAM131A	5178412.5525799	0
DUSP19	0	0
FBXO27	0	122282453.04305
ACAD8	0	0
NUDCD2	0	79959995.5530507
ZNF219	20232903.837441	0
FNDC8	24856724.4040267	0
ENTREP2	464023.63045955	0
HAGHL	0	31661033.7471591
MAGI1	4917025.61913535	0
SPATA31H1	2909642.43863512	0
ARAP2	0	0
MYB	27865493.8035257	0
MUS81	1730476.27660071	0
CXCL1	265105466.76015	0
POLR3D	0	3086521.63087757
0	0	0
ACAN	1155317.23687533	4047406.13570014
PIGP	30209659.3934914	0
DNAL1	0	33429437.2994577
GPATCH1	3077327.71370216	0
APBB3	18996002.7879618	0
VAMP1	0	0
C2orf68	215036661.613339	0
0	393280738.86763	0
ADA2	0	11560678.4071631
PYCR3	0	0
SQOR	0	0
SSX2; SSX2B	0	0
HARBI1	13265518.7174078	2810283.75714482
TAB3	0	0
SH3RF2	0	21370947.7344735
ZCCHC7	0	2712887.18479437
PLSCR5	0	0
SLC18A3	328681.395461175	0
TMEM263	0	0
RNF14	0	933249.41306621
EXPH5	96980543.0751461	0
NOL4	53770287.5732035	0
MRPL3	6256045.34615057	0
F13A1	15672687.3061532	0
FA2H	3411533.04288796	0
BCE1	5298769.85000727	0
CCBE1	0	5677718.87730454
HOXA4	3531893.35918563	0
TMEM184C	0	0
ATF3	0	0
SLC52A3	436044.125664619	900097.591432401
IL21R	0	928720.783635717
UBE2I	23341991.1988273	0
IL23R	0	0
ABCC6	0	1996850.66872397
CHCHD4	239224.926493855	2478248.65987436
PET117	0	52556950.2890784
MPPED1	32254502.2244628	0
AGBL1	981083.827595649	5216437.99254542
PKHD1L1	0	0
PTGER4	5382145.39748304	7470228.82581072
CCDC163	0	0
C8orf74	0	7923231.67713081
PAK5	1631437.79187806	604935.678019204
SLC25A22	41283011.8380351	0
SLX4	2851296.76231223	0
MBP	0	3011896.46709663
NR2C2AP	0	2017967.34273231
IL15RA	0	0
ZNF629	6933636.48689267	4469075.00497644
HYDIN	0	0
GTF3A	8869057.11398244	0
PAG1	0	0
ANKRD37	1032055.09662088	0
ZNF775	2472461.37700503	0
LYSMD1	0	0
LOXL4	395964.024467562	0
MSANTD3	0	0
PRICKLE4	0	8055199.01016792
AIF1L	0	0
ACVR2B	39029314.4404833	0
HEYL	14991655.0281776	0
EAF2	291050.933501035	0
RFLNB	0	11174580.1575172
SCAMP1	0	0
HDHD2	605186.103889061	19919846.3787297
TMC6	0	658089.917611047
GABRD	5671049.403165	0
TMEM38A	0	330721.056218071
DCAF12L1	0	0
ALDH5A1	0	0
SYT5	0	3196845.76261557
NDUFS6	236224808.908756	0
FBXO47	0	9020590.59401491
SMCO3	0	0
RSPH3	38615521.0735889	0
ETNPPL	0	11496177.5868644
SIRPA	160321261.183972	0
DYNLT3	0	0
MTERF2	0	0
SLC25A48	0	0
MDFI	0	0
PIWIL2	0	0
ITLN2	671925.043442729	2023209.74518982
NAT14	941259.214215183	0
PINX1	0	3116919.40728876
SOX3	404182.386606759	0
KIR3DL2	0	0
NPIPA9	0	5167632.32497037
BARHL2	9738774.89328165	0
B3GAT1	5258788.1405077	0
ZBTB41	2179948.84356092	3158697.53835026
TGFA	5694166.59177079	2989865.29833772
NUDT13	12194095.1385747	0
HVCN1	0	0
CLDN23	0	0
TLR6	0	0
KCNQ1	2188101.11228182	0
SOX21	0	0
CX3CL1	7245203.96260301	0
SLC9A2	0	4211705.96204662
MCOLN3	25160225.2429671	0
RAB44	1256476.07311692	0
CCDC24	0	1660488.37624159
TSPAN15	0	0
RSPH10B2	0	0
PI15	0	0
MLXIPL	288924386.455973	0
CHRNA3	0	0
STX12	0	5032292.89102064
ZNF660	0	6327817.39973994
CYP4F22	0	0
ADRA1B	11562766.7887666	0
SCN10A	0	56857591.0317973
TMX1	27959322.1555732	0
FBP2	0	0
VASH2	0	0
FBXL13	0	0
MRPS25	0	3723882.50889832
COX17	0	7777263.76350068
STX10	0	0
SERHL2	0	0
RAPSN	0	0
APLF	0	0
CD4	0	0
ITGB8	0	0
SLC39A13	3252485.45027092	0
SMIM3	0	0
RNFT2	204566.607479608	23798127.5378668
SIDT2	0	0
RGL2	9094018.60284451	0
NETO2	0	0
BDKRB1	0	0
IL24	14092135.446819	0
GFRA1	1373584.93868142	0
CFAP45	0	11480110.231108
LINC00472	10218397.1178588	0
ZNF32	0	572167.430255528
0	6250300.86619649	0
FAM184A	308457.740175632	0
DPH7	0	7669092.29303213
ADAT3	13163691.5130854	0
LHX6	0	0
FGF8	0	0
LRRC10B	278506320.373124	0
RTL3	2321042.76193263	0
0	0	0
ZFPM2	0	2695638.50956772
FIBCD1	0	0
B3GNT7	182073.590308147	0
CCDC106	2361974.0523834	0
PLPPR5	1310492.8330063	0
RFXANK	17068367.1393912	262218.137141972
SLC16A14	0	0
SLC9A3	0	643674.911833416
BCL2L13	0	0
SVOPL	0	0
NAALADL2	0	0
ZNF821	0	1953693.24374489
DXO	3420792.8974538	0
MTAP	0	0
ZNF540	7978080.40548239	0
POLR1G	0	0
NTM	0	0
RBM11	0	0
ANAPC11	0	0
FOXA1	2001888.22442032	0
GKAP1	0	0
GOLPH3	0	4208718.93948004
RNF6	0	0
CTAGE9	2002206.10722691	0
CHFR	0	1169645.59476406
USP21	3534636.67097087	0
ZNF200	24977181.141974	0
SPAG1	0	0
SLC43A1	3623483.63131829	5632333.8291168
CCDC63	0	3076574.8637859
HOXB13	2829622.77365843	0
HCN3	147982052.281966	0
ZNF510	359779.072581079	3831015.82615563
BRI3	2373424.3572181	0
MAP1LC3B2	0	1822183.48437555
PDHA2	0	0
ANKRD20A4P	0	0
H2AL3	0	43299590.4784704
P4HA3	566243.83127939	0
PNPLA1	0	0
CNGA1	509917.275684563	0
STEEP1	0	22081358.2112217
TMPRSS9	2740705.02569027	0
TATDN3	0	0
CHST2	0	775581.56843936
ARRDC1-AS1	11033629.4207978	8106244.92077745
SEMA5B	0	0
CYTL1	0	0
TNFRSF13C	7398830.9714635	1295592.46294472
MUC4	0	4935393.93253834
CALCOCO2	2246744.805282	3721018.38449324
ADCK5	10811492.2683628	0
PRDX2	0	0
SHE	8592017.60644778	19046654.4499117
0	9755663.46983723	0
EOMES	0	0
OTULINL	898643.355447563	0
PPP1R3D	14851881.2899751	3073120.23423928
PRSS3	0	0
TBC1D30	6242271.96788151	0
BEX2	12942794.0815252	0
PPARGC1B	0	0
KREMEN1	99512856.5213726	0
MMAA	0	0
0	0	872859.678664473
LYPD1	0	0
ZNF48	64650353.1634553	0
PIK3R6	0	0
INPP1	0	0
0	0	0
HOXC12	565631.064237506	1120190.02365269
HLA-DQA1	802979.850647136	0
PDE11A	0	0
MAK	0	2431986.63334986
ADCY4	0	0
RNASEH1	0	0
ZNF367	7644596.35617581	0
MDGA1	0	0
BFSP1	0	2477134.09096459
TAS2R41	0	0
PAGE2B	0	657848.500127397
HEMK2	6840637.95332994	1386570.11981398
MVD	7817221.74577372	0
RASL10A	3762540.10822918	0
ZNF333	0	1775359.90936658
ZBTB7C	0	0
CLVS2	0	0
TRPC6	120731907.068003	0
HTR7	0	11145289.1947395
EML2	0	0
CXXC4	11204405.4873909	0
EPYC	0	0
VAT1L	890081.08462867	0
S1PR2	0	14961122.7685965
LRATD1	0	0
PKD1L1-AS1	1153954.31840674	0
DNAJC8	0	13163912.042379
ZDHHC18	0	50420419.7570828
BBIP1	2793715.92367398	0
FOXE1	0	0
NPC1L1	0	0
SYT15B	0	3407065.74581723
BAD	398859.488386573	0
CCNA1	0	0
ROBO2	3640644.95330461	0
MELTF	1615354.03851982	0
PRAMEF12	0	2264676.2141515
TMT1A	0	0
MANBAL	1407034.42279961	0
GPRIN1	9185167.11379725	0
UBE2G1	0	0
ITGAE	0	0
ART5	567854.165487529	182048.649027611
CDPF1	0	0
0	0	0
PPDPF	0	0
SPANXB1	0	0
ELFN2	0	0
KCNA4	0	0
RGS11	10148936.3287902	0
sspA	0	0
ARMC6	56227347.6824601	0
OSER1	0	0
MEOX1	0	0
CXCL10	0	0
FXYD6	0	0
SLC25A19	0	903945.26803721
SLC16A9	7495644.81460857	0
CMTM7	10531217.884064	0
PTPN9	49917441.9477214	0
SPATA6	0	0
COPS7B	0	775695.665998442
FOLR1	0	1444549.77786005
SRGN	5793686.60184543	12911845.5901812
SNCB	0	0
CRYAB	0	26192316.8604045
MAP2K4	0	2288686.03428214
B4GALNT3	0	0
TNFRSF25	0	0
RASSF2	0	0
FTHL17	0	0
SLC11A2	0	0
SPRYD7	0	0
SCUBE3	0	0
C17orf113	11087683.9628663	2138471.35090839
RNF141	1256542.12259784	7017357.97869922
KLHL33	377322.591315784	0
ZDHHC16	7666129.46809558	1678477.37417642
CD7	0	0
SPTBN5	0	0
PIAS4	1710923.85812246	6581993.17520665
ZNG1F	262072.307736161	0
GIMAP7	0	371009246.010406
RABEPK	19756635.6287225	0
TAMM41	0	0
NANOGNB	0	131144.2987385
SH3YL1	0	12800887.3046565
MMP1	2826390.29811813	0
NEK10	0	0
CNIH1	24425258.4931644	0
CGNL1	0	0
C9	0	0
IFNAR2	0	872038.791152811
KCMF1	0	0
0	2996641.07336025	4279198.94056358
0	0	6382922.98007563
LNX1	4355924.92377238	0
FAM89B	3985946.58129032	0
PCGF6	0	0
SHPK	0	0
MEI1	54658760.9952538	224859594.19034
FAM186B	0	2325440.03545681
TBRG1	0	2912435.81000295
CPXCR1	0	0
GJB1	6904658.91245413	0
ITGA9	7173165.29762309	0
